source,source_url,page,column,prefecture,municipality,district,name,store_area_raw,store_area_sqm,open_date_raw,open_year,open_month,ocr_confidence_avg,parse_warnings,match_key,lat,lon,address,coordinate_source,coordinate_confidence,coordinate_source_url,coordinate_notes,query,candidate_status,candidate_name,candidate_display_name,candidate_lat,candidate_lon,candidate_url,unresolved_reason
jcsc_pdf,https://www.jcsc.or.jp/wpjcsc/wp-content/uploads/2026/05/35212d5b060e16d7f8db21681d51d151.pdf,14,left,愛知県,日進市,,店,22.983,22983.0,1999年4月,1999.0,4.0,0.7667,prefecture_inferred_from_municipality,愛知県|店,35.13598252364865,137.0461274054054,,municipality_representative,low,,,店 愛知県 日進市 / 店 愛知県 / 店,unresolved,,,,,https://nominatim.openstreetmap.org/search?q=%E5%BA%97&format=jsonv2&limit=5&addressdetails=1&countrycodes=jp,no_name_prefecture_matched_candidate
jcsc_pdf,https://www.jcsc.or.jp/wpjcsc/wp-content/uploads/2026/05/35212d5b060e16d7f8db21681d51d151.pdf,7,left,千葉県,流山市,江東区,イオン東店,17.089,17089.0,2003年10月,2003.0,10.0,0.7667,prefecture_inferred_from_municipality,千葉県|イオン東店,35.86814102238806,139.91512308208954,,municipality_representative,low,,,イオン東店,added,イオン,"イオン, スロープ, 小金きよしケ丘一丁目, 松戸市, 千葉県, 270-0014, 日本",35.8326560,139.9317169,https://nominatim.openstreetmap.org/search?q=%E3%82%A4%E3%82%AA%E3%83%B3%E6%9D%B1%E5%BA%97&format=jsonv2&limit=5&addressdetails=1&countrycodes=jp,
jcsc_pdf,https://www.jcsc.or.jp/wpjcsc/wp-content/uploads/2026/05/35212d5b060e16d7f8db21681d51d151.pdf,17,right,兵庫県,芦屋市,,竹園),16.784,16784.0,1986年11月,1986.0,11.0,0.8333,prefecture_inferred_from_municipality,兵庫県|竹園,34.73247583333333,135.30706595,,municipality_representative,low,,,竹園) 兵庫県 芦屋市 / 竹園) 兵庫県 / 竹園),unresolved,,,,,https://nominatim.openstreetmap.org/search?q=%E7%AB%B9%E5%9C%92%29&format=jsonv2&limit=5&addressdetails=1&countrycodes=jp,no_name_prefecture_matched_candidate
jcsc_pdf,https://www.jcsc.or.jp/wpjcsc/wp-content/uploads/2026/05/35212d5b060e16d7f8db21681d51d151.pdf,16,right,大阪府,八尾市,,・八尾,15.516,15516.0,2003年7月,2003.0,7.0,0.8333,prefecture_inferred_from_municipality,大阪府|八尾,34.62223412202853,135.61102528684629,,municipality_representative,low,,,・八尾 大阪府 八尾市,added,八尾空港,"八尾空港, 八尾道明寺線, 弓削町南一丁目, 八尾市, 大阪府, 581-0031, 日本",34.5973394,135.5989544,https://nominatim.openstreetmap.org/search?q=%E3%83%BB%E5%85%AB%E5%B0%BE+%E5%A4%A7%E9%98%AA%E5%BA%9C+%E5%85%AB%E5%B0%BE%E5%B8%82&format=jsonv2&limit=5&addressdetails=1&countrycodes=jp,
jcsc_pdf,https://www.jcsc.or.jp/wpjcsc/wp-content/uploads/2026/05/35212d5b060e16d7f8db21681d51d151.pdf,2,left,青森県,五所川原市,,金木タウンセンター NOA (金木タウンセンターノア),"14,948",14948.0,2000年11月,2000.0,11.0,0.75,prefecture_inferred_from_municipality,青森県|金木タウンセンターnoa金木タウンセンターノア,40.8139256,140.46816682142858,,municipality_representative,low,,,金木タウンセンター NOA (金木タウンセンターノア) 青森県 五所川原市 / 金木タウンセンター NOA (金木タウンセンターノア) 青森県 / 金木タウンセンター NOA (金木タウンセンターノア),unresolved,,,,,https://nominatim.openstreetmap.org/search?q=%E9%87%91%E6%9C%A8%E3%82%BF%E3%82%A6%E3%83%B3%E3%82%BB%E3%83%B3%E3%82%BF%E3%83%BC+NOA+%28%E9%87%91%E6%9C%A8%E3%82%BF%E3%82%A6%E3%83%B3%E3%82%BB%E3%83%B3%E3%82%BF%E3%83%BC%E3%83%8E%E3%82%A2%29&format=jsonv2&limit=5&addressdetails=1&countrycodes=jp,no_name_prefecture_matched_candidate
jcsc_pdf,https://www.jcsc.or.jp/wpjcsc/wp-content/uploads/2026/05/35212d5b060e16d7f8db21681d51d151.pdf,16,right,大阪府,枚方市,,枚方,"14,942",14942.0,1970年7月,1970.0,7.0,0.875,prefecture_inferred_from_municipality,大阪府|枚方,34.82027844556962,135.6776908658228,,municipality_representative,low,,,枚方 大阪府 枚方市,added,枚方市,"枚方市, 山之上高田線, 大垣内町一丁目, 枚方市, 大阪府, 573-8666, 日本",34.8161625,135.6486798,https://nominatim.openstreetmap.org/search?q=%E6%9E%9A%E6%96%B9+%E5%A4%A7%E9%98%AA%E5%BA%9C+%E6%9E%9A%E6%96%B9%E5%B8%82&format=jsonv2&limit=5&addressdetails=1&countrycodes=jp,
jcsc_pdf,https://www.jcsc.or.jp/wpjcsc/wp-content/uploads/2026/05/35212d5b060e16d7f8db21681d51d151.pdf,16,left,京都府,亀岡市,中央区,クリスタ知,8.653,8653.0,1997年5月,1997.0,5.0,0.8333,,京都府|クリスタ知,35.021998969303425,135.5607872798111,,municipality_representative,low,,,クリスタ知 京都府 亀岡市 / クリスタ知 京都府 / クリスタ知,unresolved,,,,,https://nominatim.openstreetmap.org/search?q=%E3%82%AF%E3%83%AA%E3%82%B9%E3%82%BF%E7%9F%A5&format=jsonv2&limit=5&addressdetails=1&countrycodes=jp,no_name_prefecture_matched_candidate
jcsc_pdf,https://www.jcsc.or.jp/wpjcsc/wp-content/uploads/2026/05/35212d5b060e16d7f8db21681d51d151.pdf,12,left,岐阜県,山県市,,平和堂高宮店,8.643,8643.0,1995年11月,1995.0,11.0,0.75,,岐阜県|平和堂高宮店,35.56052841463415,136.75848814634148,,municipality_representative,low,,,平和堂高宮店 岐阜県 山県市 / 平和堂高宮店 岐阜県 / 平和堂高宮店,unresolved,,,,,https://nominatim.openstreetmap.org/search?q=%E5%B9%B3%E5%92%8C%E5%A0%82%E9%AB%98%E5%AE%AE%E5%BA%97&format=jsonv2&limit=5&addressdetails=1&countrycodes=jp,no_name_prefecture_matched_candidate
jcsc_pdf,https://www.jcsc.or.jp/wpjcsc/wp-content/uploads/2026/05/35212d5b060e16d7f8db21681d51d151.pdf,17,right,大阪府,門真市,西区,セリオ,"8,400",8400.0,1993年3月,1993.0,3.0,0.8333,prefecture_inferred_from_municipality,大阪府|セリオ,34.733592379310345,135.60040022988505,,municipality_representative,low,,,セリオ 大阪府,added,セリオ蔵前,"セリオ蔵前, 堺大和高田線, 蔵前町一丁, 北区, 堺市, 大阪府, 590-0078, 日本",34.5758819,135.5128469,https://nominatim.openstreetmap.org/search?q=%E3%82%BB%E3%83%AA%E3%82%AA+%E5%A4%A7%E9%98%AA%E5%BA%9C&format=jsonv2&limit=5&addressdetails=1&countrycodes=jp,
jcsc_pdf,https://www.jcsc.or.jp/wpjcsc/wp-content/uploads/2026/05/35212d5b060e16d7f8db21681d51d151.pdf,10,right,新潟県,新潟市北区,秋菜区,タウン403,8.226,8226.0,2000年8月,2000.0,8.0,1.0,,新潟県|タウン403,37.870737495703544,139.0584532529538,,municipality_representative,low,,,タウン403 新潟県 新潟市北区 / タウン403 新潟県 / タウン403,unresolved,,,,,https://nominatim.openstreetmap.org/search?q=%E3%82%BF%E3%82%A6%E3%83%B3403&format=jsonv2&limit=5&addressdetails=1&countrycodes=jp,no_name_prefecture_matched_candidate
jcsc_pdf,https://www.jcsc.or.jp/wpjcsc/wp-content/uploads/2026/05/35212d5b060e16d7f8db21681d51d151.pdf,17,left,大阪府,阪南市,,南海ショッピングデパート,"8,172",8172.0,1974年6月,1974.0,6.0,0.875,prefecture_inferred_from_municipality,大阪府|南海ショッピングデパート,34.3434828125,135.23660179166666,,municipality_representative,low,,,南海ショッピングデパート 大阪府 阪南市 / 南海ショッピングデパート 大阪府 / 南海ショッピングデパート,unresolved,,,,,https://nominatim.openstreetmap.org/search?q=%E5%8D%97%E6%B5%B7%E3%82%B7%E3%83%A7%E3%83%83%E3%83%94%E3%83%B3%E3%82%B0%E3%83%87%E3%83%91%E3%83%BC%E3%83%88&format=jsonv2&limit=5&addressdetails=1&countrycodes=jp,no_name_prefecture_matched_candidate
jcsc_pdf,https://www.jcsc.or.jp/wpjcsc/wp-content/uploads/2026/05/35212d5b060e16d7f8db21681d51d151.pdf,20,right,愛媛県,伊予郡砥部町,,リバーサイドショッピングセンター,"8,018",8018.0,1993年3月,1993.0,3.0,0.875,,山口県|リバーサイドショッピングセンター,33.72428190322581,132.78689154838708,,municipality_representative,low,,prefecture_inferred_from_municipality,リバーサイドショッピングセンター 愛媛県 伊予郡砥部町 / リバーサイドショッピングセンター 愛媛県 / リバーサイドショッピングセンター,unresolved,,,,,https://nominatim.openstreetmap.org/search?q=%E3%83%AA%E3%83%90%E3%83%BC%E3%82%B5%E3%82%A4%E3%83%89%E3%82%B7%E3%83%A7%E3%83%83%E3%83%94%E3%83%B3%E3%82%B0%E3%82%BB%E3%83%B3%E3%82%BF%E3%83%BC&format=jsonv2&limit=5&addressdetails=1&countrycodes=jp,no_name_prefecture_matched_candidate
jcsc_pdf,https://www.jcsc.or.jp/wpjcsc/wp-content/uploads/2026/05/35212d5b060e16d7f8db21681d51d151.pdf,18,right,島根県,出雲市,,ラピタ本店,7.690,7690.0,1989年9月,1989.0,9.0,0.7667,prefecture_inferred_from_municipality,島根県|ラピタ本店,35.36779286607143,132.75687679464286,,municipality_representative,low,,,ラピタ本店 島根県 出雲市 / ラピタ本店 島根県 / ラピタ本店,unresolved,,,,,https://nominatim.openstreetmap.org/search?q=%E3%83%A9%E3%83%94%E3%82%BF%E6%9C%AC%E5%BA%97&format=jsonv2&limit=5&addressdetails=1&countrycodes=jp,no_name_prefecture_matched_candidate
jcsc_pdf,https://www.jcsc.or.jp/wpjcsc/wp-content/uploads/2026/05/35212d5b060e16d7f8db21681d51d151.pdf,3,left,山形県,飽海郡遊佐町,,遊佐ショッピングセンターエルバ,7.680,7680.0,1992年6月,1992.0,6.0,0.875,,茨城県|遊佐ショッピングセンターエルバ,39.03177032456141,139.9029042631579,,municipality_representative,low,,prefecture_inferred_from_municipality,遊佐ショッピングセンターエルバ 山形県 飽海郡遊佐町 / 遊佐ショッピングセンターエルバ 山形県 / 遊佐ショッピングセンターエルバ,unresolved,,,,,https://nominatim.openstreetmap.org/search?q=%E9%81%8A%E4%BD%90%E3%82%B7%E3%83%A7%E3%83%83%E3%83%94%E3%83%B3%E3%82%B0%E3%82%BB%E3%83%B3%E3%82%BF%E3%83%BC%E3%82%A8%E3%83%AB%E3%83%90&format=jsonv2&limit=5&addressdetails=1&countrycodes=jp,no_name_prefecture_matched_candidate
jcsc_pdf,https://www.jcsc.or.jp/wpjcsc/wp-content/uploads/2026/05/35212d5b060e16d7f8db21681d51d151.pdf,3,right,茨城県,つくば市,,デイズタウンつくば,7.663,7663.0,2005年3月,2005.0,3.0,0.8333,,茨城県|デイズタウンつくば,36.080324517684886,140.09107936012862,,municipality_representative,low,,,デイズタウンつくば 茨城県 つくば市 / デイズタウンつくば 茨城県 / デイズタウンつくば,unresolved,,,,,https://nominatim.openstreetmap.org/search?q=%E3%83%87%E3%82%A4%E3%82%BA%E3%82%BF%E3%82%A6%E3%83%B3%E3%81%A4%E3%81%8F%E3%81%B0&format=jsonv2&limit=5&addressdetails=1&countrycodes=jp,no_name_prefecture_matched_candidate
jcsc_pdf,https://www.jcsc.or.jp/wpjcsc/wp-content/uploads/2026/05/35212d5b060e16d7f8db21681d51d151.pdf,15,right,大阪府,大阪市浪速区,浪速区,OCATモール(オーキャットモール),7.653,7653.0,1996年3月,1996.0,3.0,0.875,municipality_missing,京都府|ocatモールオーキャットモール,34.65968408064516,135.49572119354838,,municipality_representative,low,,municipality_alias,OCATモール(オーキャットモール) 大阪府 大阪市浪速区 / OCATモール(オーキャットモール) 大阪府 / OCATモール(オーキャットモール),unresolved,,,,,https://nominatim.openstreetmap.org/search?q=OCAT%E3%83%A2%E3%83%BC%E3%83%AB%28%E3%82%AA%E3%83%BC%E3%82%AD%E3%83%A3%E3%83%83%E3%83%88%E3%83%A2%E3%83%BC%E3%83%AB%29&format=jsonv2&limit=5&addressdetails=1&countrycodes=jp,no_name_prefecture_matched_candidate
jcsc_pdf,https://www.jcsc.or.jp/wpjcsc/wp-content/uploads/2026/05/35212d5b060e16d7f8db21681d51d151.pdf,11,right,福井県,坂井市,,みくにショッピングワールド・イーザ,"7,645",7645.0,1973年11月,1973.0,11.0,0.875,prefecture_inferred_from_municipality,福井県|みくにショッピングワールドイーザ,36.164092193905816,136.22508547922436,,municipality_representative,low,,,みくにショッピングワールド・イーザ 福井県 坂井市 / みくにショッピングワールド・イーザ 福井県 / みくにショッピングワールド・イーザ,unresolved,,,,,https://nominatim.openstreetmap.org/search?q=%E3%81%BF%E3%81%8F%E3%81%AB%E3%82%B7%E3%83%A7%E3%83%83%E3%83%94%E3%83%B3%E3%82%B0%E3%83%AF%E3%83%BC%E3%83%AB%E3%83%89%E3%83%BB%E3%82%A4%E3%83%BC%E3%82%B6&format=jsonv2&limit=5&addressdetails=1&countrycodes=jp,no_name_prefecture_matched_candidate
jcsc_pdf,https://www.jcsc.or.jp/wpjcsc/wp-content/uploads/2026/05/35212d5b060e16d7f8db21681d51d151.pdf,13,right,愛知県,名古屋市東区,東区,ビアゴ植田店,7.623,7623.0,1987年1月,1987.0,1.0,0.7667,,愛知県|ビアゴ植田店,35.18257210344827,136.9308819770115,,municipality_representative,low,,,ビアゴ植田店 愛知県 名古屋市東区 / ビアゴ植田店 愛知県 / ビアゴ植田店,unresolved,,,,,https://nominatim.openstreetmap.org/search?q=%E3%83%93%E3%82%A2%E3%82%B4%E6%A4%8D%E7%94%B0%E5%BA%97&format=jsonv2&limit=5&addressdetails=1&countrycodes=jp,no_name_prefecture_matched_candidate
jcsc_pdf,https://www.jcsc.or.jp/wpjcsc/wp-content/uploads/2026/05/35212d5b060e16d7f8db21681d51d151.pdf,17,left,兵庫県,神戸市須磨区,須磨区,LUCCA名谷 (ルッカ名谷),7.621,7621.0,2010年4月,2010.0,4.0,0.7667,prefecture_inferred_from_municipality,兵庫県|lucca名谷ルッカ名谷,34.667084840404044,135.11547244040403,,municipality_representative,low,,,LUCCA名谷 (ルッカ名谷) 兵庫県 神戸市須磨区 / LUCCA名谷 (ルッカ名谷) 兵庫県 / LUCCA名谷 (ルッカ名谷),unresolved,,,,,https://nominatim.openstreetmap.org/search?q=LUCCA%E5%90%8D%E8%B0%B7+%28%E3%83%AB%E3%83%83%E3%82%AB%E5%90%8D%E8%B0%B7%29&format=jsonv2&limit=5&addressdetails=1&countrycodes=jp,no_name_prefecture_matched_candidate
jcsc_pdf,https://www.jcsc.or.jp/wpjcsc/wp-content/uploads/2026/05/35212d5b060e16d7f8db21681d51d151.pdf,7,left,千葉県,流山市,新宿区,NEWOMAN新宿(ニュウマン新宿),7.600,7600.0,2016年3月,2016.0,3.0,0.8333,prefecture_inferred_from_municipality,千葉県|newoman新宿ニュウマン新宿,35.86814102238806,139.91512308208954,,municipality_representative,low,,,NEWOMAN新宿(ニュウマン新宿) 千葉県 流山市 / NEWOMAN新宿(ニュウマン新宿) 千葉県 / NEWOMAN新宿(ニュウマン新宿),unresolved,,,,,https://nominatim.openstreetmap.org/search?q=NEWOMAN%E6%96%B0%E5%AE%BF%28%E3%83%8B%E3%83%A5%E3%82%A6%E3%83%9E%E3%83%B3%E6%96%B0%E5%AE%BF%29&format=jsonv2&limit=5&addressdetails=1&countrycodes=jp,no_name_prefecture_matched_candidate
jcsc_pdf,https://www.jcsc.or.jp/wpjcsc/wp-content/uploads/2026/05/35212d5b060e16d7f8db21681d51d151.pdf,12,left,静岡県,静岡市葵区,葵区,アスティ静岡,7.600,7600.0,1991年7月,1991.0,7.0,0.8333,prefecture_inferred_from_municipality,静岡県|アスティ静岡,35.01291987530563,138.36859088508558,,municipality_representative,low,,,アスティ静岡 静岡県 静岡市葵区 / アスティ静岡 静岡県 / アスティ静岡,unresolved,,,,,https://nominatim.openstreetmap.org/search?q=%E3%82%A2%E3%82%B9%E3%83%86%E3%82%A3%E9%9D%99%E5%B2%A1&format=jsonv2&limit=5&addressdetails=1&countrycodes=jp,no_name_prefecture_matched_candidate
jcsc_pdf,https://www.jcsc.or.jp/wpjcsc/wp-content/uploads/2026/05/35212d5b060e16d7f8db21681d51d151.pdf,12,right,静岡県,浜松市中区,,遠鉄ショッピングタウン リブロス笠井,7.593,7593.0,1996年7月,1996.0,7.0,0.8333,municipality_missing,岐阜県|遠鉄ショッピングタウンリブロス笠井,34.72289641450777,137.72618210362694,,municipality_representative,low,,municipality_alias|fuzzy_municipality,遠鉄ショッピングタウン リブロス笠井 静岡県 浜松市中区 / 遠鉄ショッピングタウン リブロス笠井 静岡県 / 遠鉄ショッピングタウン リブロス笠井,unresolved,,,,,https://nominatim.openstreetmap.org/search?q=%E9%81%A0%E9%89%84%E3%82%B7%E3%83%A7%E3%83%83%E3%83%94%E3%83%B3%E3%82%B0%E3%82%BF%E3%82%A6%E3%83%B3+%E3%83%AA%E3%83%96%E3%83%AD%E3%82%B9%E7%AC%A0%E4%BA%95&format=jsonv2&limit=5&addressdetails=1&countrycodes=jp,no_name_prefecture_matched_candidate
jcsc_pdf,https://www.jcsc.or.jp/wpjcsc/wp-content/uploads/2026/05/35212d5b060e16d7f8db21681d51d151.pdf,19,left,広島県,広島市安佐南区,安佐南区,フレスポ西風新都,7.585,7585.0,2010年7月,2010.0,7.0,0.8333,municipality_missing,山口県|フレスポ西風新都,34.459577152173914,132.444821625,,municipality_representative,low,,municipality_alias,フレスポ西風新都 広島県 広島市安佐南区 / フレスポ西風新都 広島県 / フレスポ西風新都,unresolved,,,,,https://nominatim.openstreetmap.org/search?q=%E3%83%95%E3%83%AC%E3%82%B9%E3%83%9D%E8%A5%BF%E9%A2%A8%E6%96%B0%E9%83%BD&format=jsonv2&limit=5&addressdetails=1&countrycodes=jp,no_name_prefecture_matched_candidate
jcsc_pdf,https://www.jcsc.or.jp/wpjcsc/wp-content/uploads/2026/05/35212d5b060e16d7f8db21681d51d151.pdf,13,right,愛知県,春日井市,,ライフガーデン勝川、バロー勝川店,"7,548",7548.0,2018年2月,2018.0,2.0,0.8333,,愛知県|ライフガーデン勝川バロー勝川店,35.258045401060066,136.9876340936396,,municipality_representative,low,,,ライフガーデン勝川、バロー勝川店 愛知県 春日井市 / ライフガーデン勝川、バロー勝川店 愛知県 / ライフガーデン勝川、バロー勝川店,unresolved,,,,,https://nominatim.openstreetmap.org/search?q=%E3%83%A9%E3%82%A4%E3%83%95%E3%82%AC%E3%83%BC%E3%83%87%E3%83%B3%E5%8B%9D%E5%B7%9D%E3%80%81%E3%83%90%E3%83%AD%E3%83%BC%E5%8B%9D%E5%B7%9D%E5%BA%97&format=jsonv2&limit=5&addressdetails=1&countrycodes=jp,no_name_prefecture_matched_candidate
jcsc_pdf,https://www.jcsc.or.jp/wpjcsc/wp-content/uploads/2026/05/35212d5b060e16d7f8db21681d51d151.pdf,21,left,愛媛県,西条市,,ベイサイドプレイス博多,"7,500",7500.0,2010年3月,2010.0,3.0,0.8333,prefecture_inferred_from_municipality,愛媛県|ベイサイドプレイス博多,33.89937571257485,133.12346959281436,,municipality_representative,low,,,ベイサイドプレイス博多 愛媛県 西条市 / ベイサイドプレイス博多 愛媛県 / ベイサイドプレイス博多,unresolved,,,,,https://nominatim.openstreetmap.org/search?q=%E3%83%99%E3%82%A4%E3%82%B5%E3%82%A4%E3%83%89%E3%83%97%E3%83%AC%E3%82%A4%E3%82%B9%E5%8D%9A%E5%A4%9A&format=jsonv2&limit=5&addressdetails=1&countrycodes=jp,no_name_prefecture_matched_candidate
jcsc_pdf,https://www.jcsc.or.jp/wpjcsc/wp-content/uploads/2026/05/35212d5b060e16d7f8db21681d51d151.pdf,14,right,滋賀県,近江八幡市,,近江八幡サウスモール,7.485,7485.0,2000年4月,2000.0,4.0,1.0,,滋賀県|近江八幡サウスモール,35.1293353968254,136.09670966666667,,municipality_representative,low,,fuzzy_municipality,近江八幡サウスモール 滋賀県 近江八幡市 / 近江八幡サウスモール 滋賀県 / 近江八幡サウスモール,unresolved,,,,,https://nominatim.openstreetmap.org/search?q=%E8%BF%91%E6%B1%9F%E5%85%AB%E5%B9%A1%E3%82%B5%E3%82%A6%E3%82%B9%E3%83%A2%E3%83%BC%E3%83%AB&format=jsonv2&limit=5&addressdetails=1&countrycodes=jp,no_name_prefecture_matched_candidate
jcsc_pdf,https://www.jcsc.or.jp/wpjcsc/wp-content/uploads/2026/05/35212d5b060e16d7f8db21681d51d151.pdf,3,right,茨城県,土浦市,,PLAYatre TSUCHIURA (プレイアトレ土浦),7.475,7475.0,2009年7月,2009.0,7.0,0.8333,,茨城県|playatretsuchiuraプレイアトレ土浦,36.08455113705583,140.19320479695432,,municipality_representative,low,,,PLAYatre TSUCHIURA (プレイアトレ土浦) 茨城県 土浦市 / PLAYatre TSUCHIURA (プレイアトレ土浦) 茨城県 / PLAYatre TSUCHIURA (プレイアトレ土浦),unresolved,,,,,https://nominatim.openstreetmap.org/search?q=PLAYatre+TSUCHIURA+%28%E3%83%97%E3%83%AC%E3%82%A4%E3%82%A2%E3%83%88%E3%83%AC%E5%9C%9F%E6%B5%A6%29&format=jsonv2&limit=5&addressdetails=1&countrycodes=jp,no_name_prefecture_matched_candidate
jcsc_pdf,https://www.jcsc.or.jp/wpjcsc/wp-content/uploads/2026/05/35212d5b060e16d7f8db21681d51d151.pdf,15,left,京都府,綾部市,,バザールタウン綾部 アスパ,7.472,7472.0,1985年10月,1985.0,10.0,0.75,,京都府|バザールタウン綾部アスパ,35.311420434673366,135.25760230276381,,municipality_representative,low,,,バザールタウン綾部 アスパ 京都府 綾部市 / バザールタウン綾部 アスパ 京都府 / バザールタウン綾部 アスパ,unresolved,,,,,https://nominatim.openstreetmap.org/search?q=%E3%83%90%E3%82%B6%E3%83%BC%E3%83%AB%E3%82%BF%E3%82%A6%E3%83%B3%E7%B6%BE%E9%83%A8+%E3%82%A2%E3%82%B9%E3%83%91&format=jsonv2&limit=5&addressdetails=1&countrycodes=jp,no_name_prefecture_matched_candidate
jcsc_pdf,https://www.jcsc.or.jp/wpjcsc/wp-content/uploads/2026/05/35212d5b060e16d7f8db21681d51d151.pdf,4,left,茨城県,稲敷郡阿見町,,ピアシティ荒川本郷,"7,461",7461.0,2007年9月,2007.0,9.0,0.8333,,茨城県|ピアシティ荒川本郷,36.01962257894737,140.22099542105263,,municipality_representative,low,,,ピアシティ荒川本郷 茨城県 稲敷郡阿見町 / ピアシティ荒川本郷 茨城県 / ピアシティ荒川本郷,unresolved,,,,,https://nominatim.openstreetmap.org/search?q=%E3%83%94%E3%82%A2%E3%82%B7%E3%83%86%E3%82%A3%E8%8D%92%E5%B7%9D%E6%9C%AC%E9%83%B7&format=jsonv2&limit=5&addressdetails=1&countrycodes=jp,no_name_prefecture_matched_candidate
jcsc_pdf,https://www.jcsc.or.jp/wpjcsc/wp-content/uploads/2026/05/35212d5b060e16d7f8db21681d51d151.pdf,18,right,岡山県,岡山市北区,北区,プランチ岡山北長瀬,7.453,7453.0,2019年6月,2019.0,6.0,0.8333,,岡山県|プランチ岡山北長瀬,34.69374775609756,133.89983444634146,,municipality_representative,low,,,プランチ岡山北長瀬 岡山県 岡山市北区 / プランチ岡山北長瀬 岡山県 / プランチ岡山北長瀬,unresolved,,,,,https://nominatim.openstreetmap.org/search?q=%E3%83%97%E3%83%A9%E3%83%B3%E3%83%81%E5%B2%A1%E5%B1%B1%E5%8C%97%E9%95%B7%E7%80%AC&format=jsonv2&limit=5&addressdetails=1&countrycodes=jp,no_name_prefecture_matched_candidate
jcsc_pdf,https://www.jcsc.or.jp/wpjcsc/wp-content/uploads/2026/05/35212d5b060e16d7f8db21681d51d151.pdf,5,left,埼玉県,草加市,,MATSUBARA TERRACE,"7,427",7427.0,2021年11月,2021.0,11.0,1.0,prefecture_inferred_from_municipality,埼玉県|matsubaraterrace,35.83825174789916,139.80054673109242,,municipality_representative,low,,,MATSUBARA TERRACE 埼玉県 草加市 / MATSUBARA TERRACE 埼玉県 / MATSUBARA TERRACE,unresolved,,,,,https://nominatim.openstreetmap.org/search?q=MATSUBARA+TERRACE&format=jsonv2&limit=5&addressdetails=1&countrycodes=jp,no_name_prefecture_matched_candidate
jcsc_pdf,https://www.jcsc.or.jp/wpjcsc/wp-content/uploads/2026/05/35212d5b060e16d7f8db21681d51d151.pdf,18,left,兵庫県,宝塚市,,ピピア めふ],7.405,7405.0,1999年10月,1999.0,10.0,0.7667,prefecture_inferred_from_municipality,兵庫県|ピピアめふ,34.84602734841629,135.34346236425338,,municipality_representative,low,,,ピピア めふ] 兵庫県 宝塚市 / ピピア めふ] 兵庫県 / ピピア めふ],unresolved,,,,,https://nominatim.openstreetmap.org/search?q=%E3%83%94%E3%83%94%E3%82%A2+%E3%82%81%E3%81%B5%5D&format=jsonv2&limit=5&addressdetails=1&countrycodes=jp,no_name_prefecture_matched_candidate
jcsc_pdf,https://www.jcsc.or.jp/wpjcsc/wp-content/uploads/2026/05/35212d5b060e16d7f8db21681d51d151.pdf,10,right,新潟県,長岡市,,CoCoLO長岡(ココロ長岡),7.402,7402.0,1980年7月,1980.0,7.0,0.75,,新潟県|cocolo長岡ココロ長岡,37.47037010103092,138.84770269690722,,municipality_representative,low,,,CoCoLO長岡(ココロ長岡) 新潟県 長岡市 / CoCoLO長岡(ココロ長岡) 新潟県 / CoCoLO長岡(ココロ長岡),unresolved,,,,,https://nominatim.openstreetmap.org/search?q=CoCoLO%E9%95%B7%E5%B2%A1%28%E3%82%B3%E3%82%B3%E3%83%AD%E9%95%B7%E5%B2%A1%29&format=jsonv2&limit=5&addressdetails=1&countrycodes=jp,no_name_prefecture_matched_candidate
jcsc_pdf,https://www.jcsc.or.jp/wpjcsc/wp-content/uploads/2026/05/35212d5b060e16d7f8db21681d51d151.pdf,5,left,埼玉県,本庄市,,ベスタ本庄寿,"7,400",7400.0,2012年7月,2012.0,7.0,0.7667,prefecture_inferred_from_municipality,埼玉県|ベスタ本庄寿,36.22776670748299,139.17422437414965,,municipality_representative,low,,,ベスタ本庄寿 埼玉県 本庄市 / ベスタ本庄寿 埼玉県 / ベスタ本庄寿,unresolved,,,,,https://nominatim.openstreetmap.org/search?q=%E3%83%99%E3%82%B9%E3%82%BF%E6%9C%AC%E5%BA%84%E5%AF%BF&format=jsonv2&limit=5&addressdetails=1&countrycodes=jp,no_name_prefecture_matched_candidate
jcsc_pdf,https://www.jcsc.or.jp/wpjcsc/wp-content/uploads/2026/05/35212d5b060e16d7f8db21681d51d151.pdf,5,left,埼玉県,入間市,,グリーンガーデン武蔵膝沢,7.400,7400.0,2005年6月,2005.0,6.0,0.8333,prefecture_inferred_from_municipality,埼玉県|グリーンガーデン武蔵膝沢,35.825972075268815,139.37996789247313,,municipality_representative,low,,,グリーンガーデン武蔵膝沢 埼玉県 入間市 / グリーンガーデン武蔵膝沢 埼玉県 / グリーンガーデン武蔵膝沢,unresolved,,,,,https://nominatim.openstreetmap.org/search?q=%E3%82%B0%E3%83%AA%E3%83%BC%E3%83%B3%E3%82%AC%E3%83%BC%E3%83%87%E3%83%B3%E6%AD%A6%E8%94%B5%E8%86%9D%E6%B2%A2&format=jsonv2&limit=5&addressdetails=1&countrycodes=jp,no_name_prefecture_matched_candidate
jcsc_pdf,https://www.jcsc.or.jp/wpjcsc/wp-content/uploads/2026/05/35212d5b060e16d7f8db21681d51d151.pdf,8,left,千葉県,流山市,江東区,WACCA IKEBUKURO(ワッカ池袋),"7,400",7400.0,2014年9月,2014.0,9.0,0.8333,prefecture_inferred_from_municipality,千葉県|waccaikebukuroワッカ池袋,35.86814102238806,139.91512308208954,,municipality_representative,low,,,WACCA IKEBUKURO(ワッカ池袋) 千葉県 流山市 / WACCA IKEBUKURO(ワッカ池袋) 千葉県 / WACCA IKEBUKURO(ワッカ池袋),unresolved,,,,,https://nominatim.openstreetmap.org/search?q=WACCA+IKEBUKURO%28%E3%83%AF%E3%83%83%E3%82%AB%E6%B1%A0%E8%A2%8B%29&format=jsonv2&limit=5&addressdetails=1&countrycodes=jp,no_name_prefecture_matched_candidate
jcsc_pdf,https://www.jcsc.or.jp/wpjcsc/wp-content/uploads/2026/05/35212d5b060e16d7f8db21681d51d151.pdf,10,right,新潟県,新潟市中央区,中央区,万代シティビルボードプレイス,"7,396",7396.0,1996年10月,1996.0,10.0,1.0,,新潟県|万代シティビルボードプレイス,37.914509384158414,139.04766917821783,,municipality_representative,low,,,万代シティビルボードプレイス 新潟県 新潟市中央区 / 万代シティビルボードプレイス 新潟県 / 万代シティビルボードプレイス,unresolved,,,,,https://nominatim.openstreetmap.org/search?q=%E4%B8%87%E4%BB%A3%E3%82%B7%E3%83%86%E3%82%A3%E3%83%93%E3%83%AB%E3%83%9C%E3%83%BC%E3%83%89%E3%83%97%E3%83%AC%E3%82%A4%E3%82%B9&format=jsonv2&limit=5&addressdetails=1&countrycodes=jp,no_name_prefecture_matched_candidate
jcsc_pdf,https://www.jcsc.or.jp/wpjcsc/wp-content/uploads/2026/05/35212d5b060e16d7f8db21681d51d151.pdf,18,left,奈良県,奈良市,,イズミヤショッピングセンター学開前,7.394,7394.0,1983年4月,1983.0,4.0,0.8333,,奈良県|イズミヤショッピングセンター学開前,34.68458357919254,135.808069431677,,municipality_representative,low,,,イズミヤショッピングセンター学開前 奈良県 奈良市 / イズミヤショッピングセンター学開前 奈良県 / イズミヤショッピングセンター学開前,unresolved,,,,,https://nominatim.openstreetmap.org/search?q=%E3%82%A4%E3%82%BA%E3%83%9F%E3%83%A4%E3%82%B7%E3%83%A7%E3%83%83%E3%83%94%E3%83%B3%E3%82%B0%E3%82%BB%E3%83%B3%E3%82%BF%E3%83%BC%E5%AD%A6%E9%96%8B%E5%89%8D&format=jsonv2&limit=5&addressdetails=1&countrycodes=jp,no_name_prefecture_matched_candidate
jcsc_pdf,https://www.jcsc.or.jp/wpjcsc/wp-content/uploads/2026/05/35212d5b060e16d7f8db21681d51d151.pdf,11,left,石川県,白山市,,ラスバ白山,7.392,7392.0,2015年4月,2015.0,4.0,0.7667,prefecture_inferred_from_municipality,石川県|ラスバ白山,36.47406570477569,136.57064652821998,,municipality_representative,low,,,ラスバ白山 石川県 白山市 / ラスバ白山 石川県 / ラスバ白山,unresolved,,,,,https://nominatim.openstreetmap.org/search?q=%E3%83%A9%E3%82%B9%E3%83%90%E7%99%BD%E5%B1%B1&format=jsonv2&limit=5&addressdetails=1&countrycodes=jp,no_name_prefecture_matched_candidate
jcsc_pdf,https://www.jcsc.or.jp/wpjcsc/wp-content/uploads/2026/05/35212d5b060e16d7f8db21681d51d151.pdf,7,left,千葉県,流山市,新宿区,サブナード,7.356,7356.0,1973年9月,1973.0,9.0,0.8333,prefecture_inferred_from_municipality,千葉県|サブナード,35.86814102238806,139.91512308208954,,municipality_representative,low,,,サブナード 千葉県 流山市 / サブナード 千葉県 / サブナード,unresolved,,,,,https://nominatim.openstreetmap.org/search?q=%E3%82%B5%E3%83%96%E3%83%8A%E3%83%BC%E3%83%89&format=jsonv2&limit=5&addressdetails=1&countrycodes=jp,no_name_prefecture_matched_candidate
jcsc_pdf,https://www.jcsc.or.jp/wpjcsc/wp-content/uploads/2026/05/35212d5b060e16d7f8db21681d51d151.pdf,22,left,熊本県,山鹿市,,温泉プラザ山鹿,"7,350",7350.0,1975年8月,1975.0,8.0,0.75,prefecture_inferred_from_municipality,熊本県|温泉プラザ山鹿,33.01800738461539,130.7126028131868,,municipality_representative,low,,,温泉プラザ山鹿 熊本県 山鹿市 / 温泉プラザ山鹿 熊本県 / 温泉プラザ山鹿,unresolved,,,,,https://nominatim.openstreetmap.org/search?q=%E6%B8%A9%E6%B3%89%E3%83%97%E3%83%A9%E3%82%B6%E5%B1%B1%E9%B9%BF&format=jsonv2&limit=5&addressdetails=1&countrycodes=jp,no_name_prefecture_matched_candidate
jcsc_pdf,https://www.jcsc.or.jp/wpjcsc/wp-content/uploads/2026/05/35212d5b060e16d7f8db21681d51d151.pdf,11,right,山梨県,笛吹市,,イッツモアー8,7.341,7341.0,1996年11月,1996.0,11.0,0.75,prefecture_inferred_from_municipality,山梨県|イッツモアー8,35.62889671287129,138.66031476237623,,municipality_representative,low,,,イッツモアー8 山梨県 笛吹市 / イッツモアー8 山梨県 / イッツモアー8,unresolved,,,,,https://nominatim.openstreetmap.org/search?q=%E3%82%A4%E3%83%83%E3%83%84%E3%83%A2%E3%82%A2%E3%83%BC8&format=jsonv2&limit=5&addressdetails=1&countrycodes=jp,no_name_prefecture_matched_candidate
jcsc_pdf,https://www.jcsc.or.jp/wpjcsc/wp-content/uploads/2026/05/35212d5b060e16d7f8db21681d51d151.pdf,9,right,東京都,多摩市,泉区,イトーヨーカドーたまプラーザ店,7.340,7340.0,1979年3月,1979.0,3.0,0.8333,,東京都|イトーヨーカドーたまプラーザ店,35.62921686516854,139.44035108988766,,municipality_representative,low,,,イトーヨーカドーたまプラーザ店 東京都 多摩市 / イトーヨーカドーたまプラーザ店 東京都 / イトーヨーカドーたまプラーザ店,unresolved,,,,,https://nominatim.openstreetmap.org/search?q=%E3%82%A4%E3%83%88%E3%83%BC%E3%83%A8%E3%83%BC%E3%82%AB%E3%83%89%E3%83%BC%E3%81%9F%E3%81%BE%E3%83%97%E3%83%A9%E3%83%BC%E3%82%B6%E5%BA%97&format=jsonv2&limit=5&addressdetails=1&countrycodes=jp,no_name_prefecture_matched_candidate
jcsc_pdf,https://www.jcsc.or.jp/wpjcsc/wp-content/uploads/2026/05/35212d5b060e16d7f8db21681d51d151.pdf,22,left,熊本県,熊本市東区,東区,シュロアモール長嶺,7.326,7326.0,2007年9月,2007.0,9.0,0.8333,municipality_missing,宮崎県|シュロアモール長嶺,32.80116282089552,130.76762542786068,,municipality_representative,low,,municipality_alias,シュロアモール長嶺 熊本県 熊本市東区 / シュロアモール長嶺 熊本県 / シュロアモール長嶺,unresolved,,,,,https://nominatim.openstreetmap.org/search?q=%E3%82%B7%E3%83%A5%E3%83%AD%E3%82%A2%E3%83%A2%E3%83%BC%E3%83%AB%E9%95%B7%E5%B6%BA&format=jsonv2&limit=5&addressdetails=1&countrycodes=jp,no_name_prefecture_matched_candidate
jcsc_pdf,https://www.jcsc.or.jp/wpjcsc/wp-content/uploads/2026/05/35212d5b060e16d7f8db21681d51d151.pdf,8,left,東京都,八王子市,,the market Place 八王子,7.322,7322.0,2010年11月,2010.0,11.0,1.0,,東京都|themarketplace八王子,35.65387214070352,139.3297611809045,,municipality_representative,low,,,the market Place 八王子 東京都 八王子市 / the market Place 八王子 東京都 / the market Place 八王子,unresolved,,,,,https://nominatim.openstreetmap.org/search?q=the+market+Place+%E5%85%AB%E7%8E%8B%E5%AD%90&format=jsonv2&limit=5&addressdetails=1&countrycodes=jp,no_name_prefecture_matched_candidate
jcsc_pdf,https://www.jcsc.or.jp/wpjcsc/wp-content/uploads/2026/05/35212d5b060e16d7f8db21681d51d151.pdf,8,right,東京都,立川市,坦島区,立川パークアベニュー,7.299,7299.0,2001年1月,2001.0,1.0,0.8333,municipality_missing,東京都|立川パークアベニュー,35.71420006329114,139.40535181012658,,municipality_representative,low,,municipality_alias,立川パークアベニュー 東京都 立川市 / 立川パークアベニュー 東京都 / 立川パークアベニュー,unresolved,,,,,https://nominatim.openstreetmap.org/search?q=%E7%AB%8B%E5%B7%9D%E3%83%91%E3%83%BC%E3%82%AF%E3%82%A2%E3%83%99%E3%83%8B%E3%83%A5%E3%83%BC&format=jsonv2&limit=5&addressdetails=1&countrycodes=jp,no_name_prefecture_matched_candidate
jcsc_pdf,https://www.jcsc.or.jp/wpjcsc/wp-content/uploads/2026/05/35212d5b060e16d7f8db21681d51d151.pdf,10,right,新潟県,新潟市北区,秋菜区,新津ショッピングセンター,7.296,7296.0,1997年11月,1997.0,11.0,0.825,,新潟県|新津ショッピングセンター,37.870737495703544,139.0584532529538,,municipality_representative,low,,,新津ショッピングセンター 新潟県 新潟市北区 / 新津ショッピングセンター 新潟県 / 新津ショッピングセンター,unresolved,,,,,https://nominatim.openstreetmap.org/search?q=%E6%96%B0%E6%B4%A5%E3%82%B7%E3%83%A7%E3%83%83%E3%83%94%E3%83%B3%E3%82%B0%E3%82%BB%E3%83%B3%E3%82%BF%E3%83%BC&format=jsonv2&limit=5&addressdetails=1&countrycodes=jp,no_name_prefecture_matched_candidate
jcsc_pdf,https://www.jcsc.or.jp/wpjcsc/wp-content/uploads/2026/05/35212d5b060e16d7f8db21681d51d151.pdf,10,right,新潟県,見附市,,見附ショッピングセンター,7.288,7288.0,1998年11月,1998.0,11.0,0.875,,新潟県|見附ショッピングセンター,37.53107310185185,138.91708110185186,,municipality_representative,low,,,見附ショッピングセンター 新潟県 見附市 / 見附ショッピングセンター 新潟県 / 見附ショッピングセンター,unresolved,,,,,https://nominatim.openstreetmap.org/search?q=%E8%A6%8B%E9%99%84%E3%82%B7%E3%83%A7%E3%83%83%E3%83%94%E3%83%B3%E3%82%B0%E3%82%BB%E3%83%B3%E3%82%BF%E3%83%BC&format=jsonv2&limit=5&addressdetails=1&countrycodes=jp,no_name_prefecture_matched_candidate
jcsc_pdf,https://www.jcsc.or.jp/wpjcsc/wp-content/uploads/2026/05/35212d5b060e16d7f8db21681d51d151.pdf,13,right,愛知県,岡崎市,,ショッピングモール・レスパ,"7,285",7285.0,1996年12月,1996.0,12.0,1.0,,愛知県|ショッピングモールレスパ,34.943625585006274,137.18850034567126,,municipality_representative,low,,,ショッピングモール・レスパ 愛知県 岡崎市 / ショッピングモール・レスパ 愛知県 / ショッピングモール・レスパ,unresolved,,,,,https://nominatim.openstreetmap.org/search?q=%E3%82%B7%E3%83%A7%E3%83%83%E3%83%94%E3%83%B3%E3%82%B0%E3%83%A2%E3%83%BC%E3%83%AB%E3%83%BB%E3%83%AC%E3%82%B9%E3%83%91&format=jsonv2&limit=5&addressdetails=1&countrycodes=jp,no_name_prefecture_matched_candidate
jcsc_pdf,https://www.jcsc.or.jp/wpjcsc/wp-content/uploads/2026/05/35212d5b060e16d7f8db21681d51d151.pdf,13,left,静岡県,静岡市葵区,緑区,西友鳴海店,7.279,7279.0,1988年10月,1988.0,10.0,0.7667,prefecture_inferred_from_municipality,静岡県|西友鳴海店,35.00736196509009,138.41285507657656,,municipality_representative,low,,,西友鳴海店 静岡県 静岡市葵区 / 西友鳴海店 静岡県 / 西友鳴海店,unresolved,,,,,https://nominatim.openstreetmap.org/search?q=%E8%A5%BF%E5%8F%8B%E9%B3%B4%E6%B5%B7%E5%BA%97&format=jsonv2&limit=5&addressdetails=1&countrycodes=jp,no_name_prefecture_matched_candidate
jcsc_pdf,https://www.jcsc.or.jp/wpjcsc/wp-content/uploads/2026/05/35212d5b060e16d7f8db21681d51d151.pdf,3,right,茨城県,潮来市,,ラ・ラ・ルー,7.272,7272.0,2000年12月,2000.0,12.0,0.7,,茨城県|ララルー,35.953713470588234,140.5658745490196,,municipality_representative,low,,,ラ・ラ・ルー 茨城県 潮来市 / ラ・ラ・ルー 茨城県 / ラ・ラ・ルー,unresolved,,,,,https://nominatim.openstreetmap.org/search?q=%E3%83%A9%E3%83%BB%E3%83%A9%E3%83%BB%E3%83%AB%E3%83%BC&format=jsonv2&limit=5&addressdetails=1&countrycodes=jp,no_name_prefecture_matched_candidate
jcsc_pdf,https://www.jcsc.or.jp/wpjcsc/wp-content/uploads/2026/05/35212d5b060e16d7f8db21681d51d151.pdf,4,right,埼玉県,川越市,,the market Place 川越的場,"7,251",7251.0,2012年3月,2012.0,3.0,1.0,prefecture_inferred_from_municipality,埼玉県|themarketplace川越的場,35.91131669477912,139.4732263815261,,municipality_representative,low,,,the market Place 川越的場 埼玉県 川越市 / the market Place 川越的場 埼玉県 / the market Place 川越的場,unresolved,,,,,https://nominatim.openstreetmap.org/search?q=the+market+Place+%E5%B7%9D%E8%B6%8A%E7%9A%84%E5%A0%B4&format=jsonv2&limit=5&addressdetails=1&countrycodes=jp,no_name_prefecture_matched_candidate
jcsc_pdf,https://www.jcsc.or.jp/wpjcsc/wp-content/uploads/2026/05/35212d5b060e16d7f8db21681d51d151.pdf,15,right,大阪府,大阪市港区,港区,OSAKA BAY TOWER,"7,250",7250.0,1993年3月,1993.0,3.0,1.0,municipality_missing,京都府|osakabaytower,34.66197027586207,135.4526591724138,,municipality_representative,low,,municipality_alias,OSAKA BAY TOWER 大阪府 大阪市港区 / OSAKA BAY TOWER 大阪府 / OSAKA BAY TOWER,unresolved,,,,,https://nominatim.openstreetmap.org/search?q=OSAKA+BAY+TOWER&format=jsonv2&limit=5&addressdetails=1&countrycodes=jp,no_name_prefecture_matched_candidate
jcsc_pdf,https://www.jcsc.or.jp/wpjcsc/wp-content/uploads/2026/05/35212d5b060e16d7f8db21681d51d151.pdf,6,right,東京都,中央区,中央区,NISHI GINZA,7.238,7238.0,1956年6月,1956.0,6.0,1.0,municipality_missing,東京都|nishiginza,35.6757957755102,139.7771692244898,,municipality_representative,low,,,NISHI GINZA 東京都 中央区 / NISHI GINZA 東京都 / NISHI GINZA,unresolved,,,,,https://nominatim.openstreetmap.org/search?q=NISHI+GINZA&format=jsonv2&limit=5&addressdetails=1&countrycodes=jp,no_name_prefecture_matched_candidate
jcsc_pdf,https://www.jcsc.or.jp/wpjcsc/wp-content/uploads/2026/05/35212d5b060e16d7f8db21681d51d151.pdf,9,left,東京都,稲城市,,SOCOLA若葉台(ソコラ若葉台),"7,234",7234.0,2020年3月,2020.0,3.0,0.8333,,東京都|socola若葉台ソコラ若葉台,35.62955779166666,139.4880685,,municipality_representative,low,,,SOCOLA若葉台(ソコラ若葉台) 東京都 稲城市 / SOCOLA若葉台(ソコラ若葉台) 東京都 / SOCOLA若葉台(ソコラ若葉台),unresolved,,,,,https://nominatim.openstreetmap.org/search?q=SOCOLA%E8%8B%A5%E8%91%89%E5%8F%B0%28%E3%82%BD%E3%82%B3%E3%83%A9%E8%8B%A5%E8%91%89%E5%8F%B0%29&format=jsonv2&limit=5&addressdetails=1&countrycodes=jp,no_name_prefecture_matched_candidate
jcsc_pdf,https://www.jcsc.or.jp/wpjcsc/wp-content/uploads/2026/05/35212d5b060e16d7f8db21681d51d151.pdf,16,left,京都府,亀岡市,,エキマルシェ大阪,7.234,7234.0,2012年10月,2012.0,10.0,0.8333,,京都府|エキマルシェ大阪,35.021998969303425,135.5607872798111,,municipality_representative,low,,,エキマルシェ大阪 京都府 亀岡市 / エキマルシェ大阪 京都府 / エキマルシェ大阪,unresolved,,,,,https://nominatim.openstreetmap.org/search?q=%E3%82%A8%E3%82%AD%E3%83%9E%E3%83%AB%E3%82%B7%E3%82%A7%E5%A4%A7%E9%98%AA&format=jsonv2&limit=5&addressdetails=1&countrycodes=jp,no_name_prefecture_matched_candidate
jcsc_pdf,https://www.jcsc.or.jp/wpjcsc/wp-content/uploads/2026/05/35212d5b060e16d7f8db21681d51d151.pdf,4,left,栃木県,宇都宮市,,宇都宮パセオ,7.222,7222.0,1974年11月,1974.0,11.0,0.65,,栃木県|宇都宮パセオ,36.55886943259558,139.88715373239438,,municipality_representative,low,,fuzzy_municipality,宇都宮パセオ 栃木県 宇都宮市 / 宇都宮パセオ 栃木県 / 宇都宮パセオ,unresolved,,,,,https://nominatim.openstreetmap.org/search?q=%E5%AE%87%E9%83%BD%E5%AE%AE%E3%83%91%E3%82%BB%E3%82%AA&format=jsonv2&limit=5&addressdetails=1&countrycodes=jp,no_name_prefecture_matched_candidate
jcsc_pdf,https://www.jcsc.or.jp/wpjcsc/wp-content/uploads/2026/05/35212d5b060e16d7f8db21681d51d151.pdf,15,left,滋賀県,愛知郡愛荘町,,平和堂愛知川店 アモール,7.222,7222.0,1993年2月,1993.0,2.0,0.75,,滋賀県|平和堂愛知川店アモール,35.17095792857143,136.23599480952382,,municipality_representative,low,,,平和堂愛知川店 アモール 滋賀県 愛知郡愛荘町 / 平和堂愛知川店 アモール 滋賀県 / 平和堂愛知川店 アモール,unresolved,,,,,https://nominatim.openstreetmap.org/search?q=%E5%B9%B3%E5%92%8C%E5%A0%82%E6%84%9B%E7%9F%A5%E5%B7%9D%E5%BA%97+%E3%82%A2%E3%83%A2%E3%83%BC%E3%83%AB&format=jsonv2&limit=5&addressdetails=1&countrycodes=jp,no_name_prefecture_matched_candidate
jcsc_pdf,https://www.jcsc.or.jp/wpjcsc/wp-content/uploads/2026/05/35212d5b060e16d7f8db21681d51d151.pdf,7,right,東京都,渋谷区,渋谷区,代官山アドレスディセ,7.184,7184.0,2000年8月,2000.0,8.0,0.8333,municipality_missing,東京都|代官山アドレスディセ,35.6654809125,139.6970510125,,municipality_representative,low,,,代官山アドレスディセ 東京都 渋谷区 / 代官山アドレスディセ 東京都 / 代官山アドレスディセ,unresolved,,,,,https://nominatim.openstreetmap.org/search?q=%E4%BB%A3%E5%AE%98%E5%B1%B1%E3%82%A2%E3%83%89%E3%83%AC%E3%82%B9%E3%83%87%E3%82%A3%E3%82%BB&format=jsonv2&limit=5&addressdetails=1&countrycodes=jp,no_name_prefecture_matched_candidate
jcsc_pdf,https://www.jcsc.or.jp/wpjcsc/wp-content/uploads/2026/05/35212d5b060e16d7f8db21681d51d151.pdf,21,right,長崎県,長崎市,,フレスポ福田West,"7,170",7170.0,2007年11月,2007.0,11.0,0.8333,,長崎県|フレスポ福田west,32.758114,129.85546771399177,,municipality_representative,low,,,フレスポ福田West 長崎県 長崎市 / フレスポ福田West 長崎県 / フレスポ福田West,unresolved,,,,,https://nominatim.openstreetmap.org/search?q=%E3%83%95%E3%83%AC%E3%82%B9%E3%83%9D%E7%A6%8F%E7%94%B0West&format=jsonv2&limit=5&addressdetails=1&countrycodes=jp,no_name_prefecture_matched_candidate
jcsc_pdf,https://www.jcsc.or.jp/wpjcsc/wp-content/uploads/2026/05/35212d5b060e16d7f8db21681d51d151.pdf,3,left,山形県,上山市,,ヨークタウン上山,7.153,7153.0,2012年10月,2012.0,10.0,0.75,prefecture_inferred_from_municipality,山形県|ヨークタウン上山,38.153778013953485,140.28783621860464,,municipality_representative,low,,,ヨークタウン上山 山形県 上山市 / ヨークタウン上山 山形県 / ヨークタウン上山,unresolved,,,,,https://nominatim.openstreetmap.org/search?q=%E3%83%A8%E3%83%BC%E3%82%AF%E3%82%BF%E3%82%A6%E3%83%B3%E4%B8%8A%E5%B1%B1&format=jsonv2&limit=5&addressdetails=1&countrycodes=jp,no_name_prefecture_matched_candidate
jcsc_pdf,https://www.jcsc.or.jp/wpjcsc/wp-content/uploads/2026/05/35212d5b060e16d7f8db21681d51d151.pdf,6,right,千葉県,浦安市,,アトレ新浦安,7.153,7153.0,1993年2月,1993.0,2.0,0.8333,prefecture_inferred_from_municipality,千葉県|アトレ新浦安,35.64703687951807,139.90618620481928,,municipality_representative,low,,,アトレ新浦安 千葉県 浦安市 / アトレ新浦安 千葉県 / アトレ新浦安,unresolved,,,,,https://nominatim.openstreetmap.org/search?q=%E3%82%A2%E3%83%88%E3%83%AC%E6%96%B0%E6%B5%A6%E5%AE%89&format=jsonv2&limit=5&addressdetails=1&countrycodes=jp,no_name_prefecture_matched_candidate
jcsc_pdf,https://www.jcsc.or.jp/wpjcsc/wp-content/uploads/2026/05/35212d5b060e16d7f8db21681d51d151.pdf,12,left,長野県,安曇野市,,スワンガーデン安野,"7,150",7150.0,1997年10月,1997.0,10.0,0.8333,,長野県|スワンガーデン安野,36.31958895,137.8969478,,municipality_representative,low,,fuzzy_municipality,スワンガーデン安野 長野県 安曇野市 / スワンガーデン安野 長野県 / スワンガーデン安野,unresolved,,,,,https://nominatim.openstreetmap.org/search?q=%E3%82%B9%E3%83%AF%E3%83%B3%E3%82%AC%E3%83%BC%E3%83%87%E3%83%B3%E5%AE%89%E9%87%8E&format=jsonv2&limit=5&addressdetails=1&countrycodes=jp,no_name_prefecture_matched_candidate
jcsc_pdf,https://www.jcsc.or.jp/wpjcsc/wp-content/uploads/2026/05/35212d5b060e16d7f8db21681d51d151.pdf,15,left,滋賀県,東近江市,,マックスパリュ東近江ショッピングセンター,7.143,7143.0,2011年8月,2011.0,8.0,1.0,,滋賀県|マックスパリュ東近江ショッピングセンター,35.11423343442623,136.21858229918033,,municipality_representative,low,,,マックスパリュ東近江ショッピングセンター 滋賀県 東近江市 / マックスパリュ東近江ショッピングセンター 滋賀県 / マックスパリュ東近江ショッピングセンター,unresolved,,,,,https://nominatim.openstreetmap.org/search?q=%E3%83%9E%E3%83%83%E3%82%AF%E3%82%B9%E3%83%91%E3%83%AA%E3%83%A5%E6%9D%B1%E8%BF%91%E6%B1%9F%E3%82%B7%E3%83%A7%E3%83%83%E3%83%94%E3%83%B3%E3%82%B0%E3%82%BB%E3%83%B3%E3%82%BF%E3%83%BC&format=jsonv2&limit=5&addressdetails=1&countrycodes=jp,no_name_prefecture_matched_candidate
jcsc_pdf,https://www.jcsc.or.jp/wpjcsc/wp-content/uploads/2026/05/35212d5b060e16d7f8db21681d51d151.pdf,8,left,千葉県,流山市,北区,サンスクエア,"7,115",7115.0,1976年1月,1976.0,1.0,0.875,prefecture_inferred_from_municipality,千葉県|サンスクエア,35.86814102238806,139.91512308208954,,municipality_representative,low,,,サンスクエア 千葉県 流山市 / サンスクエア 千葉県 / サンスクエア,unresolved,,,,,https://nominatim.openstreetmap.org/search?q=%E3%82%B5%E3%83%B3%E3%82%B9%E3%82%AF%E3%82%A8%E3%82%A2&format=jsonv2&limit=5&addressdetails=1&countrycodes=jp,no_name_prefecture_matched_candidate
jcsc_pdf,https://www.jcsc.or.jp/wpjcsc/wp-content/uploads/2026/05/35212d5b060e16d7f8db21681d51d151.pdf,12,left,長野県,塩尻市,,GAZA(ギャザ),7.110,7110.0,1990年10月,1990.0,10.0,0.75,,長野県|gazaギャザ,36.10534582608695,137.95326473913042,,municipality_representative,low,,,GAZA(ギャザ) 長野県 塩尻市 / GAZA(ギャザ) 長野県 / GAZA(ギャザ),unresolved,,,,,https://nominatim.openstreetmap.org/search?q=GAZA%28%E3%82%AE%E3%83%A3%E3%82%B6%29&format=jsonv2&limit=5&addressdetails=1&countrycodes=jp,no_name_prefecture_matched_candidate
jcsc_pdf,https://www.jcsc.or.jp/wpjcsc/wp-content/uploads/2026/05/35212d5b060e16d7f8db21681d51d151.pdf,9,right,東京都,多摩市,緑区,ダイエー十日市場店,"7,108",7108.0,1986年9月,1986.0,9.0,0.75,,東京都|ダイエー十日市場店,35.62921686516854,139.44035108988766,,municipality_representative,low,,,ダイエー十日市場店 東京都 多摩市 / ダイエー十日市場店 東京都 / ダイエー十日市場店,unresolved,,,,,https://nominatim.openstreetmap.org/search?q=%E3%83%80%E3%82%A4%E3%82%A8%E3%83%BC%E5%8D%81%E6%97%A5%E5%B8%82%E5%A0%B4%E5%BA%97&format=jsonv2&limit=5&addressdetails=1&countrycodes=jp,no_name_prefecture_matched_candidate
jcsc_pdf,https://www.jcsc.or.jp/wpjcsc/wp-content/uploads/2026/05/35212d5b060e16d7f8db21681d51d151.pdf,22,left,熊本県,熊本市中央区,中央区,New-S (びぶれず熊日会館),7.104,7104.0,2002年4月,2002.0,4.0,0.8333,,熊本県|newsびぶれず熊日会館,32.79812579326923,130.71523716346152,,municipality_representative,low,,,New-S (びぶれず熊日会館) 熊本県 熊本市中央区 / New-S (びぶれず熊日会館) 熊本県 / New-S (びぶれず熊日会館),unresolved,,,,,https://nominatim.openstreetmap.org/search?q=New-S+%28%E3%81%B3%E3%81%B6%E3%82%8C%E3%81%9A%E7%86%8A%E6%97%A5%E4%BC%9A%E9%A4%A8%29&format=jsonv2&limit=5&addressdetails=1&countrycodes=jp,no_name_prefecture_matched_candidate
jcsc_pdf,https://www.jcsc.or.jp/wpjcsc/wp-content/uploads/2026/05/35212d5b060e16d7f8db21681d51d151.pdf,4,left,茨城県,稲敷郡阿見町,,マイアミショッピングセンター,7.098,7098.0,1992年11月,1992.0,11.0,0.875,,茨城県|マイアミショッピングセンター,36.01962257894737,140.22099542105263,,municipality_representative,low,,,マイアミショッピングセンター 茨城県 稲敷郡阿見町 / マイアミショッピングセンター 茨城県 / マイアミショッピングセンター,unresolved,,,,,https://nominatim.openstreetmap.org/search?q=%E3%83%9E%E3%82%A4%E3%82%A2%E3%83%9F%E3%82%B7%E3%83%A7%E3%83%83%E3%83%94%E3%83%B3%E3%82%B0%E3%82%BB%E3%83%B3%E3%82%BF%E3%83%BC&format=jsonv2&limit=5&addressdetails=1&countrycodes=jp,no_name_prefecture_matched_candidate
jcsc_pdf,https://www.jcsc.or.jp/wpjcsc/wp-content/uploads/2026/05/35212d5b060e16d7f8db21681d51d151.pdf,10,right,新潟県,村上市,,原信マーケットシティ村上(原村上インター店),7.081,7081.0,2010年10月,2010.0,10.0,0.75,,新潟県|原信マーケットシティ村上原村上インター店,38.25930608633094,139.49531226618706,,municipality_representative,low,,,原信マーケットシティ村上(原村上インター店) 新潟県 村上市 / 原信マーケットシティ村上(原村上インター店) 新潟県 / 原信マーケットシティ村上(原村上インター店),unresolved,,,,,https://nominatim.openstreetmap.org/search?q=%E5%8E%9F%E4%BF%A1%E3%83%9E%E3%83%BC%E3%82%B1%E3%83%83%E3%83%88%E3%82%B7%E3%83%86%E3%82%A3%E6%9D%91%E4%B8%8A%28%E5%8E%9F%E6%9D%91%E4%B8%8A%E3%82%A4%E3%83%B3%E3%82%BF%E3%83%BC%E5%BA%97%29&format=jsonv2&limit=5&addressdetails=1&countrycodes=jp,no_name_prefecture_matched_candidate
jcsc_pdf,https://www.jcsc.or.jp/wpjcsc/wp-content/uploads/2026/05/35212d5b060e16d7f8db21681d51d151.pdf,8,left,千葉県,流山市,江戸川区,パトリア葛西店,7.054,7054.0,1983年4月,1983.0,4.0,0.8333,prefecture_inferred_from_municipality,千葉県|パトリア葛西店,35.86814102238806,139.91512308208954,,municipality_representative,low,,,パトリア葛西店 千葉県 流山市 / パトリア葛西店 千葉県 / パトリア葛西店,unresolved,,,,,https://nominatim.openstreetmap.org/search?q=%E3%83%91%E3%83%88%E3%83%AA%E3%82%A2%E8%91%9B%E8%A5%BF%E5%BA%97&format=jsonv2&limit=5&addressdetails=1&countrycodes=jp,no_name_prefecture_matched_candidate
jcsc_pdf,https://www.jcsc.or.jp/wpjcsc/wp-content/uploads/2026/05/35212d5b060e16d7f8db21681d51d151.pdf,13,left,静岡県,静岡市葵区,中村区,ビアゴ中村店,7.052,7052.0,2009年5月,2009.0,5.0,0.7667,prefecture_inferred_from_municipality,静岡県|ビアゴ中村店,35.00736196509009,138.41285507657656,,municipality_representative,low,,,ビアゴ中村店 静岡県 静岡市葵区 / ビアゴ中村店 静岡県 / ビアゴ中村店,unresolved,,,,,https://nominatim.openstreetmap.org/search?q=%E3%83%93%E3%82%A2%E3%82%B4%E4%B8%AD%E6%9D%91%E5%BA%97&format=jsonv2&limit=5&addressdetails=1&countrycodes=jp,no_name_prefecture_matched_candidate
jcsc_pdf,https://www.jcsc.or.jp/wpjcsc/wp-content/uploads/2026/05/35212d5b060e16d7f8db21681d51d151.pdf,17,right,兵庫県,姫路市,,イオンタウン姫路別所,"7,046",7046.0,2008年10月,2008.0,10.0,0.8333,prefecture_inferred_from_municipality,兵庫県|イオンタウン姫路別所,34.837287680875576,134.67307040552996,,municipality_representative,low,,,イオンタウン姫路別所 兵庫県 姫路市 / イオンタウン姫路別所 兵庫県 / イオンタウン姫路別所,unresolved,,,,,https://nominatim.openstreetmap.org/search?q=%E3%82%A4%E3%82%AA%E3%83%B3%E3%82%BF%E3%82%A6%E3%83%B3%E5%A7%AB%E8%B7%AF%E5%88%A5%E6%89%80&format=jsonv2&limit=5&addressdetails=1&countrycodes=jp,no_name_prefecture_matched_candidate
jcsc_pdf,https://www.jcsc.or.jp/wpjcsc/wp-content/uploads/2026/05/35212d5b060e16d7f8db21681d51d151.pdf,7,right,東京都,世田谷区,世田谷区,FUTAKO TAMAGAWA rise Dogwood Plaza,"7,000",7000.0,2011年3月,2011.0,3.0,1.0,municipality_missing,東京都|futakotamagawarisedogwoodplaza,35.64053037184115,139.6353491263538,,municipality_representative,low,,,FUTAKO TAMAGAWA rise Dogwood Plaza 東京都 世田谷区 / FUTAKO TAMAGAWA rise Dogwood Plaza 東京都 / FUTAKO TAMAGAWA rise Dogwood Plaza,unresolved,,,,,https://nominatim.openstreetmap.org/search?q=FUTAKO+TAMAGAWA+rise+Dogwood+Plaza&format=jsonv2&limit=5&addressdetails=1&countrycodes=jp,no_name_prefecture_matched_candidate
jcsc_pdf,https://www.jcsc.or.jp/wpjcsc/wp-content/uploads/2026/05/35212d5b060e16d7f8db21681d51d151.pdf,15,left,京都府,京都市中京区,中京区,ミーナ京都,"7,000",7000.0,2008年4月,2008.0,4.0,0.8333,,京都府|ミーナ京都,35.010610400000004,135.75431972444443,,municipality_representative,low,,,ミーナ京都 京都府 京都市中京区 / ミーナ京都 京都府 / ミーナ京都,unresolved,,,,,https://nominatim.openstreetmap.org/search?q=%E3%83%9F%E3%83%BC%E3%83%8A%E4%BA%AC%E9%83%BD&format=jsonv2&limit=5&addressdetails=1&countrycodes=jp,no_name_prefecture_matched_candidate
jcsc_pdf,https://www.jcsc.or.jp/wpjcsc/wp-content/uploads/2026/05/35212d5b060e16d7f8db21681d51d151.pdf,15,right,大阪府,大阪市北区,北区,バレロイヤル,7.000,7000.0,1965年10月,1965.0,10.0,0.8333,municipality_missing,京都府|バレロイヤル,34.704387178861786,135.50393925203252,,municipality_representative,low,,municipality_alias,バレロイヤル 大阪府 大阪市北区 / バレロイヤル 大阪府 / バレロイヤル,unresolved,,,,,https://nominatim.openstreetmap.org/search?q=%E3%83%90%E3%83%AC%E3%83%AD%E3%82%A4%E3%83%A4%E3%83%AB&format=jsonv2&limit=5&addressdetails=1&countrycodes=jp,no_name_prefecture_matched_candidate
jcsc_pdf,https://www.jcsc.or.jp/wpjcsc/wp-content/uploads/2026/05/35212d5b060e16d7f8db21681d51d151.pdf,16,left,大阪府,堺市東区,東区,ベルヒル北野田,7.000,7000.0,2007年4月,2007.0,4.0,0.8333,prefecture_inferred_from_municipality,大阪府|ベルヒル北野田,34.541476095238096,135.53189847619046,,municipality_representative,low,,,ベルヒル北野田 大阪府 堺市東区 / ベルヒル北野田 大阪府 / ベルヒル北野田,unresolved,,,,,https://nominatim.openstreetmap.org/search?q=%E3%83%99%E3%83%AB%E3%83%92%E3%83%AB%E5%8C%97%E9%87%8E%E7%94%B0&format=jsonv2&limit=5&addressdetails=1&countrycodes=jp,no_name_prefecture_matched_candidate
jcsc_pdf,https://www.jcsc.or.jp/wpjcsc/wp-content/uploads/2026/05/35212d5b060e16d7f8db21681d51d151.pdf,17,right,兵庫県,伊丹市,,アリオ1,7.000,7000.0,1988年11月,1988.0,11.0,0.8333,prefecture_inferred_from_municipality,兵庫県|アリオ1,34.78271081841432,135.40546180306904,,municipality_representative,low,,,アリオ1 兵庫県 伊丹市 / アリオ1 兵庫県 / アリオ1,unresolved,,,,,https://nominatim.openstreetmap.org/search?q=%E3%82%A2%E3%83%AA%E3%82%AA1&format=jsonv2&limit=5&addressdetails=1&countrycodes=jp,no_name_prefecture_matched_candidate
jcsc_pdf,https://www.jcsc.or.jp/wpjcsc/wp-content/uploads/2026/05/35212d5b060e16d7f8db21681d51d151.pdf,12,right,長野県,茅野市,,けやきプラザ,"6,987",6987.0,2023年8月,2023.0,8.0,0.8333,,長野県|けやきプラザ,36.019364964285714,138.20491239285712,,municipality_representative,low,,,けやきプラザ 長野県 茅野市 / けやきプラザ 長野県 / けやきプラザ,unresolved,,,,,https://nominatim.openstreetmap.org/search?q=%E3%81%91%E3%82%84%E3%81%8D%E3%83%97%E3%83%A9%E3%82%B6&format=jsonv2&limit=5&addressdetails=1&countrycodes=jp,no_name_prefecture_matched_candidate
jcsc_pdf,https://www.jcsc.or.jp/wpjcsc/wp-content/uploads/2026/05/35212d5b060e16d7f8db21681d51d151.pdf,17,left,大阪府,交野市,,tonarie星田(トナリエ星田),"6,987",6987.0,2023年3月,2023.0,3.0,0.8333,prefecture_inferred_from_municipality,大阪府|tonarie星田トナリエ星田,34.77670021985816,135.68086911347518,,municipality_representative,low,,,tonarie星田(トナリエ星田) 大阪府 交野市 / tonarie星田(トナリエ星田) 大阪府 / tonarie星田(トナリエ星田),unresolved,,,,,https://nominatim.openstreetmap.org/search?q=tonarie%E6%98%9F%E7%94%B0%28%E3%83%88%E3%83%8A%E3%83%AA%E3%82%A8%E6%98%9F%E7%94%B0%29&format=jsonv2&limit=5&addressdetails=1&countrycodes=jp,no_name_prefecture_matched_candidate
jcsc_pdf,https://www.jcsc.or.jp/wpjcsc/wp-content/uploads/2026/05/35212d5b060e16d7f8db21681d51d151.pdf,13,right,愛知県,岡崎市,,ビアゴ上和田店,6.982,6982.0,1991年6月,1991.0,6.0,0.7667,,愛知県|ビアゴ上和田店,34.943625585006274,137.18850034567126,,municipality_representative,low,,,ビアゴ上和田店 愛知県 岡崎市 / ビアゴ上和田店 愛知県 / ビアゴ上和田店,unresolved,,,,,https://nominatim.openstreetmap.org/search?q=%E3%83%93%E3%82%A2%E3%82%B4%E4%B8%8A%E5%92%8C%E7%94%B0%E5%BA%97&format=jsonv2&limit=5&addressdetails=1&countrycodes=jp,no_name_prefecture_matched_candidate
jcsc_pdf,https://www.jcsc.or.jp/wpjcsc/wp-content/uploads/2026/05/35212d5b060e16d7f8db21681d51d151.pdf,8,right,東京都,立川市,坦島区,若葉ケヤキモール,6.947,6947.0,2006年3月,2006.0,3.0,0.8333,municipality_missing,東京都|若葉ケヤキモール,35.71420006329114,139.40535181012658,,municipality_representative,low,,municipality_alias,若葉ケヤキモール 東京都 立川市 / 若葉ケヤキモール 東京都 / 若葉ケヤキモール,unresolved,,,,,https://nominatim.openstreetmap.org/search?q=%E8%8B%A5%E8%91%89%E3%82%B1%E3%83%A4%E3%82%AD%E3%83%A2%E3%83%BC%E3%83%AB&format=jsonv2&limit=5&addressdetails=1&countrycodes=jp,no_name_prefecture_matched_candidate
jcsc_pdf,https://www.jcsc.or.jp/wpjcsc/wp-content/uploads/2026/05/35212d5b060e16d7f8db21681d51d151.pdf,14,left,愛知県,日進市,,田原ショッピングセンターバオ,"6,941",6941.0,1981年4月,1981.0,4.0,1.0,prefecture_inferred_from_municipality,愛知県|田原ショッピングセンターバオ,35.13598252364865,137.0461274054054,,municipality_representative,low,,,田原ショッピングセンターバオ 愛知県 日進市 / 田原ショッピングセンターバオ 愛知県 / 田原ショッピングセンターバオ,unresolved,,,,,https://nominatim.openstreetmap.org/search?q=%E7%94%B0%E5%8E%9F%E3%82%B7%E3%83%A7%E3%83%83%E3%83%94%E3%83%B3%E3%82%B0%E3%82%BB%E3%83%B3%E3%82%BF%E3%83%BC%E3%83%90%E3%82%AA&format=jsonv2&limit=5&addressdetails=1&countrycodes=jp,no_name_prefecture_matched_candidate
jcsc_pdf,https://www.jcsc.or.jp/wpjcsc/wp-content/uploads/2026/05/35212d5b060e16d7f8db21681d51d151.pdf,17,right,大阪府,門真市,,神戸マルイ,"6,940",6940.0,2017年10月,2017.0,10.0,0.8333,prefecture_inferred_from_municipality,大阪府|神戸マルイ,34.733592379310345,135.60040022988505,,municipality_representative,low,,,神戸マルイ 大阪府 門真市 / 神戸マルイ 大阪府 / 神戸マルイ,unresolved,,,,,https://nominatim.openstreetmap.org/search?q=%E7%A5%9E%E6%88%B8%E3%83%9E%E3%83%AB%E3%82%A4&format=jsonv2&limit=5&addressdetails=1&countrycodes=jp,no_name_prefecture_matched_candidate
jcsc_pdf,https://www.jcsc.or.jp/wpjcsc/wp-content/uploads/2026/05/35212d5b060e16d7f8db21681d51d151.pdf,11,left,富山県,小矢部市,,ビアゴ小矢部店,"6,905",6905.0,1992年9月,1992.0,9.0,0.8333,prefecture_inferred_from_municipality,富山県|ビアゴ小矢部店,36.66708720454545,136.8647899469697,,municipality_representative,low,,,ビアゴ小矢部店 富山県 小矢部市 / ビアゴ小矢部店 富山県 / ビアゴ小矢部店,unresolved,,,,,https://nominatim.openstreetmap.org/search?q=%E3%83%93%E3%82%A2%E3%82%B4%E5%B0%8F%E7%9F%A2%E9%83%A8%E5%BA%97&format=jsonv2&limit=5&addressdetails=1&countrycodes=jp,no_name_prefecture_matched_candidate
jcsc_pdf,https://www.jcsc.or.jp/wpjcsc/wp-content/uploads/2026/05/35212d5b060e16d7f8db21681d51d151.pdf,22,right,沖縄県,那覇市,,コーブあっぷるタウン,6 899,6899.0,2003年12月,2003.0,12.0,0.8333,municipality_missing,沖縄県|コーブあっぷるタウン,26.213253908256878,127.6923771880734,,municipality_representative,low,,municipality_alias,コーブあっぷるタウン 沖縄県 那覇市 / コーブあっぷるタウン 沖縄県 / コーブあっぷるタウン,unresolved,,,,,https://nominatim.openstreetmap.org/search?q=%E3%82%B3%E3%83%BC%E3%83%96%E3%81%82%E3%81%A3%E3%81%B7%E3%82%8B%E3%82%BF%E3%82%A6%E3%83%B3&format=jsonv2&limit=5&addressdetails=1&countrycodes=jp,no_name_prefecture_matched_candidate
jcsc_pdf,https://www.jcsc.or.jp/wpjcsc/wp-content/uploads/2026/05/35212d5b060e16d7f8db21681d51d151.pdf,17,left,大阪府,東大阪市,,ライフ八戸ノ里店,"6,883",6883.0,2018年4月,2018.0,4.0,0.8333,prefecture_inferred_from_municipality,大阪府|ライフ八戸ノ里店,34.669524775999996,135.602583238,,municipality_representative,low,,,ライフ八戸ノ里店 大阪府 東大阪市 / ライフ八戸ノ里店 大阪府 / ライフ八戸ノ里店,unresolved,,,,,https://nominatim.openstreetmap.org/search?q=%E3%83%A9%E3%82%A4%E3%83%95%E5%85%AB%E6%88%B8%E3%83%8E%E9%87%8C%E5%BA%97&format=jsonv2&limit=5&addressdetails=1&countrycodes=jp,no_name_prefecture_matched_candidate
jcsc_pdf,https://www.jcsc.or.jp/wpjcsc/wp-content/uploads/2026/05/35212d5b060e16d7f8db21681d51d151.pdf,16,left,京都府,亀岡市,,EST(エスト),"6,872",6872.0,1981年11月,1981.0,11.0,0.8333,,京都府|estエスト,35.021998969303425,135.5607872798111,,municipality_representative,low,,,EST(エスト) 京都府 亀岡市 / EST(エスト) 京都府 / EST(エスト),unresolved,,,,,https://nominatim.openstreetmap.org/search?q=EST%28%E3%82%A8%E3%82%B9%E3%83%88%29&format=jsonv2&limit=5&addressdetails=1&countrycodes=jp,no_name_prefecture_matched_candidate
jcsc_pdf,https://www.jcsc.or.jp/wpjcsc/wp-content/uploads/2026/05/35212d5b060e16d7f8db21681d51d151.pdf,16,left,京都府,亀岡市,,ディアモール大阪,"6,850",6850.0,1995年10月,1995.0,10.0,1.0,,京都府|ディアモール大阪,35.021998969303425,135.5607872798111,,municipality_representative,low,,,ディアモール大阪 京都府 亀岡市 / ディアモール大阪 京都府 / ディアモール大阪,unresolved,,,,,https://nominatim.openstreetmap.org/search?q=%E3%83%87%E3%82%A3%E3%82%A2%E3%83%A2%E3%83%BC%E3%83%AB%E5%A4%A7%E9%98%AA&format=jsonv2&limit=5&addressdetails=1&countrycodes=jp,no_name_prefecture_matched_candidate
jcsc_pdf,https://www.jcsc.or.jp/wpjcsc/wp-content/uploads/2026/05/35212d5b060e16d7f8db21681d51d151.pdf,7,left,千葉県,流山市,新宿区,西武新宿ペペ,"6,810",6810.0,1977年3月,1977.0,3.0,0.7667,prefecture_inferred_from_municipality,千葉県|西武新宿ペペ,35.86814102238806,139.91512308208954,,municipality_representative,low,,,西武新宿ペペ 千葉県 流山市 / 西武新宿ペペ 千葉県 / 西武新宿ペペ,unresolved,,,,,https://nominatim.openstreetmap.org/search?q=%E8%A5%BF%E6%AD%A6%E6%96%B0%E5%AE%BF%E3%83%9A%E3%83%9A&format=jsonv2&limit=5&addressdetails=1&countrycodes=jp,no_name_prefecture_matched_candidate
jcsc_pdf,https://www.jcsc.or.jp/wpjcsc/wp-content/uploads/2026/05/35212d5b060e16d7f8db21681d51d151.pdf,22,right,沖縄県,浦添市,,浦添ショッピングセンター,6.796,6796.0,2006年4月,2006.0,4.0,1.0,,沖縄県|浦添ショッピングセンター,26.249450493670885,127.71500826582277,,municipality_representative,low,,,浦添ショッピングセンター 沖縄県 浦添市 / 浦添ショッピングセンター 沖縄県 / 浦添ショッピングセンター,unresolved,,,,,https://nominatim.openstreetmap.org/search?q=%E6%B5%A6%E6%B7%BB%E3%82%B7%E3%83%A7%E3%83%83%E3%83%94%E3%83%B3%E3%82%B0%E3%82%BB%E3%83%B3%E3%82%BF%E3%83%BC&format=jsonv2&limit=5&addressdetails=1&countrycodes=jp,no_name_prefecture_matched_candidate
jcsc_pdf,https://www.jcsc.or.jp/wpjcsc/wp-content/uploads/2026/05/35212d5b060e16d7f8db21681d51d151.pdf,9,right,東京都,多摩市,都筑区,サウスウッド,6.792,6792.0,2013年10月,2013.0,10.0,0.8333,,東京都|サウスウッド,35.62921686516854,139.44035108988766,,municipality_representative,low,,,サウスウッド 東京都 多摩市 / サウスウッド 東京都 / サウスウッド,unresolved,,,,,https://nominatim.openstreetmap.org/search?q=%E3%82%B5%E3%82%A6%E3%82%B9%E3%82%A6%E3%83%83%E3%83%89&format=jsonv2&limit=5&addressdetails=1&countrycodes=jp,no_name_prefecture_matched_candidate
jcsc_pdf,https://www.jcsc.or.jp/wpjcsc/wp-content/uploads/2026/05/35212d5b060e16d7f8db21681d51d151.pdf,14,right,三重県,桑名市,,イオンタウン桑名新西方,"6,780",6780.0,2013年11月,2013.0,11.0,0.8333,,三重県|イオンタウン桑名新西方,35.07381057530121,136.6678584879518,,municipality_representative,low,,,イオンタウン桑名新西方 三重県 桑名市 / イオンタウン桑名新西方 三重県 / イオンタウン桑名新西方,unresolved,,,,,https://nominatim.openstreetmap.org/search?q=%E3%82%A4%E3%82%AA%E3%83%B3%E3%82%BF%E3%82%A6%E3%83%B3%E6%A1%91%E5%90%8D%E6%96%B0%E8%A5%BF%E6%96%B9+%E4%B8%89%E9%87%8D%E7%9C%8C+%E6%A1%91%E5%90%8D%E5%B8%82&format=jsonv2&limit=5&addressdetails=1&countrycodes=jp,no_name_prefecture_matched_candidate
jcsc_pdf,https://www.jcsc.or.jp/wpjcsc/wp-content/uploads/2026/05/35212d5b060e16d7f8db21681d51d151.pdf,12,left,岐阜県,高山市,,フレスボ飛環3山,"6,751",6751.0,2012年11月,2012.0,11.0,0.7667,,岐阜県|フレスボ飛環3山,36.139819620588234,137.2769037117647,,municipality_representative,low,,,フレスボ飛環3山 岐阜県 高山市 / フレスボ飛環3山 岐阜県 / フレスボ飛環3山,unresolved,,,,,https://nominatim.openstreetmap.org/search?q=%E3%83%95%E3%83%AC%E3%82%B9%E3%83%9C%E9%A3%9B%E7%92%B03%E5%B1%B1&format=jsonv2&limit=5&addressdetails=1&countrycodes=jp,no_name_prefecture_matched_candidate
jcsc_pdf,https://www.jcsc.or.jp/wpjcsc/wp-content/uploads/2026/05/35212d5b060e16d7f8db21681d51d151.pdf,5,right,埼玉県,ふじみ野市,,cocone上福岡(ココネ上福岡),6.732,6732.0,2006年3月,2006.0,3.0,0.8333,prefecture_inferred_from_municipality,埼玉県|cocone上福岡ココネ上福岡,35.869453351999994,139.518837904,,municipality_representative,low,,,cocone上福岡(ココネ上福岡) 埼玉県 ふじみ野市 / cocone上福岡(ココネ上福岡) 埼玉県 / cocone上福岡(ココネ上福岡),unresolved,,,,,https://nominatim.openstreetmap.org/search?q=cocone%E4%B8%8A%E7%A6%8F%E5%B2%A1%28%E3%82%B3%E3%82%B3%E3%83%8D%E4%B8%8A%E7%A6%8F%E5%B2%A1%29&format=jsonv2&limit=5&addressdetails=1&countrycodes=jp,no_name_prefecture_matched_candidate
jcsc_pdf,https://www.jcsc.or.jp/wpjcsc/wp-content/uploads/2026/05/35212d5b060e16d7f8db21681d51d151.pdf,6,left,千葉県,船橋市,,鉛橋FACE,6.728,6728.0,2003年4月,2003.0,4.0,0.8333,prefecture_inferred_from_municipality,千葉県|鉛橋face,35.721840428134556,140.01164259938838,,municipality_representative,low,,,鉛橋FACE 千葉県 船橋市 / 鉛橋FACE 千葉県 / 鉛橋FACE,unresolved,,,,,https://nominatim.openstreetmap.org/search?q=%E9%89%9B%E6%A9%8BFACE&format=jsonv2&limit=5&addressdetails=1&countrycodes=jp,no_name_prefecture_matched_candidate
jcsc_pdf,https://www.jcsc.or.jp/wpjcsc/wp-content/uploads/2026/05/35212d5b060e16d7f8db21681d51d151.pdf,4,right,埼玉県,さいたま市岩槻区,岩槻区,UNICUS浦和英園(ウニクス浦和英園),"6,722",6722.0,2017年3月,2017.0,3.0,0.8333,municipality_missing,栃木県|unicus浦和英園ウニクス浦和英園,35.950114153225805,139.70706620161292,,municipality_representative,low,,municipality_alias,UNICUS浦和英園(ウニクス浦和英園) 埼玉県 さいたま市岩槻区 / UNICUS浦和英園(ウニクス浦和英園) 埼玉県 / UNICUS浦和英園(ウニクス浦和英園),unresolved,,,,,https://nominatim.openstreetmap.org/search?q=UNICUS%E6%B5%A6%E5%92%8C%E8%8B%B1%E5%9C%92%28%E3%82%A6%E3%83%8B%E3%82%AF%E3%82%B9%E6%B5%A6%E5%92%8C%E8%8B%B1%E5%9C%92%29&format=jsonv2&limit=5&addressdetails=1&countrycodes=jp,no_name_prefecture_matched_candidate
jcsc_pdf,https://www.jcsc.or.jp/wpjcsc/wp-content/uploads/2026/05/35212d5b060e16d7f8db21681d51d151.pdf,6,right,千葉県,大網白里市,,ベイシア大網白里店,"6,700",6700.0,2008年7月,2008.0,7.0,0.8333,prefecture_inferred_from_municipality,千葉県|ベイシア大網白里店,35.517739931034484,140.3325866896552,,municipality_representative,low,,,ベイシア大網白里店 千葉県 大網白里市 / ベイシア大網白里店 千葉県 / ベイシア大網白里店,unresolved,,,,,https://nominatim.openstreetmap.org/search?q=%E3%83%99%E3%82%A4%E3%82%B7%E3%82%A2%E5%A4%A7%E7%B6%B2%E7%99%BD%E9%87%8C%E5%BA%97&format=jsonv2&limit=5&addressdetails=1&countrycodes=jp,no_name_prefecture_matched_candidate
jcsc_pdf,https://www.jcsc.or.jp/wpjcsc/wp-content/uploads/2026/05/35212d5b060e16d7f8db21681d51d151.pdf,6,right,東京都,千代田区,千代田区,Marunouchi BRICK SQUARE,6.700,6700.0,2009年9月,2009.0,9.0,1.0,municipality_missing,東京都|marunouchibricksquare,35.69180986086956,139.75971808695652,,municipality_representative,low,,,Marunouchi BRICK SQUARE 東京都 千代田区 / Marunouchi BRICK SQUARE 東京都 / Marunouchi BRICK SQUARE,unresolved,,,,,https://nominatim.openstreetmap.org/search?q=Marunouchi+BRICK+SQUARE&format=jsonv2&limit=5&addressdetails=1&countrycodes=jp,no_name_prefecture_matched_candidate
jcsc_pdf,https://www.jcsc.or.jp/wpjcsc/wp-content/uploads/2026/05/35212d5b060e16d7f8db21681d51d151.pdf,13,left,静岡県,静岡市葵区,緑区,ピアゴ清水山店,"6,700",6700.0,2000年8月,2000.0,8.0,0.7667,prefecture_inferred_from_municipality,静岡県|ピアゴ清水山店,35.00736196509009,138.41285507657656,,municipality_representative,low,,,ピアゴ清水山店 静岡県 静岡市葵区 / ピアゴ清水山店 静岡県 / ピアゴ清水山店,unresolved,,,,,https://nominatim.openstreetmap.org/search?q=%E3%83%94%E3%82%A2%E3%82%B4%E6%B8%85%E6%B0%B4%E5%B1%B1%E5%BA%97&format=jsonv2&limit=5&addressdetails=1&countrycodes=jp,no_name_prefecture_matched_candidate
jcsc_pdf,https://www.jcsc.or.jp/wpjcsc/wp-content/uploads/2026/05/35212d5b060e16d7f8db21681d51d151.pdf,14,right,三重県,津市,,アルテ津新町店,"6,700",6700.0,1995年8月,1995.0,8.0,0.8333,,三重県|アルテ津新町店,34.71166455847953,136.46084855555554,,municipality_representative,low,,,アルテ津新町店 三重県 津市 / アルテ津新町店 三重県 / アルテ津新町店,unresolved,,,,,https://nominatim.openstreetmap.org/search?q=%E3%82%A2%E3%83%AB%E3%83%86%E6%B4%A5%E6%96%B0%E7%94%BA%E5%BA%97&format=jsonv2&limit=5&addressdetails=1&countrycodes=jp,no_name_prefecture_matched_candidate
jcsc_pdf,https://www.jcsc.or.jp/wpjcsc/wp-content/uploads/2026/05/35212d5b060e16d7f8db21681d51d151.pdf,15,right,大阪府,大阪市淀川区,淀川区,ゆめっせ 新大阪センイシティー,"6,700",6700.0,2013年11月,2013.0,11.0,0.8333,municipality_missing,京都府|ゆめっせ新大阪センイシティー,34.72865935227273,135.4827504090909,,municipality_representative,low,,municipality_alias,ゆめっせ 新大阪センイシティー 大阪府 大阪市淀川区 / ゆめっせ 新大阪センイシティー 大阪府 / ゆめっせ 新大阪センイシティー,unresolved,,,,,https://nominatim.openstreetmap.org/search?q=%E3%82%86%E3%82%81%E3%81%A3%E3%81%9B+%E6%96%B0%E5%A4%A7%E9%98%AA%E3%82%BB%E3%83%B3%E3%82%A4%E3%82%B7%E3%83%86%E3%82%A3%E3%83%BC&format=jsonv2&limit=5&addressdetails=1&countrycodes=jp,no_name_prefecture_matched_candidate
jcsc_pdf,https://www.jcsc.or.jp/wpjcsc/wp-content/uploads/2026/05/35212d5b060e16d7f8db21681d51d151.pdf,15,right,大阪府,大阪市此花区,此花区,イオン高見店(高見プラザ),"6,688",6688.0,1994年11月,1994.0,11.0,0.75,municipality_missing,京都府|イオン高見店高見プラザ,34.67781120338983,135.44221598305083,,municipality_representative,low,,municipality_alias,イオン高見店(高見プラザ) 大阪府 大阪市此花区 / イオン高見店(高見プラザ) 大阪府 / イオン高見店(高見プラザ),unresolved,,,,,https://nominatim.openstreetmap.org/search?q=%E3%82%A4%E3%82%AA%E3%83%B3%E9%AB%98%E8%A6%8B%E5%BA%97%28%E9%AB%98%E8%A6%8B%E3%83%97%E3%83%A9%E3%82%B6%29&format=jsonv2&limit=5&addressdetails=1&countrycodes=jp,no_name_prefecture_matched_candidate
jcsc_pdf,https://www.jcsc.or.jp/wpjcsc/wp-content/uploads/2026/05/35212d5b060e16d7f8db21681d51d151.pdf,7,left,千葉県,流山市,港区,三井ショッピングパークアーパン 赤坂Bizタワー,"6,677",6677.0,2008年3月,2008.0,3.0,0.8333,prefecture_inferred_from_municipality,千葉県|三井ショッピングパークアーパン赤坂bizタワー,35.86814102238806,139.91512308208954,,municipality_representative,low,,,三井ショッピングパークアーパン 赤坂Bizタワー 千葉県 流山市 / 三井ショッピングパークアーパン 赤坂Bizタワー 千葉県 / 三井ショッピングパークアーパン 赤坂Bizタワー,unresolved,,,,,https://nominatim.openstreetmap.org/search?q=%E4%B8%89%E4%BA%95%E3%82%B7%E3%83%A7%E3%83%83%E3%83%94%E3%83%B3%E3%82%B0%E3%83%91%E3%83%BC%E3%82%AF%E3%82%A2%E3%83%BC%E3%83%91%E3%83%B3+%E8%B5%A4%E5%9D%82Biz%E3%82%BF%E3%83%AF%E3%83%BC&format=jsonv2&limit=5&addressdetails=1&countrycodes=jp,no_name_prefecture_matched_candidate
jcsc_pdf,https://www.jcsc.or.jp/wpjcsc/wp-content/uploads/2026/05/35212d5b060e16d7f8db21681d51d151.pdf,6,left,千葉県,柏市,,イオンタウン松ヶ崎,"6,668",6668.0,1999年10月,1999.0,10.0,0.8333,prefecture_inferred_from_municipality,千葉県|イオンタウン松ヶ崎,35.85366168012422,139.97619038198758,,municipality_representative,low,,,イオンタウン松ヶ崎 千葉県 柏市 / イオンタウン松ヶ崎 千葉県 / イオンタウン松ヶ崎,unresolved,,,,,https://nominatim.openstreetmap.org/search?q=%E3%82%A4%E3%82%AA%E3%83%B3%E3%82%BF%E3%82%A6%E3%83%B3%E6%9D%BE%E3%83%B6%E5%B4%8E&format=jsonv2&limit=5&addressdetails=1&countrycodes=jp,no_name_prefecture_matched_candidate
jcsc_pdf,https://www.jcsc.or.jp/wpjcsc/wp-content/uploads/2026/05/35212d5b060e16d7f8db21681d51d151.pdf,11,right,山梨県,南アルプス市,,南アルプスガーデンショッピングセンター,"6,663",6663.0,2004年4月,2004.0,4.0,1.0,,山梨県|南アルプスガーデンショッピングセンター,35.61982817910447,138.45836279104478,,municipality_representative,low,,,南アルプスガーデンショッピングセンター 山梨県 南アルプス市 / 南アルプスガーデンショッピングセンター 山梨県 / 南アルプスガーデンショッピングセンター,unresolved,,,,,https://nominatim.openstreetmap.org/search?q=%E5%8D%97%E3%82%A2%E3%83%AB%E3%83%97%E3%82%B9%E3%82%AC%E3%83%BC%E3%83%87%E3%83%B3%E3%82%B7%E3%83%A7%E3%83%83%E3%83%94%E3%83%B3%E3%82%B0%E3%82%BB%E3%83%B3%E3%82%BF%E3%83%BC&format=jsonv2&limit=5&addressdetails=1&countrycodes=jp,no_name_prefecture_matched_candidate
jcsc_pdf,https://www.jcsc.or.jp/wpjcsc/wp-content/uploads/2026/05/35212d5b060e16d7f8db21681d51d151.pdf,5,left,埼玉県,草加市,,モールプラザ,6.661,6661.0,2006年11月,2006.0,11.0,1.0,prefecture_inferred_from_municipality,埼玉県|モールプラザ,35.83825174789916,139.80054673109242,,municipality_representative,low,,,モールプラザ 埼玉県 草加市 / モールプラザ 埼玉県 / モールプラザ,unresolved,,,,,https://nominatim.openstreetmap.org/search?q=%E3%83%A2%E3%83%BC%E3%83%AB%E3%83%97%E3%83%A9%E3%82%B6&format=jsonv2&limit=5&addressdetails=1&countrycodes=jp,no_name_prefecture_matched_candidate
jcsc_pdf,https://www.jcsc.or.jp/wpjcsc/wp-content/uploads/2026/05/35212d5b060e16d7f8db21681d51d151.pdf,14,left,愛知県,尾張旭市,,ピアゴ印場店,6.661,6661.0,1999年3月,1999.0,3.0,0.7667,prefecture_inferred_from_municipality,愛知県|ピアゴ印場店,35.21213097826087,137.0335039619565,,municipality_representative,low,,,ピアゴ印場店 愛知県 尾張旭市 / ピアゴ印場店 愛知県 / ピアゴ印場店,unresolved,,,,,https://nominatim.openstreetmap.org/search?q=%E3%83%94%E3%82%A2%E3%82%B4%E5%8D%B0%E5%A0%B4%E5%BA%97&format=jsonv2&limit=5&addressdetails=1&countrycodes=jp,no_name_prefecture_matched_candidate
jcsc_pdf,https://www.jcsc.or.jp/wpjcsc/wp-content/uploads/2026/05/35212d5b060e16d7f8db21681d51d151.pdf,22,right,大分県,豊後大野市,,トキハインダストリー三亜店,"6,647",6647.0,1981年5月,1981.0,5.0,0.875,prefecture_inferred_from_municipality,大分県|トキハインダストリー三亜店,32.990242335820895,131.52024204477613,,municipality_representative,low,,,トキハインダストリー三亜店 大分県 豊後大野市 / トキハインダストリー三亜店 大分県 / トキハインダストリー三亜店,unresolved,,,,,https://nominatim.openstreetmap.org/search?q=%E3%83%88%E3%82%AD%E3%83%8F%E3%82%A4%E3%83%B3%E3%83%80%E3%82%B9%E3%83%88%E3%83%AA%E3%83%BC%E4%B8%89%E4%BA%9C%E5%BA%97&format=jsonv2&limit=5&addressdetails=1&countrycodes=jp,no_name_prefecture_matched_candidate
jcsc_pdf,https://www.jcsc.or.jp/wpjcsc/wp-content/uploads/2026/05/35212d5b060e16d7f8db21681d51d151.pdf,5,left,群馬県,高崎市,,マミーマート所沢山口店,6.636,6636.0,2004年12月,2004.0,12.0,0.8333,prefecture_inferred_from_municipality,群馬県|マミーマート所沢山口店,36.33529675464684,138.9949314832714,,municipality_representative,low,,,マミーマート所沢山口店 群馬県 高崎市 / マミーマート所沢山口店 群馬県 / マミーマート所沢山口店,unresolved,,,,,https://nominatim.openstreetmap.org/search?q=%E3%83%9E%E3%83%9F%E3%83%BC%E3%83%9E%E3%83%BC%E3%83%88%E6%89%80%E6%B2%A2%E5%B1%B1%E5%8F%A3%E5%BA%97&format=jsonv2&limit=5&addressdetails=1&countrycodes=jp,no_name_prefecture_matched_candidate
jcsc_pdf,https://www.jcsc.or.jp/wpjcsc/wp-content/uploads/2026/05/35212d5b060e16d7f8db21681d51d151.pdf,10,right,富山県,富山市,,CiC (シック),6.634,6634.0,1992年3月,1992.0,3.0,0.8333,,富山県|cicシック,36.6594965053681,137.20881503527607,,municipality_representative,low,,,CiC (シック) 富山県 富山市 / CiC (シック) 富山県 / CiC (シック),unresolved,,,,,https://nominatim.openstreetmap.org/search?q=CiC+%28%E3%82%B7%E3%83%83%E3%82%AF%29&format=jsonv2&limit=5&addressdetails=1&countrycodes=jp,no_name_prefecture_matched_candidate
jcsc_pdf,https://www.jcsc.or.jp/wpjcsc/wp-content/uploads/2026/05/35212d5b060e16d7f8db21681d51d151.pdf,22,left,熊本県,山鹿市,,ゆめマート東山鹿,6.615,6615.0,1996年11月,1996.0,11.0,0.8333,prefecture_inferred_from_municipality,熊本県|ゆめマート東山鹿,33.01800738461539,130.7126028131868,,municipality_representative,low,,,ゆめマート東山鹿 熊本県 山鹿市 / ゆめマート東山鹿 熊本県 / ゆめマート東山鹿,unresolved,,,,,https://nominatim.openstreetmap.org/search?q=%E3%82%86%E3%82%81%E3%83%9E%E3%83%BC%E3%83%88%E6%9D%B1%E5%B1%B1%E9%B9%BF&format=jsonv2&limit=5&addressdetails=1&countrycodes=jp,no_name_prefecture_matched_candidate
jcsc_pdf,https://www.jcsc.or.jp/wpjcsc/wp-content/uploads/2026/05/35212d5b060e16d7f8db21681d51d151.pdf,13,left,静岡県,静岡市葵区,北区,CROSS TOWN (MEGAドン・キホーテ名古屋本店),"6,600",6600.0,2008年3月,2008.0,3.0,1.0,prefecture_inferred_from_municipality,静岡県|crosstownmegaドンキホーテ名古屋本店,35.00736196509009,138.41285507657656,,municipality_representative,low,,,CROSS TOWN (MEGAドン・キホーテ名古屋本店) 静岡県 静岡市葵区 / CROSS TOWN (MEGAドン・キホーテ名古屋本店) 静岡県 / CROSS TOWN (MEGAドン・キホーテ名古屋本店),unresolved,,,,,https://nominatim.openstreetmap.org/search?q=CROSS+TOWN+%28MEGA%E3%83%89%E3%83%B3%E3%83%BB%E3%82%AD%E3%83%9B%E3%83%BC%E3%83%86%E5%90%8D%E5%8F%A4%E5%B1%8B%E6%9C%AC%E5%BA%97%29&format=jsonv2&limit=5&addressdetails=1&countrycodes=jp,no_name_prefecture_matched_candidate
jcsc_pdf,https://www.jcsc.or.jp/wpjcsc/wp-content/uploads/2026/05/35212d5b060e16d7f8db21681d51d151.pdf,21,right,長崎県,長崎市,,滑石ショッピングセンター,6.596,6596.0,1973年7月,1973.0,7.0,0.875,,長崎県|滑石ショッピングセンター,32.758114,129.85546771399177,,municipality_representative,low,,,滑石ショッピングセンター 長崎県 長崎市,added,滑石ショッピングセンター,"滑石ショッピングセンター, 大井手橋３, 滑石三丁目, 大園町, 長崎市, 長崎県, 850-8685, 日本",32.8068063,129.8363731,https://nominatim.openstreetmap.org/search?q=%E6%BB%91%E7%9F%B3%E3%82%B7%E3%83%A7%E3%83%83%E3%83%94%E3%83%B3%E3%82%B0%E3%82%BB%E3%83%B3%E3%82%BF%E3%83%BC+%E9%95%B7%E5%B4%8E%E7%9C%8C+%E9%95%B7%E5%B4%8E%E5%B8%82&format=jsonv2&limit=5&addressdetails=1&countrycodes=jp,
jcsc_pdf,https://www.jcsc.or.jp/wpjcsc/wp-content/uploads/2026/05/35212d5b060e16d7f8db21681d51d151.pdf,13,right,愛知県,岡崎市,,ピアゴ洞店,"6,594",6594.0,1996年11月,1996.0,11.0,0.7667,,愛知県|ピアゴ洞店,34.943625585006274,137.18850034567126,,municipality_representative,low,,,ピアゴ洞店 愛知県 岡崎市,added,ピアゴ洞店,"ピアゴ洞店, 伝馬町線, 洞町, 岡崎市, 愛知県, 444-0007, 日本",34.9484959,137.1907727,https://nominatim.openstreetmap.org/search?q=%E3%83%94%E3%82%A2%E3%82%B4%E6%B4%9E%E5%BA%97+%E6%84%9B%E7%9F%A5%E7%9C%8C+%E5%B2%A1%E5%B4%8E%E5%B8%82&format=jsonv2&limit=5&addressdetails=1&countrycodes=jp,
jcsc_pdf,https://www.jcsc.or.jp/wpjcsc/wp-content/uploads/2026/05/35212d5b060e16d7f8db21681d51d151.pdf,7,left,千葉県,流山市,新宿区,新宿マルイメン,"6,590",6590.0,2017年5月,2017.0,5.0,1.0,prefecture_inferred_from_municipality,千葉県|新宿マルイメン,35.86814102238806,139.91512308208954,,municipality_representative,low,,,新宿マルイメン 千葉県 流山市 / 新宿マルイメン 千葉県 / 新宿マルイメン,unresolved,,,,,https://nominatim.openstreetmap.org/search?q=%E6%96%B0%E5%AE%BF%E3%83%9E%E3%83%AB%E3%82%A4%E3%83%A1%E3%83%B3&format=jsonv2&limit=5&addressdetails=1&countrycodes=jp,no_name_prefecture_matched_candidate
jcsc_pdf,https://www.jcsc.or.jp/wpjcsc/wp-content/uploads/2026/05/35212d5b060e16d7f8db21681d51d151.pdf,7,right,東京都,渋谷区,渋谷区,東急プラザ表参道原宿,"6,589",6589.0,2012年4月,2012.0,4.0,1.0,municipality_missing,東京都|東急プラザ表参道原宿,35.6654809125,139.6970510125,,municipality_representative,low,,,東急プラザ表参道原宿 東京都 渋谷区 / 東急プラザ表参道原宿 東京都 / 東急プラザ表参道原宿,unresolved,,,,,https://nominatim.openstreetmap.org/search?q=%E6%9D%B1%E6%80%A5%E3%83%97%E3%83%A9%E3%82%B6%E8%A1%A8%E5%8F%82%E9%81%93%E5%8E%9F%E5%AE%BF&format=jsonv2&limit=5&addressdetails=1&countrycodes=jp,no_name_prefecture_matched_candidate
jcsc_pdf,https://www.jcsc.or.jp/wpjcsc/wp-content/uploads/2026/05/35212d5b060e16d7f8db21681d51d151.pdf,8,left,千葉県,流山市,江戸川区,シャポー小岩,"6,582",6582.0,1972年7月,1972.0,7.0,0.875,prefecture_inferred_from_municipality,千葉県|シャポー小岩,35.86814102238806,139.91512308208954,,municipality_representative,low,,,シャポー小岩 千葉県 流山市 / シャポー小岩 千葉県 / シャポー小岩,unresolved,,,,,https://nominatim.openstreetmap.org/search?q=%E3%82%B7%E3%83%A3%E3%83%9D%E3%83%BC%E5%B0%8F%E5%B2%A9&format=jsonv2&limit=5&addressdetails=1&countrycodes=jp,no_name_prefecture_matched_candidate
jcsc_pdf,https://www.jcsc.or.jp/wpjcsc/wp-content/uploads/2026/05/35212d5b060e16d7f8db21681d51d151.pdf,7,left,千葉県,流山市,台東区,アトレ上野,6.581,6581.0,2002年2月,2002.0,2.0,0.8333,prefecture_inferred_from_municipality,千葉県|アトレ上野,35.86814102238806,139.91512308208954,,municipality_representative,low,,,アトレ上野 千葉県 流山市 / アトレ上野 千葉県 / アトレ上野,unresolved,,,,,https://nominatim.openstreetmap.org/search?q=%E3%82%A2%E3%83%88%E3%83%AC%E4%B8%8A%E9%87%8E&format=jsonv2&limit=5&addressdetails=1&countrycodes=jp,no_name_prefecture_matched_candidate
jcsc_pdf,https://www.jcsc.or.jp/wpjcsc/wp-content/uploads/2026/05/35212d5b060e16d7f8db21681d51d151.pdf,15,right,京都府,八幡市,,ファミレYAWATA,"6,577",6577.0,1983年11月,1983.0,11.0,0.75,prefecture_inferred_from_municipality,京都府|ファミレyawata,34.866614750708216,135.71727839093484,,municipality_representative,low,,,ファミレYAWATA 京都府 八幡市 / ファミレYAWATA 京都府 / ファミレYAWATA,unresolved,,,,,https://nominatim.openstreetmap.org/search?q=%E3%83%95%E3%82%A1%E3%83%9F%E3%83%ACYAWATA&format=jsonv2&limit=5&addressdetails=1&countrycodes=jp,no_name_prefecture_matched_candidate
jcsc_pdf,https://www.jcsc.or.jp/wpjcsc/wp-content/uploads/2026/05/35212d5b060e16d7f8db21681d51d151.pdf,5,left,埼玉県,飯能市,,西武飯能ペペ,6.559,6559.0,1992年10月,1992.0,10.0,0.7,prefecture_inferred_from_municipality,埼玉県|西武飯能ペペ,35.867125277108435,139.28457669879518,,municipality_representative,low,,,西武飯能ペペ 埼玉県 飯能市,added,西武飯能ペペ,"西武飯能ペペ, 材木通り, 八幡町, 大字久下, 飯能市, 埼玉県, 357-0038, 日本",35.8512054,139.3194173,https://nominatim.openstreetmap.org/search?q=%E8%A5%BF%E6%AD%A6%E9%A3%AF%E8%83%BD%E3%83%9A%E3%83%9A+%E5%9F%BC%E7%8E%89%E7%9C%8C+%E9%A3%AF%E8%83%BD%E5%B8%82&format=jsonv2&limit=5&addressdetails=1&countrycodes=jp,
jcsc_pdf,https://www.jcsc.or.jp/wpjcsc/wp-content/uploads/2026/05/35212d5b060e16d7f8db21681d51d151.pdf,13,right,愛知県,一宮市,,ビアゴパワー妙興寺店,"6,559",6559.0,2003年6月,2003.0,6.0,0.7667,,愛知県|ビアゴパワー妙興寺店,35.31081304335951,136.7965661847047,,municipality_representative,low,,,ビアゴパワー妙興寺店 愛知県 一宮市 / ビアゴパワー妙興寺店 愛知県 / ビアゴパワー妙興寺店,unresolved,,,,,https://nominatim.openstreetmap.org/search?q=%E3%83%93%E3%82%A2%E3%82%B4%E3%83%91%E3%83%AF%E3%83%BC%E5%A6%99%E8%88%88%E5%AF%BA%E5%BA%97&format=jsonv2&limit=5&addressdetails=1&countrycodes=jp,no_name_prefecture_matched_candidate
jcsc_pdf,https://www.jcsc.or.jp/wpjcsc/wp-content/uploads/2026/05/35212d5b060e16d7f8db21681d51d151.pdf,20,left,広島県,竹原市,,TOKUYAMA DECK(徳山デッキ),6.542,6542.0,2024年4月,2024.0,4.0,0.8333,prefecture_inferred_from_municipality,広島県|tokuyamadeck徳山デッキ,34.34524278846153,132.9301638076923,,municipality_representative,low,,,TOKUYAMA DECK(徳山デッキ) 広島県 竹原市 / TOKUYAMA DECK(徳山デッキ) 広島県 / TOKUYAMA DECK(徳山デッキ),unresolved,,,,,https://nominatim.openstreetmap.org/search?q=TOKUYAMA+DECK%28%E5%BE%B3%E5%B1%B1%E3%83%87%E3%83%83%E3%82%AD%29&format=jsonv2&limit=5&addressdetails=1&countrycodes=jp,no_name_prefecture_matched_candidate
jcsc_pdf,https://www.jcsc.or.jp/wpjcsc/wp-content/uploads/2026/05/35212d5b060e16d7f8db21681d51d151.pdf,4,right,埼玉県,川越市,,ヤオコー川越山田ショッピングプラザ,"6,538",6538.0,2000年4月,2000.0,4.0,0.8333,prefecture_inferred_from_municipality,埼玉県|ヤオコー川越山田ショッピングプラザ,35.91131669477912,139.4732263815261,,municipality_representative,low,,,ヤオコー川越山田ショッピングプラザ 埼玉県 川越市 / ヤオコー川越山田ショッピングプラザ 埼玉県 / ヤオコー川越山田ショッピングプラザ,unresolved,,,,,https://nominatim.openstreetmap.org/search?q=%E3%83%A4%E3%82%AA%E3%82%B3%E3%83%BC%E5%B7%9D%E8%B6%8A%E5%B1%B1%E7%94%B0%E3%82%B7%E3%83%A7%E3%83%83%E3%83%94%E3%83%B3%E3%82%B0%E3%83%97%E3%83%A9%E3%82%B6&format=jsonv2&limit=5&addressdetails=1&countrycodes=jp,no_name_prefecture_matched_candidate
jcsc_pdf,https://www.jcsc.or.jp/wpjcsc/wp-content/uploads/2026/05/35212d5b060e16d7f8db21681d51d151.pdf,6,right,千葉県,鎌ヶ谷市,,ショッピングプラザ鎌ヶ谷,"6,537",6537.0,2013年11月,2013.0,11.0,1.0,,栃木県|ショッピングプラザ鎌ヶ谷,35.767979870588235,140.00015794117647,,municipality_representative,low,,prefecture_inferred_from_municipality,ショッピングプラザ鎌ヶ谷 千葉県 鎌ヶ谷市,added,タイムズ ショッピングプラザ鎌ヶ谷第二,"タイムズ ショッピングプラザ鎌ヶ谷第二, 国道464号, 初富本町二丁目, 北初富, 鎌ケ谷市, 千葉県, 273-0112, 日本",35.7724559,139.9991164,https://nominatim.openstreetmap.org/search?q=%E3%82%B7%E3%83%A7%E3%83%83%E3%83%94%E3%83%B3%E3%82%B0%E3%83%97%E3%83%A9%E3%82%B6%E9%8E%8C%E3%83%B6%E8%B0%B7+%E5%8D%83%E8%91%89%E7%9C%8C+%E9%8E%8C%E3%83%B6%E8%B0%B7%E5%B8%82&format=jsonv2&limit=5&addressdetails=1&countrycodes=jp,
jcsc_pdf,https://www.jcsc.or.jp/wpjcsc/wp-content/uploads/2026/05/35212d5b060e16d7f8db21681d51d151.pdf,11,right,山梨県,山梨市,,アクロスプラザ山梨,"6,529",6529.0,2001年11月,2001.0,11.0,0.75,,山梨県|アクロスプラザ山梨,35.72161298181818,138.68758036363636,,municipality_representative,low,,,アクロスプラザ山梨 山梨県 山梨市 / アクロスプラザ山梨 山梨県 / アクロスプラザ山梨,unresolved,,,,,https://nominatim.openstreetmap.org/search?q=%E3%82%A2%E3%82%AF%E3%83%AD%E3%82%B9%E3%83%97%E3%83%A9%E3%82%B6%E5%B1%B1%E6%A2%A8&format=jsonv2&limit=5&addressdetails=1&countrycodes=jp,no_name_prefecture_matched_candidate
jcsc_pdf,https://www.jcsc.or.jp/wpjcsc/wp-content/uploads/2026/05/35212d5b060e16d7f8db21681d51d151.pdf,4,left,栃木県,宇都宮市,,ヨークタウン若松原,"6,526",6526.0,1994年10月,1994.0,10.0,0.8333,,栃木県|ヨークタウン若松原,36.55886943259558,139.88715373239438,,municipality_representative,low,,fuzzy_municipality,ヨークタウン若松原 栃木県 宇都宮市 / ヨークタウン若松原 栃木県 / ヨークタウン若松原,unresolved,,,,,https://nominatim.openstreetmap.org/search?q=%E3%83%A8%E3%83%BC%E3%82%AF%E3%82%BF%E3%82%A6%E3%83%B3%E8%8B%A5%E6%9D%BE%E5%8E%9F&format=jsonv2&limit=5&addressdetails=1&countrycodes=jp,no_name_prefecture_matched_candidate
jcsc_pdf,https://www.jcsc.or.jp/wpjcsc/wp-content/uploads/2026/05/35212d5b060e16d7f8db21681d51d151.pdf,22,left,大分県,豊後高田市,,イオンタウン豊後高田,6.521,6521.0,1997年9月,1997.0,9.0,0.8333,,沖縄県|イオンタウン豊後高田,33.56629081355932,131.48964255932202,,municipality_representative,low,,municipality_alias,イオンタウン豊後高田 大分県 豊後高田市 / イオンタウン豊後高田 大分県 / イオンタウン豊後高田,unresolved,,,,,https://nominatim.openstreetmap.org/search?q=%E3%82%A4%E3%82%AA%E3%83%B3%E3%82%BF%E3%82%A6%E3%83%B3%E8%B1%8A%E5%BE%8C%E9%AB%98%E7%94%B0&format=jsonv2&limit=5&addressdetails=1&countrycodes=jp,no_name_prefecture_matched_candidate
jcsc_pdf,https://www.jcsc.or.jp/wpjcsc/wp-content/uploads/2026/05/35212d5b060e16d7f8db21681d51d151.pdf,13,left,静岡県,静岡市葵区,中川区,マックスバリュ篠原橋東店,"6,519",6519.0,2017年4月,2017.0,4.0,0.8333,prefecture_inferred_from_municipality,静岡県|マックスバリュ篠原橋東店,35.00736196509009,138.41285507657656,,municipality_representative,low,,,マックスバリュ篠原橋東店 静岡県 静岡市葵区 / マックスバリュ篠原橋東店 静岡県 / マックスバリュ篠原橋東店,unresolved,,,,,https://nominatim.openstreetmap.org/search?q=%E3%83%9E%E3%83%83%E3%82%AF%E3%82%B9%E3%83%90%E3%83%AA%E3%83%A5%E7%AF%A0%E5%8E%9F%E6%A9%8B%E6%9D%B1%E5%BA%97&format=jsonv2&limit=5&addressdetails=1&countrycodes=jp,no_name_prefecture_matched_candidate
jcsc_pdf,https://www.jcsc.or.jp/wpjcsc/wp-content/uploads/2026/05/35212d5b060e16d7f8db21681d51d151.pdf,2,right,宮城県,仙台市青葉区,青葉区,錦ケ丘ヒルサイドモール,6.511,6511.0,2002年8月,2002.0,8.0,0.8333,,宮城県|錦ケ丘ヒルサイドモール,38.28114834637965,140.8037427142857,,municipality_representative,low,,,錦ケ丘ヒルサイドモール 宮城県 仙台市青葉区,added,錦ケ丘ヒルサイドモール,"錦ケ丘ヒルサイドモール, 1, 青葉区, 仙台市, 宮城県, 989-3123, 日本",38.2575720,140.7650052,https://nominatim.openstreetmap.org/search?q=%E9%8C%A6%E3%82%B1%E4%B8%98%E3%83%92%E3%83%AB%E3%82%B5%E3%82%A4%E3%83%89%E3%83%A2%E3%83%BC%E3%83%AB+%E5%AE%AE%E5%9F%8E%E7%9C%8C+%E4%BB%99%E5%8F%B0%E5%B8%82%E9%9D%92%E8%91%89%E5%8C%BA&format=jsonv2&limit=5&addressdetails=1&countrycodes=jp,
jcsc_pdf,https://www.jcsc.or.jp/wpjcsc/wp-content/uploads/2026/05/35212d5b060e16d7f8db21681d51d151.pdf,16,right,大阪府,大東市,,アルビ住道,"6,510",6510.0,1991年7月,1991.0,7.0,0.7667,prefecture_inferred_from_municipality,大阪府|アルビ住道,34.712388612903226,135.62663748387095,,municipality_representative,low,,,アルビ住道 大阪府 大東市 / アルビ住道 大阪府 / アルビ住道,unresolved,,,,,https://nominatim.openstreetmap.org/search?q=%E3%82%A2%E3%83%AB%E3%83%93%E4%BD%8F%E9%81%93&format=jsonv2&limit=5&addressdetails=1&countrycodes=jp,no_name_prefecture_matched_candidate
jcsc_pdf,https://www.jcsc.or.jp/wpjcsc/wp-content/uploads/2026/05/35212d5b060e16d7f8db21681d51d151.pdf,7,right,東京都,渋谷区,渋谷区,笹塚ショッピングモール TWENTY ONE,6478,6478.0,1978年11月,1978.0,11.0,1.0,municipality_missing,東京都|笹塚ショッピングモールtwentyone,35.6654809125,139.6970510125,,municipality_representative,low,,,笹塚ショッピングモール TWENTY ONE 東京都 渋谷区,added,笹塚ショッピングモール TWENTY ONE,"笹塚ショッピングモール TWENTY ONE, 笹塚一丁目, 笹塚, 渋谷区, 東京都, 151-0073, 日本",35.6737335,139.6686901,https://nominatim.openstreetmap.org/search?q=%E7%AC%B9%E5%A1%9A%E3%82%B7%E3%83%A7%E3%83%83%E3%83%94%E3%83%B3%E3%82%B0%E3%83%A2%E3%83%BC%E3%83%AB+TWENTY+ONE+%E6%9D%B1%E4%BA%AC%E9%83%BD+%E6%B8%8B%E8%B0%B7%E5%8C%BA&format=jsonv2&limit=5&addressdetails=1&countrycodes=jp,
jcsc_pdf,https://www.jcsc.or.jp/wpjcsc/wp-content/uploads/2026/05/35212d5b060e16d7f8db21681d51d151.pdf,17,left,兵庫県,神戸市東灘区,東灘区,マーケットシーン リバーモール,6.472,6472.0,1993年3月,1993.0,3.0,1.0,prefecture_inferred_from_municipality,兵庫県|マーケットシーンリバーモール,34.719327956937796,135.27002520095695,,municipality_representative,low,,,マーケットシーン リバーモール 兵庫県 神戸市東灘区 / マーケットシーン リバーモール 兵庫県 / マーケットシーン リバーモール,unresolved,,,,,https://nominatim.openstreetmap.org/search?q=%E3%83%9E%E3%83%BC%E3%82%B1%E3%83%83%E3%83%88%E3%82%B7%E3%83%BC%E3%83%B3+%E3%83%AA%E3%83%90%E3%83%BC%E3%83%A2%E3%83%BC%E3%83%AB&format=jsonv2&limit=5&addressdetails=1&countrycodes=jp,no_name_prefecture_matched_candidate
jcsc_pdf,https://www.jcsc.or.jp/wpjcsc/wp-content/uploads/2026/05/35212d5b060e16d7f8db21681d51d151.pdf,20,right,福岡県,福岡市東区,東区,香椎フェスティバルガーデン,"6,447",6447.0,2010年4月,2010.0,4.0,1.0,,福岡県|香椎フェスティバルガーデン,33.65491267521368,130.43242745726496,,municipality_representative,low,,,香椎フェスティバルガーデン 福岡県 福岡市東区 / 香椎フェスティバルガーデン 福岡県 / 香椎フェスティバルガーデン,unresolved,,,,,https://nominatim.openstreetmap.org/search?q=%E9%A6%99%E6%A4%8E%E3%83%95%E3%82%A7%E3%82%B9%E3%83%86%E3%82%A3%E3%83%90%E3%83%AB%E3%82%AC%E3%83%BC%E3%83%87%E3%83%B3&format=jsonv2&limit=5&addressdetails=1&countrycodes=jp,no_name_prefecture_matched_candidate
jcsc_pdf,https://www.jcsc.or.jp/wpjcsc/wp-content/uploads/2026/05/35212d5b060e16d7f8db21681d51d151.pdf,22,left,熊本県,熊本市東区,東区,ショッピングモールさくらの森,"6,445",6445.0,1995年10月,1995.0,10.0,0.875,municipality_missing,宮崎県|ショッピングモールさくらの森,32.80116282089552,130.76762542786068,,municipality_representative,low,,municipality_alias,ショッピングモールさくらの森 熊本県,added,ショッピングモールさくらの森 十禅寺,"ショッピングモールさくらの森 十禅寺, 国道3号, 世安一丁目, 世安町, 中央区, 熊本市, 熊本県, 860-0827, 日本",32.7802403,130.6982042,https://nominatim.openstreetmap.org/search?q=%E3%82%B7%E3%83%A7%E3%83%83%E3%83%94%E3%83%B3%E3%82%B0%E3%83%A2%E3%83%BC%E3%83%AB%E3%81%95%E3%81%8F%E3%82%89%E3%81%AE%E6%A3%AE+%E7%86%8A%E6%9C%AC%E7%9C%8C&format=jsonv2&limit=5&addressdetails=1&countrycodes=jp,
jcsc_pdf,https://www.jcsc.or.jp/wpjcsc/wp-content/uploads/2026/05/35212d5b060e16d7f8db21681d51d151.pdf,14,right,三重県,津市,,マックスパリュ津北店,"6,429",6429.0,2015年9月,2015.0,9.0,0.8333,,三重県|マックスパリュ津北店,34.71166455847953,136.46084855555554,,municipality_representative,low,,,マックスパリュ津北店 三重県 津市 / マックスパリュ津北店 三重県 / マックスパリュ津北店,unresolved,,,,,https://nominatim.openstreetmap.org/search?q=%E3%83%9E%E3%83%83%E3%82%AF%E3%82%B9%E3%83%91%E3%83%AA%E3%83%A5%E6%B4%A5%E5%8C%97%E5%BA%97&format=jsonv2&limit=5&addressdetails=1&countrycodes=jp,no_name_prefecture_matched_candidate
jcsc_pdf,https://www.jcsc.or.jp/wpjcsc/wp-content/uploads/2026/05/35212d5b060e16d7f8db21681d51d151.pdf,15,right,京都府,相楽郡精華町,,せいかガーデンシティ,"6,406",6406.0,2007年5月,2007.0,5.0,1.0,,滋賀県|せいかガーデンシティ,34.7584818,135.78112468,,municipality_representative,low,,prefecture_inferred_from_municipality,せいかガーデンシティ 京都府 相楽郡精華町,added,せいかガーデンシティ,"せいかガーデンシティ, 八幡木津線, 狛田一丁目, 下狛, 精華町, 相楽郡, 京都府, 619-0240, 日本",34.7604012,135.7907796,https://nominatim.openstreetmap.org/search?q=%E3%81%9B%E3%81%84%E3%81%8B%E3%82%AC%E3%83%BC%E3%83%87%E3%83%B3%E3%82%B7%E3%83%86%E3%82%A3+%E4%BA%AC%E9%83%BD%E5%BA%9C+%E7%9B%B8%E6%A5%BD%E9%83%A1%E7%B2%BE%E8%8F%AF%E7%94%BA&format=jsonv2&limit=5&addressdetails=1&countrycodes=jp,
jcsc_pdf,https://www.jcsc.or.jp/wpjcsc/wp-content/uploads/2026/05/35212d5b060e16d7f8db21681d51d151.pdf,7,right,東京都,大田区,大田区,大森駅ビル ララ,"6,400",6400.0,1978年1月,1978.0,1.0,0.8333,municipality_missing,東京都|大森駅ビルララ,35.573614875000004,139.71817337962963,,municipality_representative,low,,,大森駅ビル ララ 東京都 大田区 / 大森駅ビル ララ 東京都 / 大森駅ビル ララ,unresolved,,,,,https://nominatim.openstreetmap.org/search?q=%E5%A4%A7%E6%A3%AE%E9%A7%85%E3%83%93%E3%83%AB+%E3%83%A9%E3%83%A9&format=jsonv2&limit=5&addressdetails=1&countrycodes=jp,no_name_prefecture_matched_candidate
jcsc_pdf,https://www.jcsc.or.jp/wpjcsc/wp-content/uploads/2026/05/35212d5b060e16d7f8db21681d51d151.pdf,14,left,愛知県,稲沢市,,ボナンザプラザヨシヅヤ平和店,"6,400",6400.0,1996年7月,1996.0,7.0,0.7667,prefecture_inferred_from_municipality,愛知県|ボナンザプラザヨシヅヤ平和店,35.24063126128417,136.76725061983473,,municipality_representative,low,,,ボナンザプラザヨシヅヤ平和店 愛知県 稲沢市 / ボナンザプラザヨシヅヤ平和店 愛知県 / ボナンザプラザヨシヅヤ平和店,unresolved,,,,,https://nominatim.openstreetmap.org/search?q=%E3%83%9C%E3%83%8A%E3%83%B3%E3%82%B6%E3%83%97%E3%83%A9%E3%82%B6%E3%83%A8%E3%82%B7%E3%83%85%E3%83%A4%E5%B9%B3%E5%92%8C%E5%BA%97&format=jsonv2&limit=5&addressdetails=1&countrycodes=jp,no_name_prefecture_matched_candidate
jcsc_pdf,https://www.jcsc.or.jp/wpjcsc/wp-content/uploads/2026/05/35212d5b060e16d7f8db21681d51d151.pdf,15,left,京都府,京都市伏見区,伏見区,カナートモール伏見,6.394,6394.0,1970年3月,1970.0,3.0,0.75,,京都府|カナートモール伏見,34.94076860688666,135.76901984505022,,municipality_representative,low,,,カナートモール伏見 京都府 京都市伏見区,added,カナートモール伏見,"カナートモール伏見, 墨染通り, 西桝屋町, 伏見区, 京都市, 京都府, 612-0088, 日本",34.9474760,135.7629220,https://nominatim.openstreetmap.org/search?q=%E3%82%AB%E3%83%8A%E3%83%BC%E3%83%88%E3%83%A2%E3%83%BC%E3%83%AB%E4%BC%8F%E8%A6%8B+%E4%BA%AC%E9%83%BD%E5%BA%9C+%E4%BA%AC%E9%83%BD%E5%B8%82%E4%BC%8F%E8%A6%8B%E5%8C%BA&format=jsonv2&limit=5&addressdetails=1&countrycodes=jp,
jcsc_pdf,https://www.jcsc.or.jp/wpjcsc/wp-content/uploads/2026/05/35212d5b060e16d7f8db21681d51d151.pdf,19,right,広島県,安芸郡坂町,,パルティ・フジ坂,6.393,6393.0,2004年4月,2004.0,4.0,0.8333,,岡山県|パルティフジ坂,34.33330133333333,132.50899697222223,,municipality_representative,low,,prefecture_inferred_from_municipality,パルティ・フジ坂 広島県 安芸郡坂町 / パルティ・フジ坂 広島県 / パルティ・フジ坂,unresolved,,,,,https://nominatim.openstreetmap.org/search?q=%E3%83%91%E3%83%AB%E3%83%86%E3%82%A3%E3%83%BB%E3%83%95%E3%82%B8%E5%9D%82&format=jsonv2&limit=5&addressdetails=1&countrycodes=jp,no_name_prefecture_matched_candidate
jcsc_pdf,https://www.jcsc.or.jp/wpjcsc/wp-content/uploads/2026/05/35212d5b060e16d7f8db21681d51d151.pdf,4,right,埼玉県,熊谷市,,ニットーモール,6.376,6376.0,1979年10月,1979.0,10.0,0.75,prefecture_inferred_from_municipality,埼玉県|ニットーモール,36.15439602597403,139.3776828138528,,municipality_representative,low,,,ニットーモール 埼玉県 熊谷市 / ニットーモール 埼玉県 / ニットーモール,unresolved,,,,,https://nominatim.openstreetmap.org/search?q=%E3%83%8B%E3%83%83%E3%83%88%E3%83%BC%E3%83%A2%E3%83%BC%E3%83%AB&format=jsonv2&limit=5&addressdetails=1&countrycodes=jp,no_name_prefecture_matched_candidate
jcsc_pdf,https://www.jcsc.or.jp/wpjcsc/wp-content/uploads/2026/05/35212d5b060e16d7f8db21681d51d151.pdf,13,left,静岡県,静岡市葵区,熱田区,MPLAT神宮前(ミュープラット神宮前),"6,376",6376.0,2021年7月,2021.0,7.0,0.8333,prefecture_inferred_from_municipality,静岡県|mplat神宮前ミュープラット神宮前,35.00736196509009,138.41285507657656,,municipality_representative,low,,,MPLAT神宮前(ミュープラット神宮前) 静岡県 静岡市葵区 / MPLAT神宮前(ミュープラット神宮前) 静岡県 / MPLAT神宮前(ミュープラット神宮前),unresolved,,,,,https://nominatim.openstreetmap.org/search?q=MPLAT%E7%A5%9E%E5%AE%AE%E5%89%8D%28%E3%83%9F%E3%83%A5%E3%83%BC%E3%83%97%E3%83%A9%E3%83%83%E3%83%88%E7%A5%9E%E5%AE%AE%E5%89%8D%29&format=jsonv2&limit=5&addressdetails=1&countrycodes=jp,no_name_prefecture_matched_candidate
jcsc_pdf,https://www.jcsc.or.jp/wpjcsc/wp-content/uploads/2026/05/35212d5b060e16d7f8db21681d51d151.pdf,5,left,埼玉県,戸田市,,ビーンズ戸田公園,"6,336",6336.0,1991年11月,1991.0,11.0,0.8333,prefecture_inferred_from_municipality,埼玉県|ビーンズ戸田公園,35.8144591147541,139.66327044262295,,municipality_representative,low,,,ビーンズ戸田公園 埼玉県 戸田市 / ビーンズ戸田公園 埼玉県 / ビーンズ戸田公園,unresolved,,,,,https://nominatim.openstreetmap.org/search?q=%E3%83%93%E3%83%BC%E3%83%B3%E3%82%BA%E6%88%B8%E7%94%B0%E5%85%AC%E5%9C%92&format=jsonv2&limit=5&addressdetails=1&countrycodes=jp,no_name_prefecture_matched_candidate
jcsc_pdf,https://www.jcsc.or.jp/wpjcsc/wp-content/uploads/2026/05/35212d5b060e16d7f8db21681d51d151.pdf,14,left,愛知県,尾張旭市,,バロー城山店,6.331,6331.0,2008年3月,2008.0,3.0,0.8333,prefecture_inferred_from_municipality,愛知県|バロー城山店,35.21213097826087,137.0335039619565,,municipality_representative,low,,,バロー城山店 愛知県 尾張旭市 / バロー城山店 愛知県 / バロー城山店,unresolved,,,,,https://nominatim.openstreetmap.org/search?q=%E3%83%90%E3%83%AD%E3%83%BC%E5%9F%8E%E5%B1%B1%E5%BA%97&format=jsonv2&limit=5&addressdetails=1&countrycodes=jp,no_name_prefecture_matched_candidate
jcsc_pdf,https://www.jcsc.or.jp/wpjcsc/wp-content/uploads/2026/05/35212d5b060e16d7f8db21681d51d151.pdf,10,left,神奈川県,相模原市中央区,,minanoba相模原(ミナノバ相模原),"6,327",6327.0,2025年3月,2025.0,3.0,0.8333,municipality_missing,新潟県|minanoba相模原ミナノバ相模原,35.56671911764706,139.37549493464053,,municipality_representative,low,,municipality_alias,minanoba相模原(ミナノバ相模原) 神奈川県 相模原市中央区 / minanoba相模原(ミナノバ相模原) 神奈川県 / minanoba相模原(ミナノバ相模原),unresolved,,,,,https://nominatim.openstreetmap.org/search?q=minanoba%E7%9B%B8%E6%A8%A1%E5%8E%9F%28%E3%83%9F%E3%83%8A%E3%83%8E%E3%83%90%E7%9B%B8%E6%A8%A1%E5%8E%9F%29&format=jsonv2&limit=5&addressdetails=1&countrycodes=jp,no_name_prefecture_matched_candidate
jcsc_pdf,https://www.jcsc.or.jp/wpjcsc/wp-content/uploads/2026/05/35212d5b060e16d7f8db21681d51d151.pdf,18,right,和歌山県,有田市,,オークワ質島店,6.309,6309.0,1981年1月,1981.0,1.0,0.7,,和歌山県|オークワ質島店,34.081010375,135.14850316666667,,municipality_representative,low,,,オークワ質島店 和歌山県 有田市 / オークワ質島店 和歌山県 / オークワ質島店,unresolved,,,,,https://nominatim.openstreetmap.org/search?q=%E3%82%AA%E3%83%BC%E3%82%AF%E3%83%AF%E8%B3%AA%E5%B3%B6%E5%BA%97&format=jsonv2&limit=5&addressdetails=1&countrycodes=jp,no_name_prefecture_matched_candidate
jcsc_pdf,https://www.jcsc.or.jp/wpjcsc/wp-content/uploads/2026/05/35212d5b060e16d7f8db21681d51d151.pdf,13,left,静岡県,静岡市葵区,北区,そよら上飯田,"6,300",6300.0,2022年4月,2022.0,4.0,0.7667,prefecture_inferred_from_municipality,静岡県|そよら上飯田,35.00736196509009,138.41285507657656,,municipality_representative,low,,,そよら上飯田 静岡県 静岡市葵区 / そよら上飯田 静岡県 / そよら上飯田,unresolved,,,,,https://nominatim.openstreetmap.org/search?q=%E3%81%9D%E3%82%88%E3%82%89%E4%B8%8A%E9%A3%AF%E7%94%B0&format=jsonv2&limit=5&addressdetails=1&countrycodes=jp,no_name_prefecture_matched_candidate
jcsc_pdf,https://www.jcsc.or.jp/wpjcsc/wp-content/uploads/2026/05/35212d5b060e16d7f8db21681d51d151.pdf,20,right,福岡県,福岡市東区,東区,ボックスタウン箱崎,6.297,6297.0,2006年3月,2006.0,3.0,0.8333,,福岡県|ボックスタウン箱崎,33.65491267521368,130.43242745726496,,municipality_representative,low,,,ボックスタウン箱崎 福岡県 福岡市東区 / ボックスタウン箱崎 福岡県 / ボックスタウン箱崎,unresolved,,,,,https://nominatim.openstreetmap.org/search?q=%E3%83%9C%E3%83%83%E3%82%AF%E3%82%B9%E3%82%BF%E3%82%A6%E3%83%B3%E7%AE%B1%E5%B4%8E&format=jsonv2&limit=5&addressdetails=1&countrycodes=jp,no_name_prefecture_matched_candidate
jcsc_pdf,https://www.jcsc.or.jp/wpjcsc/wp-content/uploads/2026/05/35212d5b060e16d7f8db21681d51d151.pdf,12,right,愛知県,名古屋市千種区,千種区,猪子石ライフタウン アスティ,6.282,6282.0,1987年11月,1987.0,11.0,0.8333,,愛知県|猪子石ライフタウンアスティ,35.168583888217526,136.95894066465257,,municipality_representative,low,,,猪子石ライフタウン アスティ 愛知県 名古屋市千種区 / 猪子石ライフタウン アスティ 愛知県 / 猪子石ライフタウン アスティ,unresolved,,,,,https://nominatim.openstreetmap.org/search?q=%E7%8C%AA%E5%AD%90%E7%9F%B3%E3%83%A9%E3%82%A4%E3%83%95%E3%82%BF%E3%82%A6%E3%83%B3+%E3%82%A2%E3%82%B9%E3%83%86%E3%82%A3&format=jsonv2&limit=5&addressdetails=1&countrycodes=jp,no_name_prefecture_matched_candidate
jcsc_pdf,https://www.jcsc.or.jp/wpjcsc/wp-content/uploads/2026/05/35212d5b060e16d7f8db21681d51d151.pdf,16,left,京都府,亀岡市,,ぷららてんま,6.252,6252.0,2005年4月,2005.0,4.0,0.7667,,京都府|ぷららてんま,35.021998969303425,135.5607872798111,,municipality_representative,low,,,ぷららてんま 京都府 亀岡市 / ぷららてんま 京都府 / ぷららてんま,unresolved,,,,,https://nominatim.openstreetmap.org/search?q=%E3%81%B7%E3%82%89%E3%82%89%E3%81%A6%E3%82%93%E3%81%BE&format=jsonv2&limit=5&addressdetails=1&countrycodes=jp,no_name_prefecture_matched_candidate
jcsc_pdf,https://www.jcsc.or.jp/wpjcsc/wp-content/uploads/2026/05/35212d5b060e16d7f8db21681d51d151.pdf,20,left,香川県,高松市,,ハローズ仏生山店,6.251,6251.0,2009年11月,2009.0,11.0,0.8333,prefecture_inferred_from_municipality,香川県|ハローズ仏生山店,34.31658222745098,134.04748529803922,,municipality_representative,low,,,ハローズ仏生山店 香川県 高松市 / ハローズ仏生山店 香川県 / ハローズ仏生山店,unresolved,,,,,https://nominatim.openstreetmap.org/search?q=%E3%83%8F%E3%83%AD%E3%83%BC%E3%82%BA%E4%BB%8F%E7%94%9F%E5%B1%B1%E5%BA%97&format=jsonv2&limit=5&addressdetails=1&countrycodes=jp,no_name_prefecture_matched_candidate
jcsc_pdf,https://www.jcsc.or.jp/wpjcsc/wp-content/uploads/2026/05/35212d5b060e16d7f8db21681d51d151.pdf,18,right,和歌山県,田辺市,,ダイエー田辺ショッピングセンター,"6,248",6248.0,1979年10月,1979.0,10.0,0.875,,和歌山県|ダイエー田辺ショッピングセンター,33.77623488957055,135.523711595092,,municipality_representative,low,,,ダイエー田辺ショッピングセンター 和歌山県 田辺市 / ダイエー田辺ショッピングセンター 和歌山県 / ダイエー田辺ショッピングセンター,unresolved,,,,,https://nominatim.openstreetmap.org/search?q=%E3%83%80%E3%82%A4%E3%82%A8%E3%83%BC%E7%94%B0%E8%BE%BA%E3%82%B7%E3%83%A7%E3%83%83%E3%83%94%E3%83%B3%E3%82%B0%E3%82%BB%E3%83%B3%E3%82%BF%E3%83%BC&format=jsonv2&limit=5&addressdetails=1&countrycodes=jp,no_name_prefecture_matched_candidate
jcsc_pdf,https://www.jcsc.or.jp/wpjcsc/wp-content/uploads/2026/05/35212d5b060e16d7f8db21681d51d151.pdf,5,left,埼玉県,狭山市,,狭山ショッピングプラザヤオコー,6.241,6241.0,1994年4月,1994.0,4.0,0.875,prefecture_inferred_from_municipality,埼玉県|狭山ショッピングプラザヤオコー,35.86003864406779,139.4115470338983,,municipality_representative,low,,,狭山ショッピングプラザヤオコー 埼玉県 狭山市 / 狭山ショッピングプラザヤオコー 埼玉県 / 狭山ショッピングプラザヤオコー,unresolved,,,,,https://nominatim.openstreetmap.org/search?q=%E7%8B%AD%E5%B1%B1%E3%82%B7%E3%83%A7%E3%83%83%E3%83%94%E3%83%B3%E3%82%B0%E3%83%97%E3%83%A9%E3%82%B6%E3%83%A4%E3%82%AA%E3%82%B3%E3%83%BC&format=jsonv2&limit=5&addressdetails=1&countrycodes=jp,no_name_prefecture_matched_candidate
jcsc_pdf,https://www.jcsc.or.jp/wpjcsc/wp-content/uploads/2026/05/35212d5b060e16d7f8db21681d51d151.pdf,21,left,福岡県,福岡市南区,南区,レイリア大橋,"6,241",6241.0,1978年3月,1978.0,3.0,0.75,municipality_missing,佐賀県|レイリア大橋,33.54754448447205,130.4153713726708,,municipality_representative,low,,municipality_alias,レイリア大橋 福岡県 福岡市南区 / レイリア大橋 福岡県 / レイリア大橋,unresolved,,,,,https://nominatim.openstreetmap.org/search?q=%E3%83%AC%E3%82%A4%E3%83%AA%E3%82%A2%E5%A4%A7%E6%A9%8B&format=jsonv2&limit=5&addressdetails=1&countrycodes=jp,no_name_prefecture_matched_candidate
jcsc_pdf,https://www.jcsc.or.jp/wpjcsc/wp-content/uploads/2026/05/35212d5b060e16d7f8db21681d51d151.pdf,5,right,千葉県,千葉市中央区,中央区,千葉中央ショッピングセンター Mio (千葉中央ショッピングセンターミーオ),6.230,6230.0,2004年9月,2004.0,9.0,1.0,prefecture_inferred_from_municipality,千葉県|千葉中央ショッピングセンターmio千葉中央ショッピングセンターミーオ,35.59979603846154,140.12619165384615,,municipality_representative,low,,,千葉中央ショッピングセンター Mio (千葉中央ショッピングセンターミーオ) 千葉県 千葉市中央区 / 千葉中央ショッピングセンター Mio (千葉中央ショッピングセンターミーオ) 千葉県 / 千葉中央ショッピングセンター Mio (千葉中央ショッピングセンターミーオ),unresolved,,,,,https://nominatim.openstreetmap.org/search?q=%E5%8D%83%E8%91%89%E4%B8%AD%E5%A4%AE%E3%82%B7%E3%83%A7%E3%83%83%E3%83%94%E3%83%B3%E3%82%B0%E3%82%BB%E3%83%B3%E3%82%BF%E3%83%BC+Mio+%28%E5%8D%83%E8%91%89%E4%B8%AD%E5%A4%AE%E3%82%B7%E3%83%A7%E3%83%83%E3%83%94%E3%83%B3%E3%82%B0%E3%82%BB%E3%83%B3%E3%82%BF%E3%83%BC%E3%83%9F%E3%83%BC%E3%82%AA%29&format=jsonv2&limit=5&addressdetails=1&countrycodes=jp,no_name_prefecture_matched_candidate
jcsc_pdf,https://www.jcsc.or.jp/wpjcsc/wp-content/uploads/2026/05/35212d5b060e16d7f8db21681d51d151.pdf,13,left,静岡県,静岡市葵区,西区,ミユキモール,"6,229",6229.0,1998年11月,1998.0,11.0,0.75,prefecture_inferred_from_municipality,静岡県|ミユキモール,35.00736196509009,138.41285507657656,,municipality_representative,low,,,ミユキモール 静岡県 静岡市葵区 / ミユキモール 静岡県 / ミユキモール,unresolved,,,,,https://nominatim.openstreetmap.org/search?q=%E3%83%9F%E3%83%A6%E3%82%AD%E3%83%A2%E3%83%BC%E3%83%AB&format=jsonv2&limit=5&addressdetails=1&countrycodes=jp,no_name_prefecture_matched_candidate
jcsc_pdf,https://www.jcsc.or.jp/wpjcsc/wp-content/uploads/2026/05/35212d5b060e16d7f8db21681d51d151.pdf,4,left,群馬県,前橋市,,フォリオ形ショッピングセンター,6.228,6228.0,2000年4月,2000.0,4.0,1.0,prefecture_inferred_from_municipality,群馬県|フォリオ形ショッピングセンター,36.39732810791367,139.09366682374102,,municipality_representative,low,,,フォリオ形ショッピングセンター 群馬県 前橋市 / フォリオ形ショッピングセンター 群馬県 / フォリオ形ショッピングセンター,unresolved,,,,,https://nominatim.openstreetmap.org/search?q=%E3%83%95%E3%82%A9%E3%83%AA%E3%82%AA%E5%BD%A2%E3%82%B7%E3%83%A7%E3%83%83%E3%83%94%E3%83%B3%E3%82%B0%E3%82%BB%E3%83%B3%E3%82%BF%E3%83%BC&format=jsonv2&limit=5&addressdetails=1&countrycodes=jp,no_name_prefecture_matched_candidate
jcsc_pdf,https://www.jcsc.or.jp/wpjcsc/wp-content/uploads/2026/05/35212d5b060e16d7f8db21681d51d151.pdf,22,left,熊本県,熊本市東区,東区,サンロードシティ本,"6,208",6208.0,2003年11月,2003.0,11.0,0.8333,municipality_missing,宮崎県|サンロードシティ本,32.80116282089552,130.76762542786068,,municipality_representative,low,,municipality_alias,サンロードシティ本 熊本県 熊本市東区 / サンロードシティ本 熊本県 / サンロードシティ本,unresolved,,,,,https://nominatim.openstreetmap.org/search?q=%E3%82%B5%E3%83%B3%E3%83%AD%E3%83%BC%E3%83%89%E3%82%B7%E3%83%86%E3%82%A3%E6%9C%AC&format=jsonv2&limit=5&addressdetails=1&countrycodes=jp,no_name_prefecture_matched_candidate
jcsc_pdf,https://www.jcsc.or.jp/wpjcsc/wp-content/uploads/2026/05/35212d5b060e16d7f8db21681d51d151.pdf,12,right,静岡県,富士市,,ムツアイモール(マックスパリュ富士八幅町店),"6,206",6206.0,2009年3月,2009.0,3.0,0.8333,prefecture_inferred_from_municipality,静岡県|ムツアイモールマックスパリュ富士八幅町店,35.16183474129353,138.68564435820895,,municipality_representative,low,,,ムツアイモール(マックスパリュ富士八幅町店) 静岡県 富士市 / ムツアイモール(マックスパリュ富士八幅町店) 静岡県 / ムツアイモール(マックスパリュ富士八幅町店),unresolved,,,,,https://nominatim.openstreetmap.org/search?q=%E3%83%A0%E3%83%84%E3%82%A2%E3%82%A4%E3%83%A2%E3%83%BC%E3%83%AB%28%E3%83%9E%E3%83%83%E3%82%AF%E3%82%B9%E3%83%91%E3%83%AA%E3%83%A5%E5%AF%8C%E5%A3%AB%E5%85%AB%E5%B9%85%E7%94%BA%E5%BA%97%29&format=jsonv2&limit=5&addressdetails=1&countrycodes=jp,no_name_prefecture_matched_candidate
jcsc_pdf,https://www.jcsc.or.jp/wpjcsc/wp-content/uploads/2026/05/35212d5b060e16d7f8db21681d51d151.pdf,4,right,埼玉県,川口市,,川口キュポラ,"6,200",6200.0,2006年4月,2006.0,4.0,0.7667,prefecture_inferred_from_municipality,埼玉県|川口キュポラ,35.82981993382353,139.7309808970588,,municipality_representative,low,,,川口キュポラ 埼玉県 川口市 / 川口キュポラ 埼玉県 / 川口キュポラ,unresolved,,,,,https://nominatim.openstreetmap.org/search?q=%E5%B7%9D%E5%8F%A3%E3%82%AD%E3%83%A5%E3%83%9D%E3%83%A9&format=jsonv2&limit=5&addressdetails=1&countrycodes=jp,no_name_prefecture_matched_candidate
jcsc_pdf,https://www.jcsc.or.jp/wpjcsc/wp-content/uploads/2026/05/35212d5b060e16d7f8db21681d51d151.pdf,8,left,東京都,八王子市,,八王子オーバ,"6,200",6200.0,2018年11月,2018.0,11.0,0.8333,,東京都|八王子オーバ,35.65387214070352,139.3297611809045,,municipality_representative,low,,,八王子オーバ 東京都 八王子市 / 八王子オーバ 東京都 / 八王子オーバ,unresolved,,,,,https://nominatim.openstreetmap.org/search?q=%E5%85%AB%E7%8E%8B%E5%AD%90%E3%82%AA%E3%83%BC%E3%83%90&format=jsonv2&limit=5&addressdetails=1&countrycodes=jp,no_name_prefecture_matched_candidate
jcsc_pdf,https://www.jcsc.or.jp/wpjcsc/wp-content/uploads/2026/05/35212d5b060e16d7f8db21681d51d151.pdf,9,left,神奈川県,横浜市鶴見区,鶴見区,CIAL 見(シアル見),"6,200",6200.0,2012年11月,2012.0,11.0,0.8333,prefecture_inferred_from_municipality,神奈川県|cial見シアル見,35.51036456153846,139.6741620076923,,municipality_representative,low,,,CIAL 見(シアル見) 神奈川県 横浜市鶴見区 / CIAL 見(シアル見) 神奈川県 / CIAL 見(シアル見),unresolved,,,,,https://nominatim.openstreetmap.org/search?q=CIAL+%E8%A6%8B%28%E3%82%B7%E3%82%A2%E3%83%AB%E8%A6%8B%29&format=jsonv2&limit=5&addressdetails=1&countrycodes=jp,no_name_prefecture_matched_candidate
jcsc_pdf,https://www.jcsc.or.jp/wpjcsc/wp-content/uploads/2026/05/35212d5b060e16d7f8db21681d51d151.pdf,21,right,長崎県,佐世保市,,えきマチ1丁目佐世保,"6,200",6200.0,2002年11月,2002.0,11.0,0.8333,,長崎県|えきマチ1丁目佐世保,33.197084638709676,129.70216628709676,,municipality_representative,low,,,えきマチ1丁目佐世保 長崎県 佐世保市 / えきマチ1丁目佐世保 長崎県 / えきマチ1丁目佐世保,unresolved,,,,,https://nominatim.openstreetmap.org/search?q=%E3%81%88%E3%81%8D%E3%83%9E%E3%83%811%E4%B8%81%E7%9B%AE%E4%BD%90%E4%B8%96%E4%BF%9D&format=jsonv2&limit=5&addressdetails=1&countrycodes=jp,no_name_prefecture_matched_candidate
jcsc_pdf,https://www.jcsc.or.jp/wpjcsc/wp-content/uploads/2026/05/35212d5b060e16d7f8db21681d51d151.pdf,13,right,愛知県,豊田市,,クロスモール黒田陣中,"6,179",6179.0,2019年10月,2019.0,10.0,0.8333,,愛知県|クロスモール黒田陣中,35.09519359936084,137.17775728617084,,municipality_representative,low,,,クロスモール黒田陣中 愛知県 豊田市 / クロスモール黒田陣中 愛知県 / クロスモール黒田陣中,unresolved,,,,,https://nominatim.openstreetmap.org/search?q=%E3%82%AF%E3%83%AD%E3%82%B9%E3%83%A2%E3%83%BC%E3%83%AB%E9%BB%92%E7%94%B0%E9%99%A3%E4%B8%AD&format=jsonv2&limit=5&addressdetails=1&countrycodes=jp,no_name_prefecture_matched_candidate
jcsc_pdf,https://www.jcsc.or.jp/wpjcsc/wp-content/uploads/2026/05/35212d5b060e16d7f8db21681d51d151.pdf,5,left,埼玉県,入間市,,西武入間ベベ,"6,173",6173.0,1993年9月,1993.0,9.0,0.7,prefecture_inferred_from_municipality,埼玉県|西武入間ベベ,35.825972075268815,139.37996789247313,,municipality_representative,low,,,西武入間ベベ 埼玉県 入間市 / 西武入間ベベ 埼玉県 / 西武入間ベベ,unresolved,,,,,https://nominatim.openstreetmap.org/search?q=%E8%A5%BF%E6%AD%A6%E5%85%A5%E9%96%93%E3%83%99%E3%83%99&format=jsonv2&limit=5&addressdetails=1&countrycodes=jp,no_name_prefecture_matched_candidate
jcsc_pdf,https://www.jcsc.or.jp/wpjcsc/wp-content/uploads/2026/05/35212d5b060e16d7f8db21681d51d151.pdf,19,left,広島県,広島市安佐南区,安佐南区,ザ・ビッグ安古市店,6.168,6168.0,1980年12月,1980.0,12.0,0.8333,municipality_missing,山口県|ザビッグ安古市店,34.459577152173914,132.444821625,,municipality_representative,low,,municipality_alias,ザ・ビッグ安古市店 広島県 広島市安佐南区 / ザ・ビッグ安古市店 広島県 / ザ・ビッグ安古市店,unresolved,,,,,https://nominatim.openstreetmap.org/search?q=%E3%82%B6%E3%83%BB%E3%83%93%E3%83%83%E3%82%B0%E5%AE%89%E5%8F%A4%E5%B8%82%E5%BA%97&format=jsonv2&limit=5&addressdetails=1&countrycodes=jp,no_name_prefecture_matched_candidate
jcsc_pdf,https://www.jcsc.or.jp/wpjcsc/wp-content/uploads/2026/05/35212d5b060e16d7f8db21681d51d151.pdf,13,left,静岡県,静岡市葵区,中村区,ユニモール,6.162,6162.0,1970年11月,1970.0,11.0,0.8333,prefecture_inferred_from_municipality,静岡県|ユニモール,35.00736196509009,138.41285507657656,,municipality_representative,low,,,ユニモール 静岡県 静岡市葵区 / ユニモール 静岡県 / ユニモール,unresolved,,,,,https://nominatim.openstreetmap.org/search?q=%E3%83%A6%E3%83%8B%E3%83%A2%E3%83%BC%E3%83%AB&format=jsonv2&limit=5&addressdetails=1&countrycodes=jp,no_name_prefecture_matched_candidate
jcsc_pdf,https://www.jcsc.or.jp/wpjcsc/wp-content/uploads/2026/05/35212d5b060e16d7f8db21681d51d151.pdf,12,left,岐阜県,恵那市,,バロー恵那ショッピングセンター,"6,120",6120.0,1974年4月,1974.0,4.0,0.875,,岐阜県|バロー恵那ショッピングセンター,35.38856975,137.3946531153846,,municipality_representative,low,,,バロー恵那ショッピングセンター 岐阜県 恵那市 / バロー恵那ショッピングセンター 岐阜県 / バロー恵那ショッピングセンター,unresolved,,,,,https://nominatim.openstreetmap.org/search?q=%E3%83%90%E3%83%AD%E3%83%BC%E6%81%B5%E9%82%A3%E3%82%B7%E3%83%A7%E3%83%83%E3%83%94%E3%83%B3%E3%82%B0%E3%82%BB%E3%83%B3%E3%82%BF%E3%83%BC&format=jsonv2&limit=5&addressdetails=1&countrycodes=jp,no_name_prefecture_matched_candidate
jcsc_pdf,https://www.jcsc.or.jp/wpjcsc/wp-content/uploads/2026/05/35212d5b060e16d7f8db21681d51d151.pdf,15,right,大阪府,大阪市城東区,城東区,Friend Town 深江橋,6.117,6117.0,2014年4月,2014.0,4.0,0.75,municipality_missing,京都府|friendtown深江橋,34.69640792105263,135.54862217105264,,municipality_representative,low,,municipality_alias,Friend Town 深江橋 大阪府 大阪市城東区 / Friend Town 深江橋 大阪府 / Friend Town 深江橋,unresolved,,,,,https://nominatim.openstreetmap.org/search?q=Friend+Town+%E6%B7%B1%E6%B1%9F%E6%A9%8B&format=jsonv2&limit=5&addressdetails=1&countrycodes=jp,no_name_prefecture_matched_candidate
jcsc_pdf,https://www.jcsc.or.jp/wpjcsc/wp-content/uploads/2026/05/35212d5b060e16d7f8db21681d51d151.pdf,8,left,千葉県,流山市,葛飾区,コープ葛飾白鳥店,"6,104",6104.0,2019年6月,2019.0,6.0,0.7667,prefecture_inferred_from_municipality,千葉県|コープ葛飾白鳥店,35.86814102238806,139.91512308208954,,municipality_representative,low,,,コープ葛飾白鳥店 千葉県 流山市 / コープ葛飾白鳥店 千葉県 / コープ葛飾白鳥店,unresolved,,,,,https://nominatim.openstreetmap.org/search?q=%E3%82%B3%E3%83%BC%E3%83%97%E8%91%9B%E9%A3%BE%E7%99%BD%E9%B3%A5%E5%BA%97&format=jsonv2&limit=5&addressdetails=1&countrycodes=jp,no_name_prefecture_matched_candidate
jcsc_pdf,https://www.jcsc.or.jp/wpjcsc/wp-content/uploads/2026/05/35212d5b060e16d7f8db21681d51d151.pdf,6,right,東京都,千代田区,千代田区,丸の内 MY PLAZA,6.102,6102.0,2004年9月,2004.0,9.0,1.0,municipality_missing,東京都|丸の内myplaza,35.69180986086956,139.75971808695652,,municipality_representative,low,,,丸の内 MY PLAZA 東京都 千代田区 / 丸の内 MY PLAZA 東京都 / 丸の内 MY PLAZA,unresolved,,,,,https://nominatim.openstreetmap.org/search?q=%E4%B8%B8%E3%81%AE%E5%86%85+MY+PLAZA&format=jsonv2&limit=5&addressdetails=1&countrycodes=jp,no_name_prefecture_matched_candidate
jcsc_pdf,https://www.jcsc.or.jp/wpjcsc/wp-content/uploads/2026/05/35212d5b060e16d7f8db21681d51d151.pdf,15,right,京都府,京田辺市,,プランチ松井山手,"6,100",6100.0,2018年12月,2018.0,12.0,0.8333,prefecture_inferred_from_municipality,京都府|プランチ松井山手,34.80856600814332,135.76096650488597,,municipality_representative,low,,,プランチ松井山手 京都府 京田辺市 / プランチ松井山手 京都府 / プランチ松井山手,unresolved,,,,,https://nominatim.openstreetmap.org/search?q=%E3%83%97%E3%83%A9%E3%83%B3%E3%83%81%E6%9D%BE%E4%BA%95%E5%B1%B1%E6%89%8B&format=jsonv2&limit=5&addressdetails=1&countrycodes=jp,no_name_prefecture_matched_candidate
jcsc_pdf,https://www.jcsc.or.jp/wpjcsc/wp-content/uploads/2026/05/35212d5b060e16d7f8db21681d51d151.pdf,22,left,大分県,杵築市,,サンリブ杵築,"6,097",6097.0,1998年4月,1998.0,4.0,0.75,prefecture_inferred_from_municipality,大分県|サンリブ杵築,33.44335837777778,131.56987602222222,,municipality_representative,low,,,サンリブ杵築 大分県 杵築市,added,サンリブ,"サンリブ, 国道213号, 大字杵築, 杵築市, 大分県, 日本",33.4171131,131.6299056,https://nominatim.openstreetmap.org/search?q=%E3%82%B5%E3%83%B3%E3%83%AA%E3%83%96%E6%9D%B5%E7%AF%89+%E5%A4%A7%E5%88%86%E7%9C%8C+%E6%9D%B5%E7%AF%89%E5%B8%82&format=jsonv2&limit=5&addressdetails=1&countrycodes=jp,
jcsc_pdf,https://www.jcsc.or.jp/wpjcsc/wp-content/uploads/2026/05/35212d5b060e16d7f8db21681d51d151.pdf,4,right,埼玉県,川越市,,UNICUS川越 (ウニクス川越),6.095,6095.0,2015年3月,2015.0,3.0,0.8333,prefecture_inferred_from_municipality,埼玉県|unicus川越ウニクス川越,35.91131669477912,139.4732263815261,,municipality_representative,low,,,UNICUS川越 (ウニクス川越) 埼玉県 川越市 / UNICUS川越 (ウニクス川越) 埼玉県 / UNICUS川越 (ウニクス川越),unresolved,,,,,https://nominatim.openstreetmap.org/search?q=UNICUS%E5%B7%9D%E8%B6%8A+%28%E3%82%A6%E3%83%8B%E3%82%AF%E3%82%B9%E5%B7%9D%E8%B6%8A%29&format=jsonv2&limit=5&addressdetails=1&countrycodes=jp,no_name_prefecture_matched_candidate
jcsc_pdf,https://www.jcsc.or.jp/wpjcsc/wp-content/uploads/2026/05/35212d5b060e16d7f8db21681d51d151.pdf,13,left,静岡県,静岡市葵区,中村区,エスカ,"6,093",6093.0,1971年12月,1971.0,12.0,1.0,prefecture_inferred_from_municipality,静岡県|エスカ,35.00736196509009,138.41285507657656,,municipality_representative,low,,,エスカ 静岡県 静岡市葵区 / エスカ 静岡県 / エスカ,unresolved,,,,,https://nominatim.openstreetmap.org/search?q=%E3%82%A8%E3%82%B9%E3%82%AB&format=jsonv2&limit=5&addressdetails=1&countrycodes=jp,no_name_prefecture_matched_candidate
jcsc_pdf,https://www.jcsc.or.jp/wpjcsc/wp-content/uploads/2026/05/35212d5b060e16d7f8db21681d51d151.pdf,21,right,長崎県,佐世保市,,大野モール,6.093,6093.0,2010年9月,2010.0,9.0,0.8333,,長崎県|大野モール,33.197084638709676,129.70216628709676,,municipality_representative,low,,,大野モール 長崎県 佐世保市 / 大野モール 長崎県 / 大野モール,unresolved,,,,,https://nominatim.openstreetmap.org/search?q=%E5%A4%A7%E9%87%8E%E3%83%A2%E3%83%BC%E3%83%AB&format=jsonv2&limit=5&addressdetails=1&countrycodes=jp,no_name_prefecture_matched_candidate
jcsc_pdf,https://www.jcsc.or.jp/wpjcsc/wp-content/uploads/2026/05/35212d5b060e16d7f8db21681d51d151.pdf,17,left,兵庫県,神戸市中央区,中央区,三宮オーパ,"6,083",6083.0,1984年3月,1984.0,3.0,0.8333,prefecture_inferred_from_municipality,兵庫県|三宮オーパ,34.69440958839779,135.19806651933703,,municipality_representative,low,,,三宮オーパ 兵庫県 神戸市中央区 / 三宮オーパ 兵庫県 / 三宮オーパ,unresolved,,,,,https://nominatim.openstreetmap.org/search?q=%E4%B8%89%E5%AE%AE%E3%82%AA%E3%83%BC%E3%83%91&format=jsonv2&limit=5&addressdetails=1&countrycodes=jp,no_name_prefecture_matched_candidate
jcsc_pdf,https://www.jcsc.or.jp/wpjcsc/wp-content/uploads/2026/05/35212d5b060e16d7f8db21681d51d151.pdf,13,left,静岡県,静岡市葵区,中区,サカエチカ,6.082,6082.0,1969年11月,1969.0,11.0,0.8333,prefecture_inferred_from_municipality,静岡県|サカエチカ,35.00736196509009,138.41285507657656,,municipality_representative,low,,,サカエチカ 静岡県 静岡市葵区 / サカエチカ 静岡県 / サカエチカ,unresolved,,,,,https://nominatim.openstreetmap.org/search?q=%E3%82%B5%E3%82%AB%E3%82%A8%E3%83%81%E3%82%AB&format=jsonv2&limit=5&addressdetails=1&countrycodes=jp,no_name_prefecture_matched_candidate
jcsc_pdf,https://www.jcsc.or.jp/wpjcsc/wp-content/uploads/2026/05/35212d5b060e16d7f8db21681d51d151.pdf,6,left,千葉県,成田市,,UNICUS成田(ウニクス成田),"6,076",6076.0,2006年8月,2006.0,8.0,0.8333,prefecture_inferred_from_municipality,千葉県|unicus成田ウニクス成田,35.803221442857144,140.33791377142856,,municipality_representative,low,,,UNICUS成田(ウニクス成田) 千葉県 成田市 / UNICUS成田(ウニクス成田) 千葉県 / UNICUS成田(ウニクス成田),unresolved,,,,,https://nominatim.openstreetmap.org/search?q=UNICUS%E6%88%90%E7%94%B0%28%E3%82%A6%E3%83%8B%E3%82%AF%E3%82%B9%E6%88%90%E7%94%B0%29&format=jsonv2&limit=5&addressdetails=1&countrycodes=jp,no_name_prefecture_matched_candidate
jcsc_pdf,https://www.jcsc.or.jp/wpjcsc/wp-content/uploads/2026/05/35212d5b060e16d7f8db21681d51d151.pdf,9,left,神奈川県,横浜市中区,中区,ちぇるる野毛,"6,066",6066.0,1983年11月,1983.0,11.0,0.7667,prefecture_inferred_from_municipality,神奈川県|ちぇるる野毛,35.43938251162791,139.63989502325583,,municipality_representative,low,,,ちぇるる野毛 神奈川県 横浜市中区,added,ちぇるる野毛,"ちぇるる野毛, 動物園通り, 野毛町三丁目, 末広町, 中区, 横浜市, 神奈川県, 231-0017, 日本",35.4485086,139.6287982,https://nominatim.openstreetmap.org/search?q=%E3%81%A1%E3%81%87%E3%82%8B%E3%82%8B%E9%87%8E%E6%AF%9B+%E7%A5%9E%E5%A5%88%E5%B7%9D%E7%9C%8C+%E6%A8%AA%E6%B5%9C%E5%B8%82%E4%B8%AD%E5%8C%BA&format=jsonv2&limit=5&addressdetails=1&countrycodes=jp,
jcsc_pdf,https://www.jcsc.or.jp/wpjcsc/wp-content/uploads/2026/05/35212d5b060e16d7f8db21681d51d151.pdf,15,left,滋賀県,東近江市,,フレンドマート能登川店,"6,055",6055.0,2003年3月,2003.0,3.0,0.8333,,滋賀県|フレンドマート能登川店,35.11423343442623,136.21858229918033,,municipality_representative,low,,,フレンドマート能登川店 滋賀県 東近江市,added,フレンドマート能登川店,"フレンドマート能登川店, 栗見八日市線, 垣見町, 能登川町, 東近江市, 滋賀県, 521-1231, 日本",35.1806778,136.1652650,https://nominatim.openstreetmap.org/search?q=%E3%83%95%E3%83%AC%E3%83%B3%E3%83%89%E3%83%9E%E3%83%BC%E3%83%88%E8%83%BD%E7%99%BB%E5%B7%9D%E5%BA%97+%E6%BB%8B%E8%B3%80%E7%9C%8C+%E6%9D%B1%E8%BF%91%E6%B1%9F%E5%B8%82&format=jsonv2&limit=5&addressdetails=1&countrycodes=jp,
jcsc_pdf,https://www.jcsc.or.jp/wpjcsc/wp-content/uploads/2026/05/35212d5b060e16d7f8db21681d51d151.pdf,14,right,三重県,鳥羽市,,鳥羽ショッピングプラザハロー,"6,028",6028.0,1978年7月,1978.0,7.0,0.825,,三重県|鳥羽ショッピングプラザハロー,34.46043135294117,136.85969432352942,,municipality_representative,low,,municipality_alias,鳥羽ショッピングプラザハロー 三重県 鳥羽市 / 鳥羽ショッピングプラザハロー 三重県 / 鳥羽ショッピングプラザハロー,unresolved,,,,,https://nominatim.openstreetmap.org/search?q=%E9%B3%A5%E7%BE%BD%E3%82%B7%E3%83%A7%E3%83%83%E3%83%94%E3%83%B3%E3%82%B0%E3%83%97%E3%83%A9%E3%82%B6%E3%83%8F%E3%83%AD%E3%83%BC&format=jsonv2&limit=5&addressdetails=1&countrycodes=jp,no_name_prefecture_matched_candidate
jcsc_pdf,https://www.jcsc.or.jp/wpjcsc/wp-content/uploads/2026/05/35212d5b060e16d7f8db21681d51d151.pdf,2,left,岩手県,宮古市,,マリンコープDORA,6.013,6013.0,1996年11月,1996.0,11.0,0.8333,,岩手県|マリンコープdora,39.63762312025317,141.91737081012658,,municipality_representative,low,,,マリンコープDORA 岩手県 宮古市,added,マリンコープDORA,"マリンコープDORA, 宮古港線, 小山田二丁目, 小山田, 宮古市, 岩手県, 027-0038, 日本",39.6321986,141.9419619,https://nominatim.openstreetmap.org/search?q=%E3%83%9E%E3%83%AA%E3%83%B3%E3%82%B3%E3%83%BC%E3%83%97DORA+%E5%B2%A9%E6%89%8B%E7%9C%8C+%E5%AE%AE%E5%8F%A4%E5%B8%82&format=jsonv2&limit=5&addressdetails=1&countrycodes=jp,
jcsc_pdf,https://www.jcsc.or.jp/wpjcsc/wp-content/uploads/2026/05/35212d5b060e16d7f8db21681d51d151.pdf,19,left,広島県,広島市安佐南区,安佐南区,イオン西風新都ショッピングセンター (マックスバリュ西風新都店),"6,008",6008.0,2006年3月,2006.0,3.0,0.875,municipality_missing,山口県|イオン西風新都ショッピングセンターマックスバリュ西風新都店,34.459577152173914,132.444821625,,municipality_representative,low,,municipality_alias,イオン西風新都ショッピングセンター (マックスバリュ西風新都店) 広島県 広島市安佐南区 / イオン西風新都ショッピングセンター (マックスバリュ西風新都店) 広島県 / イオン西風新都ショッピングセンター (マックスバリュ西風新都店),unresolved,,,,,https://nominatim.openstreetmap.org/search?q=%E3%82%A4%E3%82%AA%E3%83%B3%E8%A5%BF%E9%A2%A8%E6%96%B0%E9%83%BD%E3%82%B7%E3%83%A7%E3%83%83%E3%83%94%E3%83%B3%E3%82%B0%E3%82%BB%E3%83%B3%E3%82%BF%E3%83%BC+%28%E3%83%9E%E3%83%83%E3%82%AF%E3%82%B9%E3%83%90%E3%83%AA%E3%83%A5%E8%A5%BF%E9%A2%A8%E6%96%B0%E9%83%BD%E5%BA%97%29&format=jsonv2&limit=5&addressdetails=1&countrycodes=jp,no_name_prefecture_matched_candidate
jcsc_pdf,https://www.jcsc.or.jp/wpjcsc/wp-content/uploads/2026/05/35212d5b060e16d7f8db21681d51d151.pdf,23,left,沖縄県,島尻郡八重瀬町,,サンエーハ亜瀬シティ,"6,007",6007.0,2013年4月,2013.0,4.0,0.7667,,沖縄県|サンエーハ亜瀬シティ,26.14162060869565,127.72623408695652,,municipality_representative,low,,fuzzy_municipality,サンエーハ亜瀬シティ 沖縄県 島尻郡八重瀬町 / サンエーハ亜瀬シティ 沖縄県 / サンエーハ亜瀬シティ,unresolved,,,,,https://nominatim.openstreetmap.org/search?q=%E3%82%B5%E3%83%B3%E3%82%A8%E3%83%BC%E3%83%8F%E4%BA%9C%E7%80%AC%E3%82%B7%E3%83%86%E3%82%A3&format=jsonv2&limit=5&addressdetails=1&countrycodes=jp,no_name_prefecture_matched_candidate
jcsc_pdf,https://www.jcsc.or.jp/wpjcsc/wp-content/uploads/2026/05/35212d5b060e16d7f8db21681d51d151.pdf,7,left,千葉県,流山市,,CORED0室町テラス(コレド室町テラス),"6,000",6000.0,2019年9月,2019.0,9.0,0.8333,prefecture_inferred_from_municipality,千葉県|cored0室町テラスコレド室町テラス,35.86814102238806,139.91512308208954,,municipality_representative,low,,,CORED0室町テラス(コレド室町テラス) 千葉県 流山市 / CORED0室町テラス(コレド室町テラス) 千葉県 / CORED0室町テラス(コレド室町テラス),unresolved,,,,,https://nominatim.openstreetmap.org/search?q=CORED0%E5%AE%A4%E7%94%BA%E3%83%86%E3%83%A9%E3%82%B9%28%E3%82%B3%E3%83%AC%E3%83%89%E5%AE%A4%E7%94%BA%E3%83%86%E3%83%A9%E3%82%B9%29&format=jsonv2&limit=5&addressdetails=1&countrycodes=jp,no_name_prefecture_matched_candidate
jcsc_pdf,https://www.jcsc.or.jp/wpjcsc/wp-content/uploads/2026/05/35212d5b060e16d7f8db21681d51d151.pdf,12,left,岐阜県,多治見市,,多治見インターモール,"6,000",6000.0,2003年10月,2003.0,10.0,1.0,,岐阜県|多治見インターモール,35.34050838949672,137.11672805689278,,municipality_representative,low,,,多治見インターモール 岐阜県 多治見市 / 多治見インターモール 岐阜県 / 多治見インターモール,unresolved,,,,,https://nominatim.openstreetmap.org/search?q=%E5%A4%9A%E6%B2%BB%E8%A6%8B%E3%82%A4%E3%83%B3%E3%82%BF%E3%83%BC%E3%83%A2%E3%83%BC%E3%83%AB&format=jsonv2&limit=5&addressdetails=1&countrycodes=jp,no_name_prefecture_matched_candidate
jcsc_pdf,https://www.jcsc.or.jp/wpjcsc/wp-content/uploads/2026/05/35212d5b060e16d7f8db21681d51d151.pdf,21,left,愛媛県,西条市,中央区,サンセルコショッピングセンター,"6,000",6000.0,1979年3月,1979.0,3.0,1.0,prefecture_inferred_from_municipality,愛媛県|サンセルコショッピングセンター,33.89937571257485,133.12346959281436,,municipality_representative,low,,,サンセルコショッピングセンター 愛媛県 西条市 / サンセルコショッピングセンター 愛媛県 / サンセルコショッピングセンター,unresolved,,,,,https://nominatim.openstreetmap.org/search?q=%E3%82%B5%E3%83%B3%E3%82%BB%E3%83%AB%E3%82%B3%E3%82%B7%E3%83%A7%E3%83%83%E3%83%94%E3%83%B3%E3%82%B0%E3%82%BB%E3%83%B3%E3%82%BF%E3%83%BC&format=jsonv2&limit=5&addressdetails=1&countrycodes=jp,no_name_prefecture_matched_candidate
jcsc_pdf,https://www.jcsc.or.jp/wpjcsc/wp-content/uploads/2026/05/35212d5b060e16d7f8db21681d51d151.pdf,5,right,埼玉県,北葛飾郡松伏町,,松伏ニュータウンショッピングセンター (いなげや松伏店),5.996,5996.0,2000年12月,2000.0,12.0,0.76,,栃木県|松伏ニュータウンショッピングセンターいなげや松伏店,35.928075041666666,139.824817125,,municipality_representative,low,,prefecture_inferred_from_municipality,松伏ニュータウンショッピングセンター (いなげや松伏店) 埼玉県 北葛飾郡松伏町 / 松伏ニュータウンショッピングセンター (いなげや松伏店) 埼玉県 / 松伏ニュータウンショッピングセンター (いなげや松伏店),unresolved,,,,,https://nominatim.openstreetmap.org/search?q=%E6%9D%BE%E4%BC%8F%E3%83%8B%E3%83%A5%E3%83%BC%E3%82%BF%E3%82%A6%E3%83%B3%E3%82%B7%E3%83%A7%E3%83%83%E3%83%94%E3%83%B3%E3%82%B0%E3%82%BB%E3%83%B3%E3%82%BF%E3%83%BC+%28%E3%81%84%E3%81%AA%E3%81%92%E3%82%84%E6%9D%BE%E4%BC%8F%E5%BA%97%29&format=jsonv2&limit=5&addressdetails=1&countrycodes=jp,no_name_prefecture_matched_candidate
jcsc_pdf,https://www.jcsc.or.jp/wpjcsc/wp-content/uploads/2026/05/35212d5b060e16d7f8db21681d51d151.pdf,14,left,愛知県,知立市,,ドミー知立店,5.974,5974.0,1994年9月,1994.0,9.0,0.7,prefecture_inferred_from_municipality,愛知県|ドミー知立店,35.000676504885995,137.0490856872964,,municipality_representative,low,,,ドミー知立店 愛知県 知立市,added,ドミー知立店,"ドミー知立店, 明治用水緑道西井筋線, 幸町四丁目, 知立市, 愛知県, 448-0027, 日本",34.9996417,137.0230793,https://nominatim.openstreetmap.org/search?q=%E3%83%89%E3%83%9F%E3%83%BC%E7%9F%A5%E7%AB%8B%E5%BA%97+%E6%84%9B%E7%9F%A5%E7%9C%8C+%E7%9F%A5%E7%AB%8B%E5%B8%82&format=jsonv2&limit=5&addressdetails=1&countrycodes=jp,
jcsc_pdf,https://www.jcsc.or.jp/wpjcsc/wp-content/uploads/2026/05/35212d5b060e16d7f8db21681d51d151.pdf,14,right,滋賀県,大津市,,ワニショッピングセンターアルタ(平和堂和週店),5.967,5967.0,1984年9月,1984.0,9.0,0.75,,滋賀県|ワニショッピングセンターアルタ平和堂和週店,35.016823821218075,135.90087669155204,,municipality_representative,low,,,ワニショッピングセンターアルタ(平和堂和週店) 滋賀県 大津市 / ワニショッピングセンターアルタ(平和堂和週店) 滋賀県 / ワニショッピングセンターアルタ(平和堂和週店),unresolved,,,,,https://nominatim.openstreetmap.org/search?q=%E3%83%AF%E3%83%8B%E3%82%B7%E3%83%A7%E3%83%83%E3%83%94%E3%83%B3%E3%82%B0%E3%82%BB%E3%83%B3%E3%82%BF%E3%83%BC%E3%82%A2%E3%83%AB%E3%82%BF%28%E5%B9%B3%E5%92%8C%E5%A0%82%E5%92%8C%E9%80%B1%E5%BA%97%29&format=jsonv2&limit=5&addressdetails=1&countrycodes=jp,no_name_prefecture_matched_candidate
jcsc_pdf,https://www.jcsc.or.jp/wpjcsc/wp-content/uploads/2026/05/35212d5b060e16d7f8db21681d51d151.pdf,20,left,香川県,小豆郡土庄町,,マルナカ新土庄店,5.953,5953.0,1998年12月,1998.0,12.0,0.7,,福岡県|マルナカ新土庄店,34.50472613636364,134.192102,,municipality_representative,low,,prefecture_inferred_from_municipality,マルナカ新土庄店 香川県 小豆郡土庄町 / マルナカ新土庄店 香川県 / マルナカ新土庄店,unresolved,,,,,https://nominatim.openstreetmap.org/search?q=%E3%83%9E%E3%83%AB%E3%83%8A%E3%82%AB%E6%96%B0%E5%9C%9F%E5%BA%84%E5%BA%97&format=jsonv2&limit=5&addressdetails=1&countrycodes=jp,no_name_prefecture_matched_candidate
jcsc_pdf,https://www.jcsc.or.jp/wpjcsc/wp-content/uploads/2026/05/35212d5b060e16d7f8db21681d51d151.pdf,13,right,愛知県,瀬戸市,,バロー新瀬戸ショッピングセンター,"5,951",5951.0,2000年9月,2000.0,9.0,1.0,,愛知県|バロー新瀬戸ショッピングセンター,35.22311249329759,137.09316991689008,,municipality_representative,low,,,バロー新瀬戸ショッピングセンター 愛知県 瀬戸市 / バロー新瀬戸ショッピングセンター 愛知県 / バロー新瀬戸ショッピングセンター,unresolved,,,,,https://nominatim.openstreetmap.org/search?q=%E3%83%90%E3%83%AD%E3%83%BC%E6%96%B0%E7%80%AC%E6%88%B8%E3%82%B7%E3%83%A7%E3%83%83%E3%83%94%E3%83%B3%E3%82%B0%E3%82%BB%E3%83%B3%E3%82%BF%E3%83%BC&format=jsonv2&limit=5&addressdetails=1&countrycodes=jp,no_name_prefecture_matched_candidate
jcsc_pdf,https://www.jcsc.or.jp/wpjcsc/wp-content/uploads/2026/05/35212d5b060e16d7f8db21681d51d151.pdf,7,right,東京都,世田谷区,世田谷区,三軒茶屋とうきゅう,5.923,5923.0,1996年11月,1996.0,11.0,1.0,municipality_missing,東京都|三軒茶屋とうきゅう,35.64053037184115,139.6353491263538,,municipality_representative,low,,,三軒茶屋とうきゅう 東京都 世田谷区 / 三軒茶屋とうきゅう 東京都 / 三軒茶屋とうきゅう,unresolved,,,,,https://nominatim.openstreetmap.org/search?q=%E4%B8%89%E8%BB%92%E8%8C%B6%E5%B1%8B%E3%81%A8%E3%81%86%E3%81%8D%E3%82%85%E3%81%86&format=jsonv2&limit=5&addressdetails=1&countrycodes=jp,no_name_prefecture_matched_candidate
jcsc_pdf,https://www.jcsc.or.jp/wpjcsc/wp-content/uploads/2026/05/35212d5b060e16d7f8db21681d51d151.pdf,9,left,神奈川県,横浜市西区,西区,サミットストア横浜岡野店,5.920,5920.0,2011年11月,2011.0,11.0,0.8333,prefecture_inferred_from_municipality,神奈川県|サミットストア横浜岡野店,35.45616047058824,139.6191593970588,,municipality_representative,low,,,サミットストア横浜岡野店 神奈川県 横浜市西区,added,サミットストア 横浜岡野店,"サミットストア 横浜岡野店, 霜下橋, 岡野二丁目, 岡野, 西区, 横浜市, 神奈川県, 231-0017, 日本",35.4597477,139.6109753,https://nominatim.openstreetmap.org/search?q=%E3%82%B5%E3%83%9F%E3%83%83%E3%83%88%E3%82%B9%E3%83%88%E3%82%A2%E6%A8%AA%E6%B5%9C%E5%B2%A1%E9%87%8E%E5%BA%97+%E7%A5%9E%E5%A5%88%E5%B7%9D%E7%9C%8C+%E6%A8%AA%E6%B5%9C%E5%B8%82%E8%A5%BF%E5%8C%BA&format=jsonv2&limit=5&addressdetails=1&countrycodes=jp,
jcsc_pdf,https://www.jcsc.or.jp/wpjcsc/wp-content/uploads/2026/05/35212d5b060e16d7f8db21681d51d151.pdf,12,left,岐阜県,瑞浪市,,ピアゴ瑞浪店,5.918,5918.0,1994年7月,1994.0,7.0,0.7,,岐阜県|ピアゴ瑞浪店,35.360760753086424,137.25028039506174,,municipality_representative,low,,,ピアゴ瑞浪店 岐阜県 瑞浪市 / ピアゴ瑞浪店 岐阜県 / ピアゴ瑞浪店,unresolved,,,,,https://nominatim.openstreetmap.org/search?q=%E3%83%94%E3%82%A2%E3%82%B4%E7%91%9E%E6%B5%AA%E5%BA%97&format=jsonv2&limit=5&addressdetails=1&countrycodes=jp,no_name_prefecture_matched_candidate
jcsc_pdf,https://www.jcsc.or.jp/wpjcsc/wp-content/uploads/2026/05/35212d5b060e16d7f8db21681d51d151.pdf,9,right,東京都,多摩市,緑区,中山とうきゅう,5.911,5911.0,1991年11月,1991.0,11.0,0.8333,,東京都|中山とうきゅう,35.62921686516854,139.44035108988766,,municipality_representative,low,,,中山とうきゅう 東京都 多摩市 / 中山とうきゅう 東京都 / 中山とうきゅう,unresolved,,,,,https://nominatim.openstreetmap.org/search?q=%E4%B8%AD%E5%B1%B1%E3%81%A8%E3%81%86%E3%81%8D%E3%82%85%E3%81%86&format=jsonv2&limit=5&addressdetails=1&countrycodes=jp,no_name_prefecture_matched_candidate
jcsc_pdf,https://www.jcsc.or.jp/wpjcsc/wp-content/uploads/2026/05/35212d5b060e16d7f8db21681d51d151.pdf,7,right,東京都,渋谷区,渋谷区,アコルデ代々木上原,5.906,5906.0,1993年3月,1993.0,3.0,0.8333,municipality_missing,東京都|アコルデ代々木上原,35.6654809125,139.6970510125,,municipality_representative,low,,,アコルデ代々木上原 東京都 渋谷区 / アコルデ代々木上原 東京都 / アコルデ代々木上原,unresolved,,,,,https://nominatim.openstreetmap.org/search?q=%E3%82%A2%E3%82%B3%E3%83%AB%E3%83%87%E4%BB%A3%E3%80%85%E6%9C%A8%E4%B8%8A%E5%8E%9F&format=jsonv2&limit=5&addressdetails=1&countrycodes=jp,no_name_prefecture_matched_candidate
jcsc_pdf,https://www.jcsc.or.jp/wpjcsc/wp-content/uploads/2026/05/35212d5b060e16d7f8db21681d51d151.pdf,18,right,岡山県,岡山市北区,北区,杜の街グレース,"5,906",5906.0,2022年9月,2022.0,9.0,0.8333,,岡山県|杜の街グレース,34.69374775609756,133.89983444634146,,municipality_representative,low,,,杜の街グレース 岡山県 岡山市北区,added,杜の街グレース,"杜の街グレース, 市役所筋, 幸町, 岩田町, 北区, 岡山市, 岡山県, 700-0903, 日本",34.6580998,133.9177707,https://nominatim.openstreetmap.org/search?q=%E6%9D%9C%E3%81%AE%E8%A1%97%E3%82%B0%E3%83%AC%E3%83%BC%E3%82%B9+%E5%B2%A1%E5%B1%B1%E7%9C%8C+%E5%B2%A1%E5%B1%B1%E5%B8%82%E5%8C%97%E5%8C%BA&format=jsonv2&limit=5&addressdetails=1&countrycodes=jp,
jcsc_pdf,https://www.jcsc.or.jp/wpjcsc/wp-content/uploads/2026/05/35212d5b060e16d7f8db21681d51d151.pdf,4,right,埼玉県,さいたま市岩槻区,岩槻区,フェスタスクエア,5.904,5904.0,2007年11月,2007.0,11.0,1.0,municipality_missing,栃木県|フェスタスクエア,35.950114153225805,139.70706620161292,,municipality_representative,low,,municipality_alias,フェスタスクエア 埼玉県 さいたま市岩槻区 / フェスタスクエア 埼玉県 / フェスタスクエア,unresolved,,,,,https://nominatim.openstreetmap.org/search?q=%E3%83%95%E3%82%A7%E3%82%B9%E3%82%BF%E3%82%B9%E3%82%AF%E3%82%A8%E3%82%A2&format=jsonv2&limit=5&addressdetails=1&countrycodes=jp,no_name_prefecture_matched_candidate
jcsc_pdf,https://www.jcsc.or.jp/wpjcsc/wp-content/uploads/2026/05/35212d5b060e16d7f8db21681d51d151.pdf,15,right,大阪府,大阪市淀川区,淀川区,アルデ新大阪,"5,900",5900.0,1989年7月,1989.0,7.0,0.75,municipality_missing,京都府|アルデ新大阪,34.72865935227273,135.4827504090909,,municipality_representative,low,,municipality_alias,アルデ新大阪 大阪府 大阪市淀川区,added,アルデ新大阪,"アルデ新大阪, 新大阪地下道, 宮原一丁目, 淀川区, 大阪市, 大阪府, 533-0033, 日本",34.7340963,135.5013484,https://nominatim.openstreetmap.org/search?q=%E3%82%A2%E3%83%AB%E3%83%87%E6%96%B0%E5%A4%A7%E9%98%AA+%E5%A4%A7%E9%98%AA%E5%BA%9C+%E5%A4%A7%E9%98%AA%E5%B8%82%E6%B7%80%E5%B7%9D%E5%8C%BA&format=jsonv2&limit=5&addressdetails=1&countrycodes=jp,
jcsc_pdf,https://www.jcsc.or.jp/wpjcsc/wp-content/uploads/2026/05/35212d5b060e16d7f8db21681d51d151.pdf,21,right,長崎県,長崎市,,ララブレイス愛宕,5.888,5888.0,2014年7月,2014.0,7.0,0.8333,,長崎県|ララブレイス愛宕,32.758114,129.85546771399177,,municipality_representative,low,,,ララブレイス愛宕 長崎県 長崎市 / ララブレイス愛宕 長崎県 / ララブレイス愛宕,unresolved,,,,,https://nominatim.openstreetmap.org/search?q=%E3%83%A9%E3%83%A9%E3%83%96%E3%83%AC%E3%82%A4%E3%82%B9%E6%84%9B%E5%AE%95&format=jsonv2&limit=5&addressdetails=1&countrycodes=jp,no_name_prefecture_matched_candidate
jcsc_pdf,https://www.jcsc.or.jp/wpjcsc/wp-content/uploads/2026/05/35212d5b060e16d7f8db21681d51d151.pdf,4,right,群馬県,伊勢崎市,,西友楽市伊勢崎茂呂,5.887,5887.0,2000年12月,2000.0,12.0,0.7667,prefecture_inferred_from_municipality,群馬県|西友楽市伊勢崎茂呂,36.318240088888885,139.21561562222223,,municipality_representative,low,,,西友楽市伊勢崎茂呂 群馬県 伊勢崎市 / 西友楽市伊勢崎茂呂 群馬県 / 西友楽市伊勢崎茂呂,unresolved,,,,,https://nominatim.openstreetmap.org/search?q=%E8%A5%BF%E5%8F%8B%E6%A5%BD%E5%B8%82%E4%BC%8A%E5%8B%A2%E5%B4%8E%E8%8C%82%E5%91%82&format=jsonv2&limit=5&addressdetails=1&countrycodes=jp,no_name_prefecture_matched_candidate
jcsc_pdf,https://www.jcsc.or.jp/wpjcsc/wp-content/uploads/2026/05/35212d5b060e16d7f8db21681d51d151.pdf,5,right,千葉県,市川市,,パティオ本八幡,5.883,5883.0,1974年7月,1974.0,7.0,0.8333,prefecture_inferred_from_municipality,千葉県|パティオ本八幡,35.715078591489366,139.92517640851062,,municipality_representative,low,,,パティオ本八幡 千葉県 市川市,added,パティオ本八幡,"パティオ本八幡, 本八幡停車場線, 八幡二丁目, 市川市, 千葉県, 272-0021, 日本",35.7213619,139.9274963,https://nominatim.openstreetmap.org/search?q=%E3%83%91%E3%83%86%E3%82%A3%E3%82%AA%E6%9C%AC%E5%85%AB%E5%B9%A1+%E5%8D%83%E8%91%89%E7%9C%8C+%E5%B8%82%E5%B7%9D%E5%B8%82&format=jsonv2&limit=5&addressdetails=1&countrycodes=jp,
jcsc_pdf,https://www.jcsc.or.jp/wpjcsc/wp-content/uploads/2026/05/35212d5b060e16d7f8db21681d51d151.pdf,21,right,佐賀県,武雄市,,メリーランド武雄,5.869,5869.0,2005年7月,2005.0,7.0,0.8333,,佐賀県|メリーランド武雄,33.19678978571429,130.0110877857143,,municipality_representative,low,,,メリーランド武雄 佐賀県 武雄市,added,メリーランド武雄,"メリーランド武雄, 武雄多久線, 朝日町大字芦原, 武雄市, 佐賀県, 843-0001, 日本",33.2069796,130.0382527,https://nominatim.openstreetmap.org/search?q=%E3%83%A1%E3%83%AA%E3%83%BC%E3%83%A9%E3%83%B3%E3%83%89%E6%AD%A6%E9%9B%84+%E4%BD%90%E8%B3%80%E7%9C%8C+%E6%AD%A6%E9%9B%84%E5%B8%82&format=jsonv2&limit=5&addressdetails=1&countrycodes=jp,
jcsc_pdf,https://www.jcsc.or.jp/wpjcsc/wp-content/uploads/2026/05/35212d5b060e16d7f8db21681d51d151.pdf,20,left,香川県,木田郡三木町,,ベルシティ,"5,867",5867.0,1986年10月,1986.0,10.0,0.875,,福岡県|ベルシティ,34.24955838461538,134.1377106153846,,municipality_representative,low,,prefecture_inferred_from_municipality,ベルシティ 香川県 木田郡三木町,added,マルヨシセンター ベルシティ,"マルヨシセンター ベルシティ, 310, 三木牟礼線, 鹿伏, 三木町, 木田郡, 香川県, 761-0703, 日本",34.2713536,134.1358282,https://nominatim.openstreetmap.org/search?q=%E3%83%99%E3%83%AB%E3%82%B7%E3%83%86%E3%82%A3+%E9%A6%99%E5%B7%9D%E7%9C%8C+%E6%9C%A8%E7%94%B0%E9%83%A1%E4%B8%89%E6%9C%A8%E7%94%BA&format=jsonv2&limit=5&addressdetails=1&countrycodes=jp,
jcsc_pdf,https://www.jcsc.or.jp/wpjcsc/wp-content/uploads/2026/05/35212d5b060e16d7f8db21681d51d151.pdf,21,left,福岡県,福岡市中央区,,VIORO (ヴィオロ),"5,839",5839.0,2006年9月,2006.0,9.0,0.8333,municipality_missing,佐賀県|vioroヴィオロ,33.58363765853659,130.3877168699187,,municipality_representative,low,,municipality_alias,VIORO (ヴィオロ) 福岡県 福岡市中央区 / VIORO (ヴィオロ) 福岡県 / VIORO (ヴィオロ),unresolved,,,,,https://nominatim.openstreetmap.org/search?q=VIORO+%28%E3%83%B4%E3%82%A3%E3%82%AA%E3%83%AD%29&format=jsonv2&limit=5&addressdetails=1&countrycodes=jp,no_name_prefecture_matched_candidate
jcsc_pdf,https://www.jcsc.or.jp/wpjcsc/wp-content/uploads/2026/05/35212d5b060e16d7f8db21681d51d151.pdf,8,right,東京都,府中市,,KURURU (クルル),"5,830",5830.0,2005年3月,2005.0,3.0,0.8333,,東京都|kururuクルル,35.67126545578231,139.48012856462586,,municipality_representative,low,,,KURURU (クルル) 東京都 府中市 / KURURU (クルル) 東京都 / KURURU (クルル),unresolved,,,,,https://nominatim.openstreetmap.org/search?q=KURURU+%28%E3%82%AF%E3%83%AB%E3%83%AB%29&format=jsonv2&limit=5&addressdetails=1&countrycodes=jp,no_name_prefecture_matched_candidate
jcsc_pdf,https://www.jcsc.or.jp/wpjcsc/wp-content/uploads/2026/05/35212d5b060e16d7f8db21681d51d151.pdf,7,right,東京都,渋谷区,渋谷区,渋谷マークシティ,"5,826",5826.0,2000年4月,2000.0,4.0,1.0,municipality_missing,東京都|渋谷マークシティ,35.6654809125,139.6970510125,,municipality_representative,low,,,渋谷マークシティ 東京都 渋谷区,added,渋谷マークシティ,"渋谷マークシティ, 4F, Shibuya Mark City West, 道玄坂一丁目, 道玄坂, 渋谷区, 東京都, 150-0043, 日本",35.6582580,139.6986396,https://nominatim.openstreetmap.org/search?q=%E6%B8%8B%E8%B0%B7%E3%83%9E%E3%83%BC%E3%82%AF%E3%82%B7%E3%83%86%E3%82%A3+%E6%9D%B1%E4%BA%AC%E9%83%BD+%E6%B8%8B%E8%B0%B7%E5%8C%BA&format=jsonv2&limit=5&addressdetails=1&countrycodes=jp,
jcsc_pdf,https://www.jcsc.or.jp/wpjcsc/wp-content/uploads/2026/05/35212d5b060e16d7f8db21681d51d151.pdf,11,left,福井県,福井市,,福 井県 バロー新田塚店,5.806,5806.0,1975年9月,1975.0,9.0,0.6,prefecture_inferred_from_municipality,福井県|福井県バロー新田塚店,36.06043565205479,136.21047263835615,,municipality_representative,low,,,福 井県 バロー新田塚店 福井県 福井市 / 福 井県 バロー新田塚店 福井県 / 福 井県 バロー新田塚店,unresolved,,,,,https://nominatim.openstreetmap.org/search?q=%E7%A6%8F+%E4%BA%95%E7%9C%8C+%E3%83%90%E3%83%AD%E3%83%BC%E6%96%B0%E7%94%B0%E5%A1%9A%E5%BA%97&format=jsonv2&limit=5&addressdetails=1&countrycodes=jp,no_name_prefecture_matched_candidate
jcsc_pdf,https://www.jcsc.or.jp/wpjcsc/wp-content/uploads/2026/05/35212d5b060e16d7f8db21681d51d151.pdf,4,left,栃木県,小山市,,VAL小山駅ビル(バル小山駅ビル),"5,800",5800.0,1978年7月,1978.0,7.0,0.75,,栃木県|val小山駅ビルバル小山駅ビル,36.30662218617021,139.79973692021275,,municipality_representative,low,,,VAL小山駅ビル(バル小山駅ビル) 栃木県 小山市 / VAL小山駅ビル(バル小山駅ビル) 栃木県 / VAL小山駅ビル(バル小山駅ビル),unresolved,,,,,https://nominatim.openstreetmap.org/search?q=VAL%E5%B0%8F%E5%B1%B1%E9%A7%85%E3%83%93%E3%83%AB%28%E3%83%90%E3%83%AB%E5%B0%8F%E5%B1%B1%E9%A7%85%E3%83%93%E3%83%AB%29&format=jsonv2&limit=5&addressdetails=1&countrycodes=jp,no_name_prefecture_matched_candidate
jcsc_pdf,https://www.jcsc.or.jp/wpjcsc/wp-content/uploads/2026/05/35212d5b060e16d7f8db21681d51d151.pdf,11,right,山梨県,甲府市,,セレオ甲府,"5,800",5800.0,1985年10月,1985.0,10.0,0.7,,山梨県|セレオ甲府,35.65916205479452,138.5700706849315,,municipality_representative,low,,,セレオ甲府 山梨県 甲府市 / セレオ甲府 山梨県 / セレオ甲府,unresolved,,,,,https://nominatim.openstreetmap.org/search?q=%E3%82%BB%E3%83%AC%E3%82%AA%E7%94%B2%E5%BA%9C&format=jsonv2&limit=5&addressdetails=1&countrycodes=jp,no_name_prefecture_matched_candidate
jcsc_pdf,https://www.jcsc.or.jp/wpjcsc/wp-content/uploads/2026/05/35212d5b060e16d7f8db21681d51d151.pdf,19,right,広島県,廿日市市,,ザ・ビッグ宮内店,5.782,5782.0,1985年11月,1985.0,11.0,0.875,prefecture_inferred_from_municipality,広島県|ザビッグ宮内店,34.329818195,132.294283685,,municipality_representative,low,,,ザ・ビッグ宮内店 広島県 廿日市市 / ザ・ビッグ宮内店 広島県 / ザ・ビッグ宮内店,unresolved,,,,,https://nominatim.openstreetmap.org/search?q=%E3%82%B6%E3%83%BB%E3%83%93%E3%83%83%E3%82%B0%E5%AE%AE%E5%86%85%E5%BA%97&format=jsonv2&limit=5&addressdetails=1&countrycodes=jp,no_name_prefecture_matched_candidate
jcsc_pdf,https://www.jcsc.or.jp/wpjcsc/wp-content/uploads/2026/05/35212d5b060e16d7f8db21681d51d151.pdf,13,left,静岡県,静岡市葵区,中区,メルサ栄本店、スカイル,"5,780",5780.0,1973年12月,1973.0,12.0,0.8333,prefecture_inferred_from_municipality,静岡県|メルサ栄本店スカイル,35.00736196509009,138.41285507657656,,municipality_representative,low,,,メルサ栄本店、スカイル 静岡県 静岡市葵区 / メルサ栄本店、スカイル 静岡県 / メルサ栄本店、スカイル,unresolved,,,,,https://nominatim.openstreetmap.org/search?q=%E3%83%A1%E3%83%AB%E3%82%B5%E6%A0%84%E6%9C%AC%E5%BA%97%E3%80%81%E3%82%B9%E3%82%AB%E3%82%A4%E3%83%AB&format=jsonv2&limit=5&addressdetails=1&countrycodes=jp,no_name_prefecture_matched_candidate
jcsc_pdf,https://www.jcsc.or.jp/wpjcsc/wp-content/uploads/2026/05/35212d5b060e16d7f8db21681d51d151.pdf,20,left,徳島県,吉野川市,,ザ・ビッグ明島店,5.772,5772.0,1994年11月,1994.0,11.0,0.875,prefecture_inferred_from_municipality,徳島県|ザビッグ明島店,34.053505283236994,134.25866808092485,,municipality_representative,low,,,ザ・ビッグ明島店 徳島県 吉野川市 / ザ・ビッグ明島店 徳島県 / ザ・ビッグ明島店,unresolved,,,,,https://nominatim.openstreetmap.org/search?q=%E3%82%B6%E3%83%BB%E3%83%93%E3%83%83%E3%82%B0%E6%98%8E%E5%B3%B6%E5%BA%97&format=jsonv2&limit=5&addressdetails=1&countrycodes=jp,no_name_prefecture_matched_candidate
jcsc_pdf,https://www.jcsc.or.jp/wpjcsc/wp-content/uploads/2026/05/35212d5b060e16d7f8db21681d51d151.pdf,4,right,埼玉県,川口市,,かわぐちキャスティ,"5,766",5766.0,2005年7月,2005.0,7.0,0.8333,prefecture_inferred_from_municipality,埼玉県|かわぐちキャスティ,35.82981993382353,139.7309808970588,,municipality_representative,low,,,かわぐちキャスティ 埼玉県 川口市 / かわぐちキャスティ 埼玉県 / かわぐちキャスティ,unresolved,,,,,https://nominatim.openstreetmap.org/search?q=%E3%81%8B%E3%82%8F%E3%81%90%E3%81%A1%E3%82%AD%E3%83%A3%E3%82%B9%E3%83%86%E3%82%A3&format=jsonv2&limit=5&addressdetails=1&countrycodes=jp,no_name_prefecture_matched_candidate
jcsc_pdf,https://www.jcsc.or.jp/wpjcsc/wp-content/uploads/2026/05/35212d5b060e16d7f8db21681d51d151.pdf,18,left,兵庫県,高砂市,,アイモール高砂ショッピングセンター,5.764,5764.0,2005年10月,2005.0,10.0,1.0,prefecture_inferred_from_municipality,兵庫県|アイモール高砂ショッピングセンター,34.7661274,134.7937412,,municipality_representative,low,,,アイモール高砂ショッピングセンター 兵庫県 高砂市 / アイモール高砂ショッピングセンター 兵庫県 / アイモール高砂ショッピングセンター,unresolved,,,,,https://nominatim.openstreetmap.org/search?q=%E3%82%A2%E3%82%A4%E3%83%A2%E3%83%BC%E3%83%AB%E9%AB%98%E7%A0%82%E3%82%B7%E3%83%A7%E3%83%83%E3%83%94%E3%83%B3%E3%82%B0%E3%82%BB%E3%83%B3%E3%82%BF%E3%83%BC&format=jsonv2&limit=5&addressdetails=1&countrycodes=jp,no_name_prefecture_matched_candidate
jcsc_pdf,https://www.jcsc.or.jp/wpjcsc/wp-content/uploads/2026/05/35212d5b060e16d7f8db21681d51d151.pdf,20,right,福岡県,福岡市東区,東区,えきマチ1丁目香椎,5.764,5764.0,1996年3月,1996.0,3.0,0.7,,福岡県|えきマチ1丁目香椎,33.65491267521368,130.43242745726496,,municipality_representative,low,,,えきマチ1丁目香椎 福岡県 福岡市東区 / えきマチ1丁目香椎 福岡県 / えきマチ1丁目香椎,unresolved,,,,,https://nominatim.openstreetmap.org/search?q=%E3%81%88%E3%81%8D%E3%83%9E%E3%83%811%E4%B8%81%E7%9B%AE%E9%A6%99%E6%A4%8E&format=jsonv2&limit=5&addressdetails=1&countrycodes=jp,no_name_prefecture_matched_candidate
jcsc_pdf,https://www.jcsc.or.jp/wpjcsc/wp-content/uploads/2026/05/35212d5b060e16d7f8db21681d51d151.pdf,11,left,富山県,黒部市,,黒部ショッピングセンターメルシー,"5,726",5726.0,2014年12月,2014.0,12.0,0.875,,富山県|黒部ショッピングセンターメルシー,36.865522074380166,137.46917657024792,,municipality_representative,low,,,黒部ショッピングセンターメルシー 富山県 黒部市 / 黒部ショッピングセンターメルシー 富山県 / 黒部ショッピングセンターメルシー,unresolved,,,,,https://nominatim.openstreetmap.org/search?q=%E9%BB%92%E9%83%A8%E3%82%B7%E3%83%A7%E3%83%83%E3%83%94%E3%83%B3%E3%82%B0%E3%82%BB%E3%83%B3%E3%82%BF%E3%83%BC%E3%83%A1%E3%83%AB%E3%82%B7%E3%83%BC&format=jsonv2&limit=5&addressdetails=1&countrycodes=jp,no_name_prefecture_matched_candidate
jcsc_pdf,https://www.jcsc.or.jp/wpjcsc/wp-content/uploads/2026/05/35212d5b060e16d7f8db21681d51d151.pdf,5,left,埼玉県,蕨市,,イオンタウン酸,5.723,5723.0,2003年12月,2003.0,12.0,0.7,prefecture_inferred_from_municipality,埼玉県|イオンタウン酸,35.82467275862069,139.6862803448276,,municipality_representative,low,,,イオンタウン酸 埼玉県 蕨市 / イオンタウン酸 埼玉県 / イオンタウン酸,unresolved,,,,,https://nominatim.openstreetmap.org/search?q=%E3%82%A4%E3%82%AA%E3%83%B3%E3%82%BF%E3%82%A6%E3%83%B3%E9%85%B8&format=jsonv2&limit=5&addressdetails=1&countrycodes=jp,no_name_prefecture_matched_candidate
jcsc_pdf,https://www.jcsc.or.jp/wpjcsc/wp-content/uploads/2026/05/35212d5b060e16d7f8db21681d51d151.pdf,13,right,愛知県,春日井市,,清水屋春日井店,5.720,5720.0,2000年11月,2000.0,11.0,0.7667,,愛知県|清水屋春日井店,35.258045401060066,136.9876340936396,,municipality_representative,low,,,清水屋春日井店 愛知県 春日井市 / 清水屋春日井店 愛知県 / 清水屋春日井店,unresolved,,,,,https://nominatim.openstreetmap.org/search?q=%E6%B8%85%E6%B0%B4%E5%B1%8B%E6%98%A5%E6%97%A5%E4%BA%95%E5%BA%97&format=jsonv2&limit=5&addressdetails=1&countrycodes=jp,no_name_prefecture_matched_candidate
jcsc_pdf,https://www.jcsc.or.jp/wpjcsc/wp-content/uploads/2026/05/35212d5b060e16d7f8db21681d51d151.pdf,7,left,千葉県,流山市,港区,msb Tamachi田町 SHOPS&RESTAURANTS,5.714,5714.0,2018年11月,2018.0,11.0,1.0,prefecture_inferred_from_municipality,千葉県|msbtamachi田町shops&restaurants,35.86814102238806,139.91512308208954,,municipality_representative,low,,,msb Tamachi田町 SHOPS&RESTAURANTS 千葉県 流山市 / msb Tamachi田町 SHOPS&RESTAURANTS 千葉県 / msb Tamachi田町 SHOPS&RESTAURANTS,unresolved,,,,,https://nominatim.openstreetmap.org/search?q=msb+Tamachi%E7%94%B0%E7%94%BA+SHOPS%26RESTAURANTS&format=jsonv2&limit=5&addressdetails=1&countrycodes=jp,no_name_prefecture_matched_candidate
jcsc_pdf,https://www.jcsc.or.jp/wpjcsc/wp-content/uploads/2026/05/35212d5b060e16d7f8db21681d51d151.pdf,22,left,熊本県,熊本市西区,西区,ゆめマート城山,"5,701",5701.0,1996年12月,1996.0,12.0,0.75,municipality_missing,宮崎県|ゆめマート城山,32.7930880078125,130.665639703125,,municipality_representative,low,,municipality_alias,ゆめマート城山 熊本県 熊本市西区 / ゆめマート城山 熊本県 / ゆめマート城山,unresolved,,,,,https://nominatim.openstreetmap.org/search?q=%E3%82%86%E3%82%81%E3%83%9E%E3%83%BC%E3%83%88%E5%9F%8E%E5%B1%B1&format=jsonv2&limit=5&addressdetails=1&countrycodes=jp,no_name_prefecture_matched_candidate
jcsc_pdf,https://www.jcsc.or.jp/wpjcsc/wp-content/uploads/2026/05/35212d5b060e16d7f8db21681d51d151.pdf,3,right,茨城県,笠間市,,アクロスプラザ笠間,"5,671",5671.0,2007年11月,2007.0,11.0,0.8333,,茨城県|アクロスプラザ笠間,36.350923013157896,140.2862995394737,,municipality_representative,low,,,アクロスプラザ笠間 茨城県 笠間市 / アクロスプラザ笠間 茨城県 / アクロスプラザ笠間,unresolved,,,,,https://nominatim.openstreetmap.org/search?q=%E3%82%A2%E3%82%AF%E3%83%AD%E3%82%B9%E3%83%97%E3%83%A9%E3%82%B6%E7%AC%A0%E9%96%93&format=jsonv2&limit=5&addressdetails=1&countrycodes=jp,no_name_prefecture_matched_candidate
jcsc_pdf,https://www.jcsc.or.jp/wpjcsc/wp-content/uploads/2026/05/35212d5b060e16d7f8db21681d51d151.pdf,11,left,石川県,金沢市,,近江町いちば館,5.671,5671.0,2009年4月,2009.0,4.0,0.8333,,石川県|近江町いちば館,36.573277202551026,136.66385182602042,,municipality_representative,low,,,近江町いちば館 石川県 金沢市 / 近江町いちば館 石川県 / 近江町いちば館,unresolved,,,,,https://nominatim.openstreetmap.org/search?q=%E8%BF%91%E6%B1%9F%E7%94%BA%E3%81%84%E3%81%A1%E3%81%B0%E9%A4%A8&format=jsonv2&limit=5&addressdetails=1&countrycodes=jp,no_name_prefecture_matched_candidate
jcsc_pdf,https://www.jcsc.or.jp/wpjcsc/wp-content/uploads/2026/05/35212d5b060e16d7f8db21681d51d151.pdf,6,right,東京都,千代田区,千代田区,新東京ビルヂング,"5,670",5670.0,1963年6月,1963.0,6.0,1.0,municipality_missing,東京都|新東京ビルヂング,35.69180986086956,139.75971808695652,,municipality_representative,low,,,新東京ビルヂング 東京都 千代田区 / 新東京ビルヂング 東京都 / 新東京ビルヂング,unresolved,,,,,https://nominatim.openstreetmap.org/search?q=%E6%96%B0%E6%9D%B1%E4%BA%AC%E3%83%93%E3%83%AB%E3%83%82%E3%83%B3%E3%82%B0&format=jsonv2&limit=5&addressdetails=1&countrycodes=jp,no_name_prefecture_matched_candidate
jcsc_pdf,https://www.jcsc.or.jp/wpjcsc/wp-content/uploads/2026/05/35212d5b060e16d7f8db21681d51d151.pdf,15,left,滋賀県,高島市,,今津ショッピングセンターリプル(平和堂今津店),5.662,5662.0,1993年11月,1993.0,11.0,0.75,,滋賀県|今津ショッピングセンターリプル平和堂今津店,35.37583146,135.99706142666668,,municipality_representative,low,,,今津ショッピングセンターリプル(平和堂今津店) 滋賀県 高島市 / 今津ショッピングセンターリプル(平和堂今津店) 滋賀県 / 今津ショッピングセンターリプル(平和堂今津店),unresolved,,,,,https://nominatim.openstreetmap.org/search?q=%E4%BB%8A%E6%B4%A5%E3%82%B7%E3%83%A7%E3%83%83%E3%83%94%E3%83%B3%E3%82%B0%E3%82%BB%E3%83%B3%E3%82%BF%E3%83%BC%E3%83%AA%E3%83%97%E3%83%AB%28%E5%B9%B3%E5%92%8C%E5%A0%82%E4%BB%8A%E6%B4%A5%E5%BA%97%29&format=jsonv2&limit=5&addressdetails=1&countrycodes=jp,no_name_prefecture_matched_candidate
jcsc_pdf,https://www.jcsc.or.jp/wpjcsc/wp-content/uploads/2026/05/35212d5b060e16d7f8db21681d51d151.pdf,22,left,大分県,中津市,,フレスポ中津北,"5,658",5658.0,2009年10月,2009.0,10.0,0.7667,prefecture_inferred_from_municipality,大分県|フレスポ中津北,33.54071522794118,131.18238013970588,,municipality_representative,low,,,フレスポ中津北 大分県 中津市 / フレスポ中津北 大分県 / フレスポ中津北,unresolved,,,,,https://nominatim.openstreetmap.org/search?q=%E3%83%95%E3%83%AC%E3%82%B9%E3%83%9D%E4%B8%AD%E6%B4%A5%E5%8C%97&format=jsonv2&limit=5&addressdetails=1&countrycodes=jp,no_name_prefecture_matched_candidate
jcsc_pdf,https://www.jcsc.or.jp/wpjcsc/wp-content/uploads/2026/05/35212d5b060e16d7f8db21681d51d151.pdf,19,left,広島県,広島市安佐北区,安佐北区,マックスパリュ高陽店,5.643,5643.0,1983年2月,1983.0,2.0,0.8333,municipality_missing,山口県|マックスパリュ高陽店,34.507301292517006,132.51225982312926,,municipality_representative,low,,municipality_alias,マックスパリュ高陽店 広島県 広島市安佐北区 / マックスパリュ高陽店 広島県 / マックスパリュ高陽店,unresolved,,,,,https://nominatim.openstreetmap.org/search?q=%E3%83%9E%E3%83%83%E3%82%AF%E3%82%B9%E3%83%91%E3%83%AA%E3%83%A5%E9%AB%98%E9%99%BD%E5%BA%97&format=jsonv2&limit=5&addressdetails=1&countrycodes=jp,no_name_prefecture_matched_candidate
jcsc_pdf,https://www.jcsc.or.jp/wpjcsc/wp-content/uploads/2026/05/35212d5b060e16d7f8db21681d51d151.pdf,5,left,埼玉県,草加市,,草加VARIE(草加ヴァリエ),5.629,5629.0,1995年10月,1995.0,10.0,0.8333,prefecture_inferred_from_municipality,埼玉県|草加varie草加ヴァリエ,35.83825174789916,139.80054673109242,,municipality_representative,low,,,草加VARIE(草加ヴァリエ) 埼玉県 草加市 / 草加VARIE(草加ヴァリエ) 埼玉県 / 草加VARIE(草加ヴァリエ),unresolved,,,,,https://nominatim.openstreetmap.org/search?q=%E8%8D%89%E5%8A%A0VARIE%28%E8%8D%89%E5%8A%A0%E3%83%B4%E3%82%A1%E3%83%AA%E3%82%A8%29&format=jsonv2&limit=5&addressdetails=1&countrycodes=jp,no_name_prefecture_matched_candidate
jcsc_pdf,https://www.jcsc.or.jp/wpjcsc/wp-content/uploads/2026/05/35212d5b060e16d7f8db21681d51d151.pdf,11,left,神奈川県,海老名市,,大和オークシティ アリス,5.628,5628.0,1909年3月,1909.0,3.0,0.875,prefecture_inferred_from_municipality,神奈川県|大和オークシティアリス,35.44222554368932,139.39391933980582,,municipality_representative,low,,,大和オークシティ アリス 神奈川県 海老名市 / 大和オークシティ アリス 神奈川県 / 大和オークシティ アリス,unresolved,,,,,https://nominatim.openstreetmap.org/search?q=%E5%A4%A7%E5%92%8C%E3%82%AA%E3%83%BC%E3%82%AF%E3%82%B7%E3%83%86%E3%82%A3+%E3%82%A2%E3%83%AA%E3%82%B9&format=jsonv2&limit=5&addressdetails=1&countrycodes=jp,no_name_prefecture_matched_candidate
jcsc_pdf,https://www.jcsc.or.jp/wpjcsc/wp-content/uploads/2026/05/35212d5b060e16d7f8db21681d51d151.pdf,21,right,福岡県,糟屋郡新宮町,,ライフガーデン新宮中央,5.610,5610.0,2011年10月,2011.0,10.0,0.75,,福岡県|ライフガーデン新宮中央,33.706998206349205,130.44729173015872,,municipality_representative,low,,,ライフガーデン新宮中央 福岡県 糟屋郡新宮町 / ライフガーデン新宮中央 福岡県 / ライフガーデン新宮中央,unresolved,,,,,https://nominatim.openstreetmap.org/search?q=%E3%83%A9%E3%82%A4%E3%83%95%E3%82%AC%E3%83%BC%E3%83%87%E3%83%B3%E6%96%B0%E5%AE%AE%E4%B8%AD%E5%A4%AE&format=jsonv2&limit=5&addressdetails=1&countrycodes=jp,no_name_prefecture_matched_candidate
jcsc_pdf,https://www.jcsc.or.jp/wpjcsc/wp-content/uploads/2026/05/35212d5b060e16d7f8db21681d51d151.pdf,11,right,長野県,中野市,,高井国士ショッピングセンター,5.604,5604.0,1993年11月,1993.0,11.0,0.875,,長野県|高井国士ショッピングセンター,36.7543771060606,138.35715813636364,,municipality_representative,low,,,高井国士ショッピングセンター 長野県 中野市 / 高井国士ショッピングセンター 長野県 / 高井国士ショッピングセンター,unresolved,,,,,https://nominatim.openstreetmap.org/search?q=%E9%AB%98%E4%BA%95%E5%9B%BD%E5%A3%AB%E3%82%B7%E3%83%A7%E3%83%83%E3%83%94%E3%83%B3%E3%82%B0%E3%82%BB%E3%83%B3%E3%82%BF%E3%83%BC&format=jsonv2&limit=5&addressdetails=1&countrycodes=jp,no_name_prefecture_matched_candidate
jcsc_pdf,https://www.jcsc.or.jp/wpjcsc/wp-content/uploads/2026/05/35212d5b060e16d7f8db21681d51d151.pdf,7,left,千葉県,流山市,,東京ミッドタウン八重洲,5.600,5600.0,2023年3月,2023.0,3.0,0.8333,prefecture_inferred_from_municipality,千葉県|東京ミッドタウン八重洲,35.86814102238806,139.91512308208954,,municipality_representative,low,,,東京ミッドタウン八重洲 千葉県 流山市 / 東京ミッドタウン八重洲 千葉県 / 東京ミッドタウン八重洲,unresolved,,,,,https://nominatim.openstreetmap.org/search?q=%E6%9D%B1%E4%BA%AC%E3%83%9F%E3%83%83%E3%83%89%E3%82%BF%E3%82%A6%E3%83%B3%E5%85%AB%E9%87%8D%E6%B4%B2&format=jsonv2&limit=5&addressdetails=1&countrycodes=jp,no_name_prefecture_matched_candidate
jcsc_pdf,https://www.jcsc.or.jp/wpjcsc/wp-content/uploads/2026/05/35212d5b060e16d7f8db21681d51d151.pdf,16,right,大阪府,松原市,,カナートモール松原,5.583,5583.0,2013年10月,2013.0,10.0,0.8333,prefecture_inferred_from_municipality,大阪府|カナートモール松原,34.58057712865497,135.5507450233918,,municipality_representative,low,,,カナートモール松原 大阪府 松原市 / カナートモール松原 大阪府 / カナートモール松原,unresolved,,,,,https://nominatim.openstreetmap.org/search?q=%E3%82%AB%E3%83%8A%E3%83%BC%E3%83%88%E3%83%A2%E3%83%BC%E3%83%AB%E6%9D%BE%E5%8E%9F&format=jsonv2&limit=5&addressdetails=1&countrycodes=jp,no_name_prefecture_matched_candidate
jcsc_pdf,https://www.jcsc.or.jp/wpjcsc/wp-content/uploads/2026/05/35212d5b060e16d7f8db21681d51d151.pdf,7,left,千葉県,流山市,港区,AO(アオ),5.579,5579.0,2009年3月,2009.0,3.0,0.8333,prefecture_inferred_from_municipality,千葉県|aoアオ,35.86814102238806,139.91512308208954,,municipality_representative,low,,,AO(アオ) 千葉県 流山市 / AO(アオ) 千葉県 / AO(アオ),unresolved,,,,,https://nominatim.openstreetmap.org/search?q=AO%28%E3%82%A2%E3%82%AA%29&format=jsonv2&limit=5&addressdetails=1&countrycodes=jp,no_name_prefecture_matched_candidate
jcsc_pdf,https://www.jcsc.or.jp/wpjcsc/wp-content/uploads/2026/05/35212d5b060e16d7f8db21681d51d151.pdf,3,left,山形県,鶴岡市,,鶴岡ショッピングセンター・鶴岡協同の家こぴあ,5.570,5570.0,1995年7月,1995.0,7.0,0.8333,prefecture_inferred_from_municipality,山形県|鶴岡ショッピングセンター鶴岡協同の家こぴあ,38.720386451481104,139.82847480081716,,municipality_representative,low,,,鶴岡ショッピングセンター・鶴岡協同の家こぴあ 山形県 鶴岡市 / 鶴岡ショッピングセンター・鶴岡協同の家こぴあ 山形県 / 鶴岡ショッピングセンター・鶴岡協同の家こぴあ,unresolved,,,,,https://nominatim.openstreetmap.org/search?q=%E9%B6%B4%E5%B2%A1%E3%82%B7%E3%83%A7%E3%83%83%E3%83%94%E3%83%B3%E3%82%B0%E3%82%BB%E3%83%B3%E3%82%BF%E3%83%BC%E3%83%BB%E9%B6%B4%E5%B2%A1%E5%8D%94%E5%90%8C%E3%81%AE%E5%AE%B6%E3%81%93%E3%81%B4%E3%81%82&format=jsonv2&limit=5&addressdetails=1&countrycodes=jp,no_name_prefecture_matched_candidate
jcsc_pdf,https://www.jcsc.or.jp/wpjcsc/wp-content/uploads/2026/05/35212d5b060e16d7f8db21681d51d151.pdf,12,right,長野県,茅野市,,静岡モディ,"5,540",5540.0,2016年11月,2016.0,11.0,0.8333,,長野県|静岡モディ,36.019364964285714,138.20491239285712,,municipality_representative,low,,,静岡モディ 長野県 茅野市 / 静岡モディ 長野県 / 静岡モディ,unresolved,,,,,https://nominatim.openstreetmap.org/search?q=%E9%9D%99%E5%B2%A1%E3%83%A2%E3%83%87%E3%82%A3&format=jsonv2&limit=5&addressdetails=1&countrycodes=jp,no_name_prefecture_matched_candidate
jcsc_pdf,https://www.jcsc.or.jp/wpjcsc/wp-content/uploads/2026/05/35212d5b060e16d7f8db21681d51d151.pdf,5,right,千葉県,千葉市稲毛区,稲毛区,稲毛オーツパーク,5.535,5535.0,2008年1月,2008.0,1.0,0.8333,open_date_parse_failed|prefecture_inferred_from_municipality,千葉県|稲毛オーツパーク,35.63807216923077,140.10419452307693,,municipality_representative,low,,row_correction|pdf_small_mismatch_review,稲毛オーツパーク 千葉県 千葉市稲毛区 / 稲毛オーツパーク 千葉県 / 稲毛オーツパーク,unresolved,,,,,https://nominatim.openstreetmap.org/search?q=%E7%A8%B2%E6%AF%9B%E3%82%AA%E3%83%BC%E3%83%84%E3%83%91%E3%83%BC%E3%82%AF&format=jsonv2&limit=5&addressdetails=1&countrycodes=jp,no_name_prefecture_matched_candidate
jcsc_pdf,https://www.jcsc.or.jp/wpjcsc/wp-content/uploads/2026/05/35212d5b060e16d7f8db21681d51d151.pdf,17,right,兵庫県,尼崎市,,AMASTA AMASEN (アマスタアマセン),5.527,5527.0,1964年4月,1964.0,4.0,0.875,prefecture_inferred_from_municipality,兵庫県|amastaamasenアマスタアマセン,34.733931593824224,135.41311132066508,,municipality_representative,low,,,AMASTA AMASEN (アマスタアマセン) 兵庫県 尼崎市 / AMASTA AMASEN (アマスタアマセン) 兵庫県 / AMASTA AMASEN (アマスタアマセン),unresolved,,,,,https://nominatim.openstreetmap.org/search?q=AMASTA+AMASEN+%28%E3%82%A2%E3%83%9E%E3%82%B9%E3%82%BF%E3%82%A2%E3%83%9E%E3%82%BB%E3%83%B3%29&format=jsonv2&limit=5&addressdetails=1&countrycodes=jp,no_name_prefecture_matched_candidate
jcsc_pdf,https://www.jcsc.or.jp/wpjcsc/wp-content/uploads/2026/05/35212d5b060e16d7f8db21681d51d151.pdf,13,left,静岡県,静岡市葵区,中区,栄地下街(森の地下街),5.511,5511.0,1957年11月,1957.0,11.0,0.75,prefecture_inferred_from_municipality,静岡県|栄地下街森の地下街,35.00736196509009,138.41285507657656,,municipality_representative,low,,,栄地下街(森の地下街) 静岡県 静岡市葵区 / 栄地下街(森の地下街) 静岡県 / 栄地下街(森の地下街),unresolved,,,,,https://nominatim.openstreetmap.org/search?q=%E6%A0%84%E5%9C%B0%E4%B8%8B%E8%A1%97%28%E6%A3%AE%E3%81%AE%E5%9C%B0%E4%B8%8B%E8%A1%97%29&format=jsonv2&limit=5&addressdetails=1&countrycodes=jp,no_name_prefecture_matched_candidate
jcsc_pdf,https://www.jcsc.or.jp/wpjcsc/wp-content/uploads/2026/05/35212d5b060e16d7f8db21681d51d151.pdf,13,right,愛知県,半田市,,C-FESTA (C・フェスタ),"5,508",5508.0,1990年4月,1990.0,4.0,0.75,,愛知県|cfestacフェスタ,34.90381271283784,136.92860094594593,,municipality_representative,low,,,C-FESTA (C・フェスタ) 愛知県 半田市 / C-FESTA (C・フェスタ) 愛知県 / C-FESTA (C・フェスタ),unresolved,,,,,https://nominatim.openstreetmap.org/search?q=C-FESTA+%28C%E3%83%BB%E3%83%95%E3%82%A7%E3%82%B9%E3%82%BF%29&format=jsonv2&limit=5&addressdetails=1&countrycodes=jp,no_name_prefecture_matched_candidate
jcsc_pdf,https://www.jcsc.or.jp/wpjcsc/wp-content/uploads/2026/05/35212d5b060e16d7f8db21681d51d151.pdf,17,right,兵庫県,尼崎市,,SOCOLA塚口クロス (ソコラ塚ロクロス),"5,501",5501.0,2022年11月,2022.0,11.0,0.8333,prefecture_inferred_from_municipality,兵庫県|socola塚口クロスソコラ塚ロクロス,34.733931593824224,135.41311132066508,,municipality_representative,low,,,SOCOLA塚口クロス (ソコラ塚ロクロス) 兵庫県 尼崎市 / SOCOLA塚口クロス (ソコラ塚ロクロス) 兵庫県 / SOCOLA塚口クロス (ソコラ塚ロクロス),unresolved,,,,,https://nominatim.openstreetmap.org/search?q=SOCOLA%E5%A1%9A%E5%8F%A3%E3%82%AF%E3%83%AD%E3%82%B9+%28%E3%82%BD%E3%82%B3%E3%83%A9%E5%A1%9A%E3%83%AD%E3%82%AF%E3%83%AD%E3%82%B9%29&format=jsonv2&limit=5&addressdetails=1&countrycodes=jp,no_name_prefecture_matched_candidate
jcsc_pdf,https://www.jcsc.or.jp/wpjcsc/wp-content/uploads/2026/05/35212d5b060e16d7f8db21681d51d151.pdf,17,right,兵庫県,明石市,,ンタ ー,5.498,5498.0,2007年11月,2007.0,11.0,0.65,prefecture_inferred_from_municipality,兵庫県|ンター,34.666462917475734,134.96781366504854,,municipality_representative,low,,,ンタ ー 兵庫県 明石市 / ンタ ー 兵庫県 / ンタ ー,unresolved,,,,,https://nominatim.openstreetmap.org/search?q=%E3%83%B3%E3%82%BF+%E3%83%BC&format=jsonv2&limit=5&addressdetails=1&countrycodes=jp,no_name_prefecture_matched_candidate
jcsc_pdf,https://www.jcsc.or.jp/wpjcsc/wp-content/uploads/2026/05/35212d5b060e16d7f8db21681d51d151.pdf,10,right,神奈川県,座間市,,MEGAドン・キホーテUNY座間店,"5,496",5496.0,1980年5月,1980.0,5.0,0.75,prefecture_inferred_from_municipality,神奈川県|megaドンキホーテuny座間店,35.48659204477612,139.41362159701492,,municipality_representative,low,,,MEGAドン・キホーテUNY座間店 神奈川県 座間市 / MEGAドン・キホーテUNY座間店 神奈川県 / MEGAドン・キホーテUNY座間店,unresolved,,,,,https://nominatim.openstreetmap.org/search?q=MEGA%E3%83%89%E3%83%B3%E3%83%BB%E3%82%AD%E3%83%9B%E3%83%BC%E3%83%86UNY%E5%BA%A7%E9%96%93%E5%BA%97&format=jsonv2&limit=5&addressdetails=1&countrycodes=jp,no_name_prefecture_matched_candidate
jcsc_pdf,https://www.jcsc.or.jp/wpjcsc/wp-content/uploads/2026/05/35212d5b060e16d7f8db21681d51d151.pdf,4,right,埼玉県,さいたま市浦和区,浦和区,アトレ浦和,"5,495",5495.0,2015年11月,2015.0,11.0,0.8333,municipality_missing,栃木県|アトレ浦和,35.87239750574713,139.6532391954023,,municipality_representative,low,,municipality_alias,アトレ浦和 埼玉県 さいたま市浦和区 / アトレ浦和 埼玉県 / アトレ浦和,unresolved,,,,,https://nominatim.openstreetmap.org/search?q=%E3%82%A2%E3%83%88%E3%83%AC%E6%B5%A6%E5%92%8C&format=jsonv2&limit=5&addressdetails=1&countrycodes=jp,no_name_prefecture_matched_candidate
jcsc_pdf,https://www.jcsc.or.jp/wpjcsc/wp-content/uploads/2026/05/35212d5b060e16d7f8db21681d51d151.pdf,14,left,愛知県,新城市,,ピアゴ新城店,5.485,5485.0,1980年9月,1980.0,9.0,0.7,prefecture_inferred_from_municipality,愛知県|ピアゴ新城店,34.902834763329004,137.5125093953186,,municipality_representative,low,,,ピアゴ新城店 愛知県 新城市 / ピアゴ新城店 愛知県 / ピアゴ新城店,unresolved,,,,,https://nominatim.openstreetmap.org/search?q=%E3%83%94%E3%82%A2%E3%82%B4%E6%96%B0%E5%9F%8E%E5%BA%97&format=jsonv2&limit=5&addressdetails=1&countrycodes=jp,no_name_prefecture_matched_candidate
jcsc_pdf,https://www.jcsc.or.jp/wpjcsc/wp-content/uploads/2026/05/35212d5b060e16d7f8db21681d51d151.pdf,17,right,兵庫県,尼崎市,,VIERRA塚口(ビエラ塚口),"5,467",5467.0,2016年4月,2016.0,4.0,0.8333,prefecture_inferred_from_municipality,兵庫県|vierra塚口ビエラ塚口,34.733931593824224,135.41311132066508,,municipality_representative,low,,,VIERRA塚口(ビエラ塚口) 兵庫県 尼崎市 / VIERRA塚口(ビエラ塚口) 兵庫県 / VIERRA塚口(ビエラ塚口),unresolved,,,,,https://nominatim.openstreetmap.org/search?q=VIERRA%E5%A1%9A%E5%8F%A3%28%E3%83%93%E3%82%A8%E3%83%A9%E5%A1%9A%E5%8F%A3%29&format=jsonv2&limit=5&addressdetails=1&countrycodes=jp,no_name_prefecture_matched_candidate
jcsc_pdf,https://www.jcsc.or.jp/wpjcsc/wp-content/uploads/2026/05/35212d5b060e16d7f8db21681d51d151.pdf,3,right,福島県,いわき市,,泉ショッピングセンター(ヨークベニマルいわき泉店),5.466,5466.0,1990年2月,1990.0,2.0,0.875,prefecture_inferred_from_municipality,福島県|泉ショッピングセンターヨークベニマルいわき泉店,37.019554562647755,140.88369584599798,,municipality_representative,low,,,泉ショッピングセンター(ヨークベニマルいわき泉店) 福島県 いわき市 / 泉ショッピングセンター(ヨークベニマルいわき泉店) 福島県 / 泉ショッピングセンター(ヨークベニマルいわき泉店),unresolved,,,,,https://nominatim.openstreetmap.org/search?q=%E6%B3%89%E3%82%B7%E3%83%A7%E3%83%83%E3%83%94%E3%83%B3%E3%82%B0%E3%82%BB%E3%83%B3%E3%82%BF%E3%83%BC%28%E3%83%A8%E3%83%BC%E3%82%AF%E3%83%99%E3%83%8B%E3%83%9E%E3%83%AB%E3%81%84%E3%82%8F%E3%81%8D%E6%B3%89%E5%BA%97%29&format=jsonv2&limit=5&addressdetails=1&countrycodes=jp,no_name_prefecture_matched_candidate
jcsc_pdf,https://www.jcsc.or.jp/wpjcsc/wp-content/uploads/2026/05/35212d5b060e16d7f8db21681d51d151.pdf,7,left,千葉県,流山市,江東区,WANZA ARIAKE BAY MALL,5.446,5446.0,1996年4月,1996.0,4.0,1.0,prefecture_inferred_from_municipality,千葉県|wanzaariakebaymall,35.86814102238806,139.91512308208954,,municipality_representative,low,,,WANZA ARIAKE BAY MALL 千葉県 流山市 / WANZA ARIAKE BAY MALL 千葉県 / WANZA ARIAKE BAY MALL,unresolved,,,,,https://nominatim.openstreetmap.org/search?q=WANZA+ARIAKE+BAY+MALL&format=jsonv2&limit=5&addressdetails=1&countrycodes=jp,no_name_prefecture_matched_candidate
jcsc_pdf,https://www.jcsc.or.jp/wpjcsc/wp-content/uploads/2026/05/35212d5b060e16d7f8db21681d51d151.pdf,15,right,京都府,京田辺市,,フレスト松井山手店,"5,444",5444.0,1998年10月,1998.0,10.0,0.8333,prefecture_inferred_from_municipality,京都府|フレスト松井山手店,34.80856600814332,135.76096650488597,,municipality_representative,low,,,フレスト松井山手店 京都府 京田辺市 / フレスト松井山手店 京都府 / フレスト松井山手店,unresolved,,,,,https://nominatim.openstreetmap.org/search?q=%E3%83%95%E3%83%AC%E3%82%B9%E3%83%88%E6%9D%BE%E4%BA%95%E5%B1%B1%E6%89%8B%E5%BA%97&format=jsonv2&limit=5&addressdetails=1&countrycodes=jp,no_name_prefecture_matched_candidate
jcsc_pdf,https://www.jcsc.or.jp/wpjcsc/wp-content/uploads/2026/05/35212d5b060e16d7f8db21681d51d151.pdf,8,left,千葉県,流山市,練馬区,エミオ石神井公圏,5.441,5441.0,2013年10月,2013.0,10.0,0.8333,prefecture_inferred_from_municipality,千葉県|エミオ石神井公圏,35.86814102238806,139.91512308208954,,municipality_representative,low,,,エミオ石神井公圏 千葉県 流山市 / エミオ石神井公圏 千葉県 / エミオ石神井公圏,unresolved,,,,,https://nominatim.openstreetmap.org/search?q=%E3%82%A8%E3%83%9F%E3%82%AA%E7%9F%B3%E7%A5%9E%E4%BA%95%E5%85%AC%E5%9C%8F&format=jsonv2&limit=5&addressdetails=1&countrycodes=jp,no_name_prefecture_matched_candidate
jcsc_pdf,https://www.jcsc.or.jp/wpjcsc/wp-content/uploads/2026/05/35212d5b060e16d7f8db21681d51d151.pdf,7,left,千葉県,流山市,港区,ウィング高輪,5.429,5429.0,1983年11月,1983.0,11.0,0.8333,prefecture_inferred_from_municipality,千葉県|ウィング高輪,35.86814102238806,139.91512308208954,,municipality_representative,low,,,ウィング高輪 千葉県 流山市 / ウィング高輪 千葉県 / ウィング高輪,unresolved,,,,,https://nominatim.openstreetmap.org/search?q=%E3%82%A6%E3%82%A3%E3%83%B3%E3%82%B0%E9%AB%98%E8%BC%AA&format=jsonv2&limit=5&addressdetails=1&countrycodes=jp,no_name_prefecture_matched_candidate
jcsc_pdf,https://www.jcsc.or.jp/wpjcsc/wp-content/uploads/2026/05/35212d5b060e16d7f8db21681d51d151.pdf,8,right,東京都,調布市,,調布とうきゅう,"5,428",5428.0,1971年5月,1971.0,5.0,0.75,,東京都|調布とうきゅう,35.65774974074074,139.55270955555557,,municipality_representative,low,,,調布とうきゅう 東京都 調布市 / 調布とうきゅう 東京都 / 調布とうきゅう,unresolved,,,,,https://nominatim.openstreetmap.org/search?q=%E8%AA%BF%E5%B8%83%E3%81%A8%E3%81%86%E3%81%8D%E3%82%85%E3%81%86&format=jsonv2&limit=5&addressdetails=1&countrycodes=jp,no_name_prefecture_matched_candidate
jcsc_pdf,https://www.jcsc.or.jp/wpjcsc/wp-content/uploads/2026/05/35212d5b060e16d7f8db21681d51d151.pdf,10,right,神奈川県,足柄上郡大井町,,ミマスモール,5.405,5405.0,2012年7月,2012.0,7.0,0.75,,東京都|ミマスモール,35.33434490909091,139.163333,,municipality_representative,low,,prefecture_inferred_from_municipality,ミマスモール 神奈川県 足柄上郡大井町 / ミマスモール 神奈川県 / ミマスモール,unresolved,,,,,https://nominatim.openstreetmap.org/search?q=%E3%83%9F%E3%83%9E%E3%82%B9%E3%83%A2%E3%83%BC%E3%83%AB&format=jsonv2&limit=5&addressdetails=1&countrycodes=jp,no_name_prefecture_matched_candidate
jcsc_pdf,https://www.jcsc.or.jp/wpjcsc/wp-content/uploads/2026/05/35212d5b060e16d7f8db21681d51d151.pdf,12,left,岐阜県,多治見市,,プラティ多治見,5.405,5405.0,2023年3月,2023.0,3.0,0.8333,,岐阜県|プラティ多治見,35.34050838949672,137.11672805689278,,municipality_representative,low,,,プラティ多治見 岐阜県 多治見市 / プラティ多治見 岐阜県 / プラティ多治見,unresolved,,,,,https://nominatim.openstreetmap.org/search?q=%E3%83%97%E3%83%A9%E3%83%86%E3%82%A3%E5%A4%9A%E6%B2%BB%E8%A6%8B&format=jsonv2&limit=5&addressdetails=1&countrycodes=jp,no_name_prefecture_matched_candidate
jcsc_pdf,https://www.jcsc.or.jp/wpjcsc/wp-content/uploads/2026/05/35212d5b060e16d7f8db21681d51d151.pdf,22,left,大分県,大分市,,コムボックス大分,"5,403",5403.0,2008年6月,2008.0,6.0,0.8333,municipality_missing,沖縄県|コムボックス大分,33.21965059287926,131.63969271362228,,municipality_representative,low,,municipality_alias,コムボックス大分 大分県 大分市,added,コムボックス大分,"コムボックス大分, 宮崎, 大分市, 大分県, 870-8504, 日本",33.2007054,131.6082685,https://nominatim.openstreetmap.org/search?q=%E3%82%B3%E3%83%A0%E3%83%9C%E3%83%83%E3%82%AF%E3%82%B9%E5%A4%A7%E5%88%86+%E5%A4%A7%E5%88%86%E7%9C%8C+%E5%A4%A7%E5%88%86%E5%B8%82&format=jsonv2&limit=5&addressdetails=1&countrycodes=jp,
jcsc_pdf,https://www.jcsc.or.jp/wpjcsc/wp-content/uploads/2026/05/35212d5b060e16d7f8db21681d51d151.pdf,7,left,千葉県,流山市,,京橋エドグラン,"5,400",5400.0,2016年11月,2016.0,11.0,0.8333,prefecture_inferred_from_municipality,千葉県|京橋エドグラン,35.86814102238806,139.91512308208954,,municipality_representative,low,,,京橋エドグラン 千葉県 流山市 / 京橋エドグラン 千葉県 / 京橋エドグラン,unresolved,,,,,https://nominatim.openstreetmap.org/search?q=%E4%BA%AC%E6%A9%8B%E3%82%A8%E3%83%89%E3%82%B0%E3%83%A9%E3%83%B3&format=jsonv2&limit=5&addressdetails=1&countrycodes=jp,no_name_prefecture_matched_candidate
jcsc_pdf,https://www.jcsc.or.jp/wpjcsc/wp-content/uploads/2026/05/35212d5b060e16d7f8db21681d51d151.pdf,9,right,東京都,多摩市,泉区,すすき野とうきゅう,"5,400",5400.0,1991年11月,1991.0,11.0,0.8333,,東京都|すすき野とうきゅう,35.62921686516854,139.44035108988766,,municipality_representative,low,,,すすき野とうきゅう 東京都 多摩市 / すすき野とうきゅう 東京都 / すすき野とうきゅう,unresolved,,,,,https://nominatim.openstreetmap.org/search?q=%E3%81%99%E3%81%99%E3%81%8D%E9%87%8E%E3%81%A8%E3%81%86%E3%81%8D%E3%82%85%E3%81%86&format=jsonv2&limit=5&addressdetails=1&countrycodes=jp,no_name_prefecture_matched_candidate
jcsc_pdf,https://www.jcsc.or.jp/wpjcsc/wp-content/uploads/2026/05/35212d5b060e16d7f8db21681d51d151.pdf,10,right,富山県,富山市,,グリーンバレー大沢野,5.396,5396.0,1997年10月,1997.0,10.0,0.8333,,富山県|グリーンバレー大沢野,36.6594965053681,137.20881503527607,,municipality_representative,low,,,グリーンバレー大沢野 富山県 富山市 / グリーンバレー大沢野 富山県 / グリーンバレー大沢野,unresolved,,,,,https://nominatim.openstreetmap.org/search?q=%E3%82%B0%E3%83%AA%E3%83%BC%E3%83%B3%E3%83%90%E3%83%AC%E3%83%BC%E5%A4%A7%E6%B2%A2%E9%87%8E&format=jsonv2&limit=5&addressdetails=1&countrycodes=jp,no_name_prefecture_matched_candidate
jcsc_pdf,https://www.jcsc.or.jp/wpjcsc/wp-content/uploads/2026/05/35212d5b060e16d7f8db21681d51d151.pdf,13,right,愛知県,岡崎市,,フィールNews店,5.396,5396.0,1995年5月,1995.0,5.0,0.8333,,愛知県|フィールnews店,34.943625585006274,137.18850034567126,,municipality_representative,low,,,フィールNews店 愛知県 岡崎市 / フィールNews店 愛知県 / フィールNews店,unresolved,,,,,https://nominatim.openstreetmap.org/search?q=%E3%83%95%E3%82%A3%E3%83%BC%E3%83%ABNews%E5%BA%97&format=jsonv2&limit=5&addressdetails=1&countrycodes=jp,no_name_prefecture_matched_candidate
jcsc_pdf,https://www.jcsc.or.jp/wpjcsc/wp-content/uploads/2026/05/35212d5b060e16d7f8db21681d51d151.pdf,15,right,大阪府,大阪市港区,港区,MEGAドン・キホーテ弁天町店,5.392,5392.0,1983年9月,1983.0,9.0,0.75,municipality_missing,京都府|megaドンキホーテ弁天町店,34.66197027586207,135.4526591724138,,municipality_representative,low,,municipality_alias,MEGAドン・キホーテ弁天町店 大阪府 大阪市港区 / MEGAドン・キホーテ弁天町店 大阪府 / MEGAドン・キホーテ弁天町店,unresolved,,,,,https://nominatim.openstreetmap.org/search?q=MEGA%E3%83%89%E3%83%B3%E3%83%BB%E3%82%AD%E3%83%9B%E3%83%BC%E3%83%86%E5%BC%81%E5%A4%A9%E7%94%BA%E5%BA%97&format=jsonv2&limit=5&addressdetails=1&countrycodes=jp,no_name_prefecture_matched_candidate
jcsc_pdf,https://www.jcsc.or.jp/wpjcsc/wp-content/uploads/2026/05/35212d5b060e16d7f8db21681d51d151.pdf,8,right,東京都,小金井市,,SOCOLA武蔵小金井クロス(ソコラ武蔵小金井クロス),5.378,5378.0,2020年6月,2020.0,6.0,0.8333,,東京都|socola武蔵小金井クロスソコラ武蔵小金井クロス,35.70155102222222,139.51082942222223,,municipality_representative,low,,,SOCOLA武蔵小金井クロス(ソコラ武蔵小金井クロス) 東京都 小金井市 / SOCOLA武蔵小金井クロス(ソコラ武蔵小金井クロス) 東京都 / SOCOLA武蔵小金井クロス(ソコラ武蔵小金井クロス),unresolved,,,,,https://nominatim.openstreetmap.org/search?q=SOCOLA%E6%AD%A6%E8%94%B5%E5%B0%8F%E9%87%91%E4%BA%95%E3%82%AF%E3%83%AD%E3%82%B9%28%E3%82%BD%E3%82%B3%E3%83%A9%E6%AD%A6%E8%94%B5%E5%B0%8F%E9%87%91%E4%BA%95%E3%82%AF%E3%83%AD%E3%82%B9%29&format=jsonv2&limit=5&addressdetails=1&countrycodes=jp,no_name_prefecture_matched_candidate
jcsc_pdf,https://www.jcsc.or.jp/wpjcsc/wp-content/uploads/2026/05/35212d5b060e16d7f8db21681d51d151.pdf,11,right,福井県,勝山市,,勝山サンプラザ,"5,360",5360.0,1977年7月,1977.0,7.0,0.75,prefecture_inferred_from_municipality,福井県|勝山サンプラザ,36.06782390163935,136.4996767295082,,municipality_representative,low,,,勝山サンプラザ 福井県 勝山市 / 勝山サンプラザ 福井県 / 勝山サンプラザ,unresolved,,,,,https://nominatim.openstreetmap.org/search?q=%E5%8B%9D%E5%B1%B1%E3%82%B5%E3%83%B3%E3%83%97%E3%83%A9%E3%82%B6&format=jsonv2&limit=5&addressdetails=1&countrycodes=jp,no_name_prefecture_matched_candidate
jcsc_pdf,https://www.jcsc.or.jp/wpjcsc/wp-content/uploads/2026/05/35212d5b060e16d7f8db21681d51d151.pdf,3,right,茨城県,つくば市,,ヨークタウンつくば竹園,5.355,5355.0,2015年1月,2015.0,1.0,0.8333,,茨城県|ヨークタウンつくば竹園,36.080324517684886,140.09107936012862,,municipality_representative,low,,,ヨークタウンつくば竹園 茨城県 つくば市 / ヨークタウンつくば竹園 茨城県 / ヨークタウンつくば竹園,unresolved,,,,,https://nominatim.openstreetmap.org/search?q=%E3%83%A8%E3%83%BC%E3%82%AF%E3%82%BF%E3%82%A6%E3%83%B3%E3%81%A4%E3%81%8F%E3%81%B0%E7%AB%B9%E5%9C%92&format=jsonv2&limit=5&addressdetails=1&countrycodes=jp,no_name_prefecture_matched_candidate
jcsc_pdf,https://www.jcsc.or.jp/wpjcsc/wp-content/uploads/2026/05/35212d5b060e16d7f8db21681d51d151.pdf,14,left,愛知県,額田郡幸田町,,ピアゴ幸田店,"5,330",5330.0,1998年11月,1998.0,11.0,0.7,,滋賀県|ピアゴ幸田店,34.861402912121214,137.16979215909092,,municipality_representative,low,,prefecture_inferred_from_municipality,ピアゴ幸田店 愛知県 額田郡幸田町 / ピアゴ幸田店 愛知県 / ピアゴ幸田店,unresolved,,,,,https://nominatim.openstreetmap.org/search?q=%E3%83%94%E3%82%A2%E3%82%B4%E5%B9%B8%E7%94%B0%E5%BA%97&format=jsonv2&limit=5&addressdetails=1&countrycodes=jp,no_name_prefecture_matched_candidate
jcsc_pdf,https://www.jcsc.or.jp/wpjcsc/wp-content/uploads/2026/05/35212d5b060e16d7f8db21681d51d151.pdf,21,right,長崎県,諫早市,,アクロスプラザ諫早,"5,323",5323.0,2005年12月,2005.0,12.0,0.75,,長崎県|アクロスプラザ諫早,32.856885270588236,130.0648202882353,,municipality_representative,low,,,アクロスプラザ諫早 長崎県 諫早市 / アクロスプラザ諫早 長崎県 / アクロスプラザ諫早,unresolved,,,,,https://nominatim.openstreetmap.org/search?q=%E3%82%A2%E3%82%AF%E3%83%AD%E3%82%B9%E3%83%97%E3%83%A9%E3%82%B6%E8%AB%AB%E6%97%A9&format=jsonv2&limit=5&addressdetails=1&countrycodes=jp,no_name_prefecture_matched_candidate
jcsc_pdf,https://www.jcsc.or.jp/wpjcsc/wp-content/uploads/2026/05/35212d5b060e16d7f8db21681d51d151.pdf,15,left,京都府,福知山市,,フレスボ福知山,"5,300",5300.0,2009年11月,2009.0,11.0,0.8333,,京都府|フレスボ福知山,35.310318798387094,135.12988464112902,,municipality_representative,low,,,フレスボ福知山 京都府 福知山市 / フレスボ福知山 京都府 / フレスボ福知山,unresolved,,,,,https://nominatim.openstreetmap.org/search?q=%E3%83%95%E3%83%AC%E3%82%B9%E3%83%9C%E7%A6%8F%E7%9F%A5%E5%B1%B1&format=jsonv2&limit=5&addressdetails=1&countrycodes=jp,no_name_prefecture_matched_candidate
jcsc_pdf,https://www.jcsc.or.jp/wpjcsc/wp-content/uploads/2026/05/35212d5b060e16d7f8db21681d51d151.pdf,20,right,高知県,南国市,,サニーアクシス南国店,"5,295",5295.0,1994年4月,1994.0,4.0,0.75,,高知県|サニーアクシス南国店,33.586695935779815,133.640351146789,,municipality_representative,low,,,サニーアクシス南国店 高知県 南国市 / サニーアクシス南国店 高知県 / サニーアクシス南国店,unresolved,,,,,https://nominatim.openstreetmap.org/search?q=%E3%82%B5%E3%83%8B%E3%83%BC%E3%82%A2%E3%82%AF%E3%82%B7%E3%82%B9%E5%8D%97%E5%9B%BD%E5%BA%97&format=jsonv2&limit=5&addressdetails=1&countrycodes=jp,no_name_prefecture_matched_candidate
jcsc_pdf,https://www.jcsc.or.jp/wpjcsc/wp-content/uploads/2026/05/35212d5b060e16d7f8db21681d51d151.pdf,11,right,山梨県,北杜市,,長坂ショッピングセンター きららシティ,"5,280",5280.0,2000年4月,2000.0,4.0,0.75,,山梨県|長坂ショッピングセンターきららシティ,35.820979236111114,138.39128352777777,,municipality_representative,low,,,長坂ショッピングセンター きららシティ 山梨県 北杜市 / 長坂ショッピングセンター きららシティ 山梨県 / 長坂ショッピングセンター きららシティ,unresolved,,,,,https://nominatim.openstreetmap.org/search?q=%E9%95%B7%E5%9D%82%E3%82%B7%E3%83%A7%E3%83%83%E3%83%94%E3%83%B3%E3%82%B0%E3%82%BB%E3%83%B3%E3%82%BF%E3%83%BC+%E3%81%8D%E3%82%89%E3%82%89%E3%82%B7%E3%83%86%E3%82%A3&format=jsonv2&limit=5&addressdetails=1&countrycodes=jp,no_name_prefecture_matched_candidate
jcsc_pdf,https://www.jcsc.or.jp/wpjcsc/wp-content/uploads/2026/05/35212d5b060e16d7f8db21681d51d151.pdf,12,left,岐阜県,郡上市,,大和リバーサイドタウンPio,"5,280",5280.0,2000年11月,2000.0,11.0,0.75,,岐阜県|大和リバーサイドタウンpio,35.795293836206895,136.95408222413795,,municipality_representative,low,,,大和リバーサイドタウンPio 岐阜県 郡上市 / 大和リバーサイドタウンPio 岐阜県 / 大和リバーサイドタウンPio,unresolved,,,,,https://nominatim.openstreetmap.org/search?q=%E5%A4%A7%E5%92%8C%E3%83%AA%E3%83%90%E3%83%BC%E3%82%B5%E3%82%A4%E3%83%89%E3%82%BF%E3%82%A6%E3%83%B3Pio&format=jsonv2&limit=5&addressdetails=1&countrycodes=jp,no_name_prefecture_matched_candidate
jcsc_pdf,https://www.jcsc.or.jp/wpjcsc/wp-content/uploads/2026/05/35212d5b060e16d7f8db21681d51d151.pdf,11,right,山梨県,南巨摩郡富士川町,,フォレストモール富士川,"5,268",5268.0,2014年3月,2014.0,3.0,0.75,,石川県|フォレストモール富士川,35.54382385,138.44081075,,municipality_representative,low,,prefecture_inferred_from_municipality,フォレストモール富士川 山梨県 南巨摩郡富士川町 / フォレストモール富士川 山梨県 / フォレストモール富士川,unresolved,,,,,https://nominatim.openstreetmap.org/search?q=%E3%83%95%E3%82%A9%E3%83%AC%E3%82%B9%E3%83%88%E3%83%A2%E3%83%BC%E3%83%AB%E5%AF%8C%E5%A3%AB%E5%B7%9D&format=jsonv2&limit=5&addressdetails=1&countrycodes=jp,no_name_prefecture_matched_candidate
jcsc_pdf,https://www.jcsc.or.jp/wpjcsc/wp-content/uploads/2026/05/35212d5b060e16d7f8db21681d51d151.pdf,8,left,千葉県,流山市,北区,赤羽バルロード1・アビレ,"5,266",5266.0,1986年3月,1986.0,3.0,0.8333,prefecture_inferred_from_municipality,千葉県|赤羽バルロード1アビレ,35.86814102238806,139.91512308208954,,municipality_representative,low,,,赤羽バルロード1・アビレ 千葉県 流山市 / 赤羽バルロード1・アビレ 千葉県 / 赤羽バルロード1・アビレ,unresolved,,,,,https://nominatim.openstreetmap.org/search?q=%E8%B5%A4%E7%BE%BD%E3%83%90%E3%83%AB%E3%83%AD%E3%83%BC%E3%83%891%E3%83%BB%E3%82%A2%E3%83%93%E3%83%AC&format=jsonv2&limit=5&addressdetails=1&countrycodes=jp,no_name_prefecture_matched_candidate
jcsc_pdf,https://www.jcsc.or.jp/wpjcsc/wp-content/uploads/2026/05/35212d5b060e16d7f8db21681d51d151.pdf,11,right,富山県,富山市,,そよら福井開発,"5,264",5264.0,2024年7月,2024.0,7.0,0.7667,,富山県|そよら福井開発,36.6594965053681,137.20881503527607,,municipality_representative,low,,,そよら福井開発 富山県 富山市 / そよら福井開発 富山県 / そよら福井開発,unresolved,,,,,https://nominatim.openstreetmap.org/search?q=%E3%81%9D%E3%82%88%E3%82%89%E7%A6%8F%E4%BA%95%E9%96%8B%E7%99%BA&format=jsonv2&limit=5&addressdetails=1&countrycodes=jp,no_name_prefecture_matched_candidate
jcsc_pdf,https://www.jcsc.or.jp/wpjcsc/wp-content/uploads/2026/05/35212d5b060e16d7f8db21681d51d151.pdf,4,left,群馬県,前橋市,,群馬 県 ショッピングセンターアイム,"5,258",5258.0,1991年12月,1991.0,12.0,0.7167,prefecture_inferred_from_municipality,群馬県|群馬県ショッピングセンターアイム,36.39732810791367,139.09366682374102,,municipality_representative,low,,,群馬 県 ショッピングセンターアイム 群馬県 前橋市 / 群馬 県 ショッピングセンターアイム 群馬県 / 群馬 県 ショッピングセンターアイム,unresolved,,,,,https://nominatim.openstreetmap.org/search?q=%E7%BE%A4%E9%A6%AC+%E7%9C%8C+%E3%82%B7%E3%83%A7%E3%83%83%E3%83%94%E3%83%B3%E3%82%B0%E3%82%BB%E3%83%B3%E3%82%BF%E3%83%BC%E3%82%A2%E3%82%A4%E3%83%A0&format=jsonv2&limit=5&addressdetails=1&countrycodes=jp,no_name_prefecture_matched_candidate
jcsc_pdf,https://www.jcsc.or.jp/wpjcsc/wp-content/uploads/2026/05/35212d5b060e16d7f8db21681d51d151.pdf,5,right,千葉県,千葉市稲毛区,稲毛区,ベリエ稲毛,"5,246",5246.0,1981年5月,1981.0,5.0,0.7,prefecture_inferred_from_municipality,千葉県|ベリエ稲毛,35.63807216923077,140.10419452307693,,municipality_representative,low,,,ベリエ稲毛 千葉県 千葉市稲毛区 / ベリエ稲毛 千葉県 / ベリエ稲毛,unresolved,,,,,https://nominatim.openstreetmap.org/search?q=%E3%83%99%E3%83%AA%E3%82%A8%E7%A8%B2%E6%AF%9B&format=jsonv2&limit=5&addressdetails=1&countrycodes=jp,no_name_prefecture_matched_candidate
jcsc_pdf,https://www.jcsc.or.jp/wpjcsc/wp-content/uploads/2026/05/35212d5b060e16d7f8db21681d51d151.pdf,11,left,福井県,福井市,,Friend Town 福井,"5,213",5213.0,2010年11月,2010.0,11.0,1.0,prefecture_inferred_from_municipality,福井県|friendtown福井,36.06043565205479,136.21047263835615,,municipality_representative,low,,,Friend Town 福井 福井県 福井市 / Friend Town 福井 福井県 / Friend Town 福井,unresolved,,,,,https://nominatim.openstreetmap.org/search?q=Friend+Town+%E7%A6%8F%E4%BA%95&format=jsonv2&limit=5&addressdetails=1&countrycodes=jp,no_name_prefecture_matched_candidate
jcsc_pdf,https://www.jcsc.or.jp/wpjcsc/wp-content/uploads/2026/05/35212d5b060e16d7f8db21681d51d151.pdf,18,right,和歌山県,和歌山市,,和歌山ミオ本館,"5,200",5200.0,1968年3月,1968.0,3.0,0.8333,,和歌山県|和歌山ミオ本館,34.229199273684216,135.18005814736844,,municipality_representative,low,,,和歌山ミオ本館 和歌山県 和歌山市 / 和歌山ミオ本館 和歌山県 / 和歌山ミオ本館,unresolved,,,,,https://nominatim.openstreetmap.org/search?q=%E5%92%8C%E6%AD%8C%E5%B1%B1%E3%83%9F%E3%82%AA%E6%9C%AC%E9%A4%A8&format=jsonv2&limit=5&addressdetails=1&countrycodes=jp,no_name_prefecture_matched_candidate
jcsc_pdf,https://www.jcsc.or.jp/wpjcsc/wp-content/uploads/2026/05/35212d5b060e16d7f8db21681d51d151.pdf,8,left,千葉県,流山市,葛飾区,イトーヨーカドー高砂店,"5,158",5158.0,1970年4月,1970.0,4.0,0.75,prefecture_inferred_from_municipality,千葉県|イトーヨーカドー高砂店,35.86814102238806,139.91512308208954,,municipality_representative,low,,,イトーヨーカドー高砂店 千葉県 流山市 / イトーヨーカドー高砂店 千葉県 / イトーヨーカドー高砂店,unresolved,,,,,https://nominatim.openstreetmap.org/search?q=%E3%82%A4%E3%83%88%E3%83%BC%E3%83%A8%E3%83%BC%E3%82%AB%E3%83%89%E3%83%BC%E9%AB%98%E7%A0%82%E5%BA%97&format=jsonv2&limit=5&addressdetails=1&countrycodes=jp,no_name_prefecture_matched_candidate
jcsc_pdf,https://www.jcsc.or.jp/wpjcsc/wp-content/uploads/2026/05/35212d5b060e16d7f8db21681d51d151.pdf,20,right,高知県,宿毛市,,フジ宿毛店,"5,154",5154.0,1995年12月,1995.0,12.0,0.7,,高知県|フジ宿毛店,32.934495705882355,132.7161576117647,,municipality_representative,low,,,フジ宿毛店 高知県 宿毛市 / フジ宿毛店 高知県 / フジ宿毛店,unresolved,,,,,https://nominatim.openstreetmap.org/search?q=%E3%83%95%E3%82%B8%E5%AE%BF%E6%AF%9B%E5%BA%97&format=jsonv2&limit=5&addressdetails=1&countrycodes=jp,no_name_prefecture_matched_candidate
jcsc_pdf,https://www.jcsc.or.jp/wpjcsc/wp-content/uploads/2026/05/35212d5b060e16d7f8db21681d51d151.pdf,12,right,静岡県,沼津市,,マックスパリュ沼津南店,5.153,5153.0,2009年9月,2009.0,9.0,0.8333,prefecture_inferred_from_municipality,静岡県|マックスパリュ沼津南店,35.09913307065217,138.85189667934782,,municipality_representative,low,,,マックスパリュ沼津南店 静岡県 沼津市 / マックスパリュ沼津南店 静岡県 / マックスパリュ沼津南店,unresolved,,,,,https://nominatim.openstreetmap.org/search?q=%E3%83%9E%E3%83%83%E3%82%AF%E3%82%B9%E3%83%91%E3%83%AA%E3%83%A5%E6%B2%BC%E6%B4%A5%E5%8D%97%E5%BA%97&format=jsonv2&limit=5&addressdetails=1&countrycodes=jp,no_name_prefecture_matched_candidate
jcsc_pdf,https://www.jcsc.or.jp/wpjcsc/wp-content/uploads/2026/05/35212d5b060e16d7f8db21681d51d151.pdf,17,left,兵庫県,神戸市灘区,灘区,プリコ六甲道,5.151,5151.0,1978年4月,1978.0,4.0,0.7667,prefecture_inferred_from_municipality,兵庫県|プリコ六甲道,34.71574665300547,135.22946139344262,,municipality_representative,low,,,プリコ六甲道 兵庫県 神戸市灘区 / プリコ六甲道 兵庫県 / プリコ六甲道,unresolved,,,,,https://nominatim.openstreetmap.org/search?q=%E3%83%97%E3%83%AA%E3%82%B3%E5%85%AD%E7%94%B2%E9%81%93&format=jsonv2&limit=5&addressdetails=1&countrycodes=jp,no_name_prefecture_matched_candidate
jcsc_pdf,https://www.jcsc.or.jp/wpjcsc/wp-content/uploads/2026/05/35212d5b060e16d7f8db21681d51d151.pdf,19,right,広島県,庄原市,,庄原ショッピングセンター ジョイフルnagae,5.141,5141.0,1979年7月,1979.0,7.0,0.875,prefecture_inferred_from_municipality,広島県|庄原ショッピングセンタージョイフルnagae,34.907040075000005,133.06325971666666,,municipality_representative,low,,,庄原ショッピングセンター ジョイフルnagae 広島県 庄原市 / 庄原ショッピングセンター ジョイフルnagae 広島県 / 庄原ショッピングセンター ジョイフルnagae,unresolved,,,,,https://nominatim.openstreetmap.org/search?q=%E5%BA%84%E5%8E%9F%E3%82%B7%E3%83%A7%E3%83%83%E3%83%94%E3%83%B3%E3%82%B0%E3%82%BB%E3%83%B3%E3%82%BF%E3%83%BC+%E3%82%B8%E3%83%A7%E3%82%A4%E3%83%95%E3%83%ABnagae&format=jsonv2&limit=5&addressdetails=1&countrycodes=jp,no_name_prefecture_matched_candidate
jcsc_pdf,https://www.jcsc.or.jp/wpjcsc/wp-content/uploads/2026/05/35212d5b060e16d7f8db21681d51d151.pdf,4,left,茨城県,守谷市,,ヨークタウン守谷,"5,138",5138.0,2015年11月,2015.0,11.0,0.8333,,茨城県|ヨークタウン守谷,35.95003250649351,139.9854001168831,,municipality_representative,low,,,ヨークタウン守谷 茨城県 守谷市 / ヨークタウン守谷 茨城県 / ヨークタウン守谷,unresolved,,,,,https://nominatim.openstreetmap.org/search?q=%E3%83%A8%E3%83%BC%E3%82%AF%E3%82%BF%E3%82%A6%E3%83%B3%E5%AE%88%E8%B0%B7&format=jsonv2&limit=5&addressdetails=1&countrycodes=jp,no_name_prefecture_matched_candidate
jcsc_pdf,https://www.jcsc.or.jp/wpjcsc/wp-content/uploads/2026/05/35212d5b060e16d7f8db21681d51d151.pdf,13,right,愛知県,豊田市,,フィールリスタ,5.126,5126.0,1999年9月,1999.0,9.0,1.0,,愛知県|フィールリスタ,35.09519359936084,137.17775728617084,,municipality_representative,low,,,フィールリスタ 愛知県 豊田市 / フィールリスタ 愛知県 / フィールリスタ,unresolved,,,,,https://nominatim.openstreetmap.org/search?q=%E3%83%95%E3%82%A3%E3%83%BC%E3%83%AB%E3%83%AA%E3%82%B9%E3%82%BF&format=jsonv2&limit=5&addressdetails=1&countrycodes=jp,no_name_prefecture_matched_candidate
jcsc_pdf,https://www.jcsc.or.jp/wpjcsc/wp-content/uploads/2026/05/35212d5b060e16d7f8db21681d51d151.pdf,8,left,千葉県,流山市,練馬区,グランエミオ大泉学園,"5,120",5120.0,2015年4月,2015.0,4.0,0.8333,prefecture_inferred_from_municipality,千葉県|グランエミオ大泉学園,35.86814102238806,139.91512308208954,,municipality_representative,low,,,グランエミオ大泉学園 千葉県 流山市 / グランエミオ大泉学園 千葉県 / グランエミオ大泉学園,unresolved,,,,,https://nominatim.openstreetmap.org/search?q=%E3%82%B0%E3%83%A9%E3%83%B3%E3%82%A8%E3%83%9F%E3%82%AA%E5%A4%A7%E6%B3%89%E5%AD%A6%E5%9C%92&format=jsonv2&limit=5&addressdetails=1&countrycodes=jp,no_name_prefecture_matched_candidate
jcsc_pdf,https://www.jcsc.or.jp/wpjcsc/wp-content/uploads/2026/05/35212d5b060e16d7f8db21681d51d151.pdf,13,right,愛知県,豊田市,,ギャザ専門店街,5.120,5120.0,1995年4月,1995.0,4.0,0.8333,,愛知県|ギャザ専門店街,35.09519359936084,137.17775728617084,,municipality_representative,low,,,ギャザ専門店街 愛知県 豊田市 / ギャザ専門店街 愛知県 / ギャザ専門店街,unresolved,,,,,https://nominatim.openstreetmap.org/search?q=%E3%82%AE%E3%83%A3%E3%82%B6%E5%B0%82%E9%96%80%E5%BA%97%E8%A1%97&format=jsonv2&limit=5&addressdetails=1&countrycodes=jp,no_name_prefecture_matched_candidate
jcsc_pdf,https://www.jcsc.or.jp/wpjcsc/wp-content/uploads/2026/05/35212d5b060e16d7f8db21681d51d151.pdf,15,right,大阪府,大阪市住之江区,住之江区,N.KLASS住ノ江(エヌクラス住ノ江),"5,114",5114.0,2016年12月,2016.0,12.0,0.8333,municipality_missing,京都府|nklass住ノ江エヌクラス住ノ江,34.61538744,135.4634204,,municipality_representative,low,,municipality_alias,N.KLASS住ノ江(エヌクラス住ノ江) 大阪府 大阪市住之江区 / N.KLASS住ノ江(エヌクラス住ノ江) 大阪府 / N.KLASS住ノ江(エヌクラス住ノ江),unresolved,,,,,https://nominatim.openstreetmap.org/search?q=N.KLASS%E4%BD%8F%E3%83%8E%E6%B1%9F%28%E3%82%A8%E3%83%8C%E3%82%AF%E3%83%A9%E3%82%B9%E4%BD%8F%E3%83%8E%E6%B1%9F%29&format=jsonv2&limit=5&addressdetails=1&countrycodes=jp,no_name_prefecture_matched_candidate
jcsc_pdf,https://www.jcsc.or.jp/wpjcsc/wp-content/uploads/2026/05/35212d5b060e16d7f8db21681d51d151.pdf,12,left,岐阜県,美濃市,,サピーショッピングセンター,"5,104",5104.0,1998年11月,1998.0,11.0,0.875,,岐阜県|サピーショッピングセンター,35.546838013513515,136.90600705405404,,municipality_representative,low,,,サピーショッピングセンター 岐阜県 美濃市 / サピーショッピングセンター 岐阜県 / サピーショッピングセンター,unresolved,,,,,https://nominatim.openstreetmap.org/search?q=%E3%82%B5%E3%83%94%E3%83%BC%E3%82%B7%E3%83%A7%E3%83%83%E3%83%94%E3%83%B3%E3%82%B0%E3%82%BB%E3%83%B3%E3%82%BF%E3%83%BC&format=jsonv2&limit=5&addressdetails=1&countrycodes=jp,no_name_prefecture_matched_candidate
jcsc_pdf,https://www.jcsc.or.jp/wpjcsc/wp-content/uploads/2026/05/35212d5b060e16d7f8db21681d51d151.pdf,18,right,岡山県,岡山市北区,北区,フレスタモール カジル津島,"5,100",5100.0,1996年8月,1996.0,8.0,0.8333,,岡山県|フレスタモールカジル津島,34.69374775609756,133.89983444634146,,municipality_representative,low,,,フレスタモール カジル津島 岡山県 岡山市北区 / フレスタモール カジル津島 岡山県 / フレスタモール カジル津島,unresolved,,,,,https://nominatim.openstreetmap.org/search?q=%E3%83%95%E3%83%AC%E3%82%B9%E3%82%BF%E3%83%A2%E3%83%BC%E3%83%AB+%E3%82%AB%E3%82%B8%E3%83%AB%E6%B4%A5%E5%B3%B6&format=jsonv2&limit=5&addressdetails=1&countrycodes=jp,no_name_prefecture_matched_candidate
jcsc_pdf,https://www.jcsc.or.jp/wpjcsc/wp-content/uploads/2026/05/35212d5b060e16d7f8db21681d51d151.pdf,8,right,東京都,昭島市,,MORIPARK Outdoor Village,5.095,5095.0,2015年3月,2015.0,3.0,1.0,,東京都|moriparkoutdoorvillage,35.708291575,139.365706575,,municipality_representative,low,,,MORIPARK Outdoor Village 東京都 昭島市 / MORIPARK Outdoor Village 東京都 / MORIPARK Outdoor Village,unresolved,,,,,https://nominatim.openstreetmap.org/search?q=MORIPARK+Outdoor+Village&format=jsonv2&limit=5&addressdetails=1&countrycodes=jp,no_name_prefecture_matched_candidate
jcsc_pdf,https://www.jcsc.or.jp/wpjcsc/wp-content/uploads/2026/05/35212d5b060e16d7f8db21681d51d151.pdf,5,right,千葉県,千葉市中央区,中央区,千葉ショッピングセンターC・one,"5,086",5086.0,1963年4月,1963.0,4.0,1.0,prefecture_inferred_from_municipality,千葉県|千葉ショッピングセンターcone,35.59979603846154,140.12619165384615,,municipality_representative,low,,,千葉ショッピングセンターC・one 千葉県 千葉市中央区 / 千葉ショッピングセンターC・one 千葉県 / 千葉ショッピングセンターC・one,unresolved,,,,,https://nominatim.openstreetmap.org/search?q=%E5%8D%83%E8%91%89%E3%82%B7%E3%83%A7%E3%83%83%E3%83%94%E3%83%B3%E3%82%B0%E3%82%BB%E3%83%B3%E3%82%BF%E3%83%BCC%E3%83%BBone&format=jsonv2&limit=5&addressdetails=1&countrycodes=jp,no_name_prefecture_matched_candidate
jcsc_pdf,https://www.jcsc.or.jp/wpjcsc/wp-content/uploads/2026/05/35212d5b060e16d7f8db21681d51d151.pdf,20,left,香川県,丸亀市,,ハローズ丸中府店,"5,058",5058.0,2010年2月,2010.0,2.0,0.7667,prefecture_inferred_from_municipality,香川県|ハローズ丸中府店,34.29322237857143,133.79822693571427,,municipality_representative,low,,,ハローズ丸中府店 香川県 丸亀市 / ハローズ丸中府店 香川県 / ハローズ丸中府店,unresolved,,,,,https://nominatim.openstreetmap.org/search?q=%E3%83%8F%E3%83%AD%E3%83%BC%E3%82%BA%E4%B8%B8%E4%B8%AD%E5%BA%9C%E5%BA%97&format=jsonv2&limit=5&addressdetails=1&countrycodes=jp,no_name_prefecture_matched_candidate
jcsc_pdf,https://www.jcsc.or.jp/wpjcsc/wp-content/uploads/2026/05/35212d5b060e16d7f8db21681d51d151.pdf,7,left,千葉県,流山市,港区,アトレ品川,"5,046",5046.0,2004年3月,2004.0,3.0,0.8333,prefecture_inferred_from_municipality,千葉県|アトレ品川,35.86814102238806,139.91512308208954,,municipality_representative,low,,,アトレ品川 千葉県 流山市 / アトレ品川 千葉県 / アトレ品川,unresolved,,,,,https://nominatim.openstreetmap.org/search?q=%E3%82%A2%E3%83%88%E3%83%AC%E5%93%81%E5%B7%9D&format=jsonv2&limit=5&addressdetails=1&countrycodes=jp,no_name_prefecture_matched_candidate
jcsc_pdf,https://www.jcsc.or.jp/wpjcsc/wp-content/uploads/2026/05/35212d5b060e16d7f8db21681d51d151.pdf,21,left,愛媛県,西条市,中央区,SEA HAWK GALLERIA,"5,045",5045.0,1995年4月,1995.0,4.0,1.0,prefecture_inferred_from_municipality,愛媛県|seahawkgalleria,33.89937571257485,133.12346959281436,,municipality_representative,low,,,SEA HAWK GALLERIA 愛媛県 西条市 / SEA HAWK GALLERIA 愛媛県 / SEA HAWK GALLERIA,unresolved,,,,,https://nominatim.openstreetmap.org/search?q=SEA+HAWK+GALLERIA&format=jsonv2&limit=5&addressdetails=1&countrycodes=jp,no_name_prefecture_matched_candidate
jcsc_pdf,https://www.jcsc.or.jp/wpjcsc/wp-content/uploads/2026/05/35212d5b060e16d7f8db21681d51d151.pdf,5,right,埼玉県,日高市,,ヤオコー高路川店,5.041,5041.0,2012年9月,2012.0,9.0,0.7,prefecture_inferred_from_municipality,埼玉県|ヤオコー高路川店,35.89307126415095,139.33691250943397,,municipality_representative,low,,,ヤオコー高路川店 埼玉県 日高市 / ヤオコー高路川店 埼玉県 / ヤオコー高路川店,unresolved,,,,,https://nominatim.openstreetmap.org/search?q=%E3%83%A4%E3%82%AA%E3%82%B3%E3%83%BC%E9%AB%98%E8%B7%AF%E5%B7%9D%E5%BA%97&format=jsonv2&limit=5&addressdetails=1&countrycodes=jp,no_name_prefecture_matched_candidate
jcsc_pdf,https://www.jcsc.or.jp/wpjcsc/wp-content/uploads/2026/05/35212d5b060e16d7f8db21681d51d151.pdf,14,left,愛知県,日進市,,ピアゴ佐屋店,"5,005",5005.0,1999年12月,1999.0,12.0,0.7667,prefecture_inferred_from_municipality,愛知県|ピアゴ佐屋店,35.13598252364865,137.0461274054054,,municipality_representative,low,,,ピアゴ佐屋店 愛知県 日進市 / ピアゴ佐屋店 愛知県 / ピアゴ佐屋店,unresolved,,,,,https://nominatim.openstreetmap.org/search?q=%E3%83%94%E3%82%A2%E3%82%B4%E4%BD%90%E5%B1%8B%E5%BA%97&format=jsonv2&limit=5&addressdetails=1&countrycodes=jp,no_name_prefecture_matched_candidate
jcsc_pdf,https://www.jcsc.or.jp/wpjcsc/wp-content/uploads/2026/05/35212d5b060e16d7f8db21681d51d151.pdf,17,left,兵庫県,神戸市須磨区,須磨区,テラスマ,"5,000",5000.0,2022年10月,2022.0,10.0,0.8333,prefecture_inferred_from_municipality,兵庫県|テラスマ,34.667084840404044,135.11547244040403,,municipality_representative,low,,,テラスマ 兵庫県 神戸市須磨区,added,TerrasMa(テラスマ),"TerrasMa(テラスマ), 東須磨, 須磨区, 神戸市, 兵庫県, 日本",34.6549370,135.1107643,https://nominatim.openstreetmap.org/search?q=%E3%83%86%E3%83%A9%E3%82%B9%E3%83%9E+%E5%85%B5%E5%BA%AB%E7%9C%8C+%E7%A5%9E%E6%88%B8%E5%B8%82%E9%A0%88%E7%A3%A8%E5%8C%BA&format=jsonv2&limit=5&addressdetails=1&countrycodes=jp,
jcsc_pdf,https://www.jcsc.or.jp/wpjcsc/wp-content/uploads/2026/05/35212d5b060e16d7f8db21681d51d151.pdf,10,right,新潟県,長岡市,,パルス北長岡ショッピングセンター,"4,993",4993.0,1986年10月,1986.0,10.0,1.0,,新潟県|パルス北長岡ショッピングセンター,37.47037010103092,138.84770269690722,,municipality_representative,low,,,パルス北長岡ショッピングセンター 新潟県 長岡市 / パルス北長岡ショッピングセンター 新潟県 / パルス北長岡ショッピングセンター,unresolved,,,,,https://nominatim.openstreetmap.org/search?q=%E3%83%91%E3%83%AB%E3%82%B9%E5%8C%97%E9%95%B7%E5%B2%A1%E3%82%B7%E3%83%A7%E3%83%83%E3%83%94%E3%83%B3%E3%82%B0%E3%82%BB%E3%83%B3%E3%82%BF%E3%83%BC&format=jsonv2&limit=5&addressdetails=1&countrycodes=jp,no_name_prefecture_matched_candidate
jcsc_pdf,https://www.jcsc.or.jp/wpjcsc/wp-content/uploads/2026/05/35212d5b060e16d7f8db21681d51d151.pdf,5,left,埼玉県,越谷市,,セブンタウンせんげん台,"4,990",4990.0,2009年11月,2009.0,11.0,0.8333,prefecture_inferred_from_municipality,埼玉県|セブンタウンせんげん台,35.89331557286432,139.79309364321608,,municipality_representative,low,,,セブンタウンせんげん台 埼玉県 越谷市 / セブンタウンせんげん台 埼玉県 / セブンタウンせんげん台,unresolved,,,,,https://nominatim.openstreetmap.org/search?q=%E3%82%BB%E3%83%96%E3%83%B3%E3%82%BF%E3%82%A6%E3%83%B3%E3%81%9B%E3%82%93%E3%81%92%E3%82%93%E5%8F%B0&format=jsonv2&limit=5&addressdetails=1&countrycodes=jp,no_name_prefecture_matched_candidate
jcsc_pdf,https://www.jcsc.or.jp/wpjcsc/wp-content/uploads/2026/05/35212d5b060e16d7f8db21681d51d151.pdf,1,left,北海道,札幌市厚別区,厚別区,もみじ台ショッピングセンター,"4,986",4986.0,1975年7月,1975.0,7.0,0.875,,北海道|もみじ台ショッピングセンター,43.03895110784313,141.47533435294116,,municipality_representative,low,,,もみじ台ショッピングセンター 北海道 札幌市厚別区,added,もみじ台ショッピングセンター,"もみじ台ショッピングセンター, 厚別東通, もみじ台, もみじ台北, 厚別区, 札幌市, 石狩振興局, 北海道, 北海道地方, 004-0014, 日本",43.0315068,141.4926344,https://nominatim.openstreetmap.org/search?q=%E3%82%82%E3%81%BF%E3%81%98%E5%8F%B0%E3%82%B7%E3%83%A7%E3%83%83%E3%83%94%E3%83%B3%E3%82%B0%E3%82%BB%E3%83%B3%E3%82%BF%E3%83%BC+%E5%8C%97%E6%B5%B7%E9%81%93+%E6%9C%AD%E5%B9%8C%E5%B8%82%E5%8E%9A%E5%88%A5%E5%8C%BA&format=jsonv2&limit=5&addressdetails=1&countrycodes=jp,
jcsc_pdf,https://www.jcsc.or.jp/wpjcsc/wp-content/uploads/2026/05/35212d5b060e16d7f8db21681d51d151.pdf,7,right,東京都,目黒区,目黒区,フレル・ウィズ自由が丘,"4,982",4982.0,2011年5月,2011.0,5.0,0.8333,municipality_missing,東京都|フレルウィズ自由が丘,35.62976767045455,139.6890967840909,,municipality_representative,low,,,フレル・ウィズ自由が丘 東京都 目黒区 / フレル・ウィズ自由が丘 東京都 / フレル・ウィズ自由が丘,unresolved,,,,,https://nominatim.openstreetmap.org/search?q=%E3%83%95%E3%83%AC%E3%83%AB%E3%83%BB%E3%82%A6%E3%82%A3%E3%82%BA%E8%87%AA%E7%94%B1%E3%81%8C%E4%B8%98&format=jsonv2&limit=5&addressdetails=1&countrycodes=jp,no_name_prefecture_matched_candidate
jcsc_pdf,https://www.jcsc.or.jp/wpjcsc/wp-content/uploads/2026/05/35212d5b060e16d7f8db21681d51d151.pdf,11,right,福井県,坂井市,,ピアゴ丸岡店,"4,978",4978.0,2003年11月,2003.0,11.0,0.7667,prefecture_inferred_from_municipality,福井県|ピアゴ丸岡店,36.164092193905816,136.22508547922436,,municipality_representative,low,,,ピアゴ丸岡店 福井県 坂井市 / ピアゴ丸岡店 福井県 / ピアゴ丸岡店,unresolved,,,,,https://nominatim.openstreetmap.org/search?q=%E3%83%94%E3%82%A2%E3%82%B4%E4%B8%B8%E5%B2%A1%E5%BA%97&format=jsonv2&limit=5&addressdetails=1&countrycodes=jp,no_name_prefecture_matched_candidate
jcsc_pdf,https://www.jcsc.or.jp/wpjcsc/wp-content/uploads/2026/05/35212d5b060e16d7f8db21681d51d151.pdf,22,right,沖縄県,那覇市,,ドン・キホーテ田際通り店,"4,961",4961.0,1984年9月,1984.0,9.0,0.8333,municipality_missing,沖縄県|ドンキホーテ田際通り店,26.213253908256878,127.6923771880734,,municipality_representative,low,,municipality_alias,ドン・キホーテ田際通り店 沖縄県 那覇市 / ドン・キホーテ田際通り店 沖縄県 / ドン・キホーテ田際通り店,unresolved,,,,,https://nominatim.openstreetmap.org/search?q=%E3%83%89%E3%83%B3%E3%83%BB%E3%82%AD%E3%83%9B%E3%83%BC%E3%83%86%E7%94%B0%E9%9A%9B%E9%80%9A%E3%82%8A%E5%BA%97&format=jsonv2&limit=5&addressdetails=1&countrycodes=jp,no_name_prefecture_matched_candidate
jcsc_pdf,https://www.jcsc.or.jp/wpjcsc/wp-content/uploads/2026/05/35212d5b060e16d7f8db21681d51d151.pdf,5,right,千葉県,市川市,,シャボー本八幡,"4,950",4950.0,1972年10月,1972.0,10.0,0.8333,prefecture_inferred_from_municipality,千葉県|シャボー本八幡,35.715078591489366,139.92517640851062,,municipality_representative,low,,,シャボー本八幡 千葉県 市川市 / シャボー本八幡 千葉県 / シャボー本八幡,unresolved,,,,,https://nominatim.openstreetmap.org/search?q=%E3%82%B7%E3%83%A3%E3%83%9C%E3%83%BC%E6%9C%AC%E5%85%AB%E5%B9%A1&format=jsonv2&limit=5&addressdetails=1&countrycodes=jp,no_name_prefecture_matched_candidate
jcsc_pdf,https://www.jcsc.or.jp/wpjcsc/wp-content/uploads/2026/05/35212d5b060e16d7f8db21681d51d151.pdf,11,left,富山県,高岡市,,グリーンモール中曽根,"4,945",4945.0,2008年11月,2008.0,11.0,0.8333,,富山県|グリーンモール中曽根,36.74116156790124,136.99935665185185,,municipality_representative,low,,,グリーンモール中曽根 富山県 高岡市 / グリーンモール中曽根 富山県 / グリーンモール中曽根,unresolved,,,,,https://nominatim.openstreetmap.org/search?q=%E3%82%B0%E3%83%AA%E3%83%BC%E3%83%B3%E3%83%A2%E3%83%BC%E3%83%AB%E4%B8%AD%E6%9B%BD%E6%A0%B9&format=jsonv2&limit=5&addressdetails=1&countrycodes=jp,no_name_prefecture_matched_candidate
jcsc_pdf,https://www.jcsc.or.jp/wpjcsc/wp-content/uploads/2026/05/35212d5b060e16d7f8db21681d51d151.pdf,15,left,京都府,京都市下京区,下京区,COCON KARASUMA (ココン カラスマ),"4,926",4926.0,2004年12月,2004.0,12.0,1.0,,京都府|coconkarasumaココンカラスマ,34.995080835117776,135.75542702783724,,municipality_representative,low,,,COCON KARASUMA (ココン カラスマ) 京都府 京都市下京区 / COCON KARASUMA (ココン カラスマ) 京都府 / COCON KARASUMA (ココン カラスマ),unresolved,,,,,https://nominatim.openstreetmap.org/search?q=COCON+KARASUMA+%28%E3%82%B3%E3%82%B3%E3%83%B3+%E3%82%AB%E3%83%A9%E3%82%B9%E3%83%9E%29&format=jsonv2&limit=5&addressdetails=1&countrycodes=jp,no_name_prefecture_matched_candidate
jcsc_pdf,https://www.jcsc.or.jp/wpjcsc/wp-content/uploads/2026/05/35212d5b060e16d7f8db21681d51d151.pdf,8,right,東京都,多摩市,,京王多摩センターSC,"4,919",4919.0,1938年10月,1938.0,10.0,0.8333,,東京都|京王多摩センターsc,35.62921686516854,139.44035108988766,,municipality_representative,low,,,京王多摩センターSC 東京都 多摩市,added,京王多摩センターSC,"京王多摩センターSC, 多摩センター東通り, 落合一丁目, 多摩市, 東京都, 206-8543, 日本",35.6254782,139.4252757,https://nominatim.openstreetmap.org/search?q=%E4%BA%AC%E7%8E%8B%E5%A4%9A%E6%91%A9%E3%82%BB%E3%83%B3%E3%82%BF%E3%83%BCSC+%E6%9D%B1%E4%BA%AC%E9%83%BD+%E5%A4%9A%E6%91%A9%E5%B8%82&format=jsonv2&limit=5&addressdetails=1&countrycodes=jp,
jcsc_pdf,https://www.jcsc.or.jp/wpjcsc/wp-content/uploads/2026/05/35212d5b060e16d7f8db21681d51d151.pdf,14,right,三重県,多気郡多気町,,VISON (ヴィソン),4.917,4917.0,2021年7月,2021.0,7.0,0.8333,,三重県|visonヴィソン,34.485268295454546,136.52887520454544,,municipality_representative,low,,,VISON (ヴィソン) 三重県 多気郡多気町 / VISON (ヴィソン) 三重県 / VISON (ヴィソン),unresolved,,,,,https://nominatim.openstreetmap.org/search?q=VISON+%28%E3%83%B4%E3%82%A3%E3%82%BD%E3%83%B3%29&format=jsonv2&limit=5&addressdetails=1&countrycodes=jp,no_name_prefecture_matched_candidate
jcsc_pdf,https://www.jcsc.or.jp/wpjcsc/wp-content/uploads/2026/05/35212d5b060e16d7f8db21681d51d151.pdf,21,left,福岡県,柳川市,,柳川ショッピングモール,"4,903",4903.0,2004年10月,2004.0,10.0,0.875,prefecture_inferred_from_municipality,福岡県|柳川ショッピングモール,33.16090200892857,130.41055876785714,,municipality_representative,low,,,柳川ショッピングモール 福岡県 柳川市,added,柳川ショッピングモール,"柳川ショッピングモール, 隅町, 柳川市, 福岡県, 日本",33.1654758,130.4151537,https://nominatim.openstreetmap.org/search?q=%E6%9F%B3%E5%B7%9D%E3%82%B7%E3%83%A7%E3%83%83%E3%83%94%E3%83%B3%E3%82%B0%E3%83%A2%E3%83%BC%E3%83%AB+%E7%A6%8F%E5%B2%A1%E7%9C%8C+%E6%9F%B3%E5%B7%9D%E5%B8%82&format=jsonv2&limit=5&addressdetails=1&countrycodes=jp,
jcsc_pdf,https://www.jcsc.or.jp/wpjcsc/wp-content/uploads/2026/05/35212d5b060e16d7f8db21681d51d151.pdf,13,right,愛知県,豊田市,,メグリア酸岡店,"4,898",4898.0,2010年10月,2010.0,10.0,0.7667,,愛知県|メグリア酸岡店,35.09519359936084,137.17775728617084,,municipality_representative,low,,,メグリア酸岡店 愛知県 豊田市 / メグリア酸岡店 愛知県 / メグリア酸岡店,unresolved,,,,,https://nominatim.openstreetmap.org/search?q=%E3%83%A1%E3%82%B0%E3%83%AA%E3%82%A2%E9%85%B8%E5%B2%A1%E5%BA%97&format=jsonv2&limit=5&addressdetails=1&countrycodes=jp,no_name_prefecture_matched_candidate
jcsc_pdf,https://www.jcsc.or.jp/wpjcsc/wp-content/uploads/2026/05/35212d5b060e16d7f8db21681d51d151.pdf,7,right,東京都,渋谷区,渋谷区,GYRE (ジャイル),4.897,4897.0,2001年9月,2001.0,9.0,0.8333,municipality_missing,東京都|gyreジャイル,35.6654809125,139.6970510125,,municipality_representative,low,,,GYRE (ジャイル) 東京都 渋谷区,added,gyre,"gyre, 1, 神宮前五丁目, 神宮前, 渋谷区, 東京都, 150-0001, 日本",35.6674051,139.7069140,https://nominatim.openstreetmap.org/search?q=GYRE+%28%E3%82%B8%E3%83%A3%E3%82%A4%E3%83%AB%29+%E6%9D%B1%E4%BA%AC%E9%83%BD+%E6%B8%8B%E8%B0%B7%E5%8C%BA&format=jsonv2&limit=5&addressdetails=1&countrycodes=jp,
jcsc_pdf,https://www.jcsc.or.jp/wpjcsc/wp-content/uploads/2026/05/35212d5b060e16d7f8db21681d51d151.pdf,19,right,広島県,山県郡北広島町,,千代田ショッピングセンター サンクス,4.897,4897.0,1984年10月,1984.0,10.0,0.875,,岡山県|千代田ショッピングセンターサンクス,34.70965236764706,132.4155200735294,,municipality_representative,low,,prefecture_inferred_from_municipality,千代田ショッピングセンター サンクス 広島県 山県郡北広島町 / 千代田ショッピングセンター サンクス 広島県 / 千代田ショッピングセンター サンクス,unresolved,,,,,https://nominatim.openstreetmap.org/search?q=%E5%8D%83%E4%BB%A3%E7%94%B0%E3%82%B7%E3%83%A7%E3%83%83%E3%83%94%E3%83%B3%E3%82%B0%E3%82%BB%E3%83%B3%E3%82%BF%E3%83%BC+%E3%82%B5%E3%83%B3%E3%82%AF%E3%82%B9&format=jsonv2&limit=5&addressdetails=1&countrycodes=jp,no_name_prefecture_matched_candidate
jcsc_pdf,https://www.jcsc.or.jp/wpjcsc/wp-content/uploads/2026/05/35212d5b060e16d7f8db21681d51d151.pdf,8,right,東京都,調布市,,ココスクエア調布,"4,888",4888.0,2000年6月,2000.0,6.0,0.8333,,東京都|ココスクエア調布,35.65774974074074,139.55270955555557,,municipality_representative,low,,,ココスクエア調布 東京都 調布市,added,ココスクエア,"ココスクエア, 狛江通り, 国領町四丁目, 調布市, 東京都, 182-0022, 日本",35.6497401,139.5589194,https://nominatim.openstreetmap.org/search?q=%E3%82%B3%E3%82%B3%E3%82%B9%E3%82%AF%E3%82%A8%E3%82%A2%E8%AA%BF%E5%B8%83+%E6%9D%B1%E4%BA%AC%E9%83%BD+%E8%AA%BF%E5%B8%83%E5%B8%82&format=jsonv2&limit=5&addressdetails=1&countrycodes=jp,
jcsc_pdf,https://www.jcsc.or.jp/wpjcsc/wp-content/uploads/2026/05/35212d5b060e16d7f8db21681d51d151.pdf,9,left,東京都,稲城市,,フレスポ若葉台EAST,"4,884",4884.0,2009年11月,2009.0,11.0,0.8333,,東京都|フレスポ若葉台east,35.62955779166666,139.4880685,,municipality_representative,low,,,フレスポ若葉台EAST 東京都 稲城市,added,フレスポ若葉台EAST,"フレスポ若葉台EAST, 若葉台ふれあい橋, 若葉台二丁目, 稲城市, 東京都, 206-0824, 日本",35.6202439,139.4729402,https://nominatim.openstreetmap.org/search?q=%E3%83%95%E3%83%AC%E3%82%B9%E3%83%9D%E8%8B%A5%E8%91%89%E5%8F%B0EAST+%E6%9D%B1%E4%BA%AC%E9%83%BD+%E7%A8%B2%E5%9F%8E%E5%B8%82&format=jsonv2&limit=5&addressdetails=1&countrycodes=jp,
jcsc_pdf,https://www.jcsc.or.jp/wpjcsc/wp-content/uploads/2026/05/35212d5b060e16d7f8db21681d51d151.pdf,16,left,大阪府,吹田市,,アザール*山台,4.875,4875.0,1997年2月,1997.0,2.0,0.8333,prefecture_inferred_from_municipality,大阪府|アザール*山台,34.781405214659685,135.51888830890053,,municipality_representative,low,,,アザール*山台 大阪府 吹田市 / アザール*山台 大阪府 / アザール*山台,unresolved,,,,,https://nominatim.openstreetmap.org/search?q=%E3%82%A2%E3%82%B6%E3%83%BC%E3%83%AB%2A%E5%B1%B1%E5%8F%B0&format=jsonv2&limit=5&addressdetails=1&countrycodes=jp,no_name_prefecture_matched_candidate
jcsc_pdf,https://www.jcsc.or.jp/wpjcsc/wp-content/uploads/2026/05/35212d5b060e16d7f8db21681d51d151.pdf,13,left,静岡県,静岡市葵区,中村区,名駅地下街 サンロード,"4,870",4870.0,1957年3月,1957.0,3.0,0.875,prefecture_inferred_from_municipality,静岡県|名駅地下街サンロード,35.00736196509009,138.41285507657656,,municipality_representative,low,,,名駅地下街 サンロード 静岡県 静岡市葵区 / 名駅地下街 サンロード 静岡県 / 名駅地下街 サンロード,unresolved,,,,,https://nominatim.openstreetmap.org/search?q=%E5%90%8D%E9%A7%85%E5%9C%B0%E4%B8%8B%E8%A1%97+%E3%82%B5%E3%83%B3%E3%83%AD%E3%83%BC%E3%83%89&format=jsonv2&limit=5&addressdetails=1&countrycodes=jp,no_name_prefecture_matched_candidate
jcsc_pdf,https://www.jcsc.or.jp/wpjcsc/wp-content/uploads/2026/05/35212d5b060e16d7f8db21681d51d151.pdf,18,left,兵庫県,南あわじ市,,くつろぎプラザシーパ,"4,861",4861.0,1995年3月,1995.0,3.0,0.8333,prefecture_inferred_from_municipality,兵庫県|くつろぎプラザシーパ,34.28243280769231,134.76515258461538,,municipality_representative,low,,,くつろぎプラザシーパ 兵庫県 南あわじ市 / くつろぎプラザシーパ 兵庫県 / くつろぎプラザシーパ,unresolved,,,,,https://nominatim.openstreetmap.org/search?q=%E3%81%8F%E3%81%A4%E3%82%8D%E3%81%8E%E3%83%97%E3%83%A9%E3%82%B6%E3%82%B7%E3%83%BC%E3%83%91&format=jsonv2&limit=5&addressdetails=1&countrycodes=jp,no_name_prefecture_matched_candidate
jcsc_pdf,https://www.jcsc.or.jp/wpjcsc/wp-content/uploads/2026/05/35212d5b060e16d7f8db21681d51d151.pdf,16,left,大阪府,池田市,,マルシェ池田,"4,857",4857.0,1986年4月,1986.0,4.0,0.75,prefecture_inferred_from_municipality,大阪府|マルシェ池田,34.822342135802465,135.4353118148148,,municipality_representative,low,,,マルシェ池田 大阪府 池田市 / マルシェ池田 大阪府 / マルシェ池田,unresolved,,,,,https://nominatim.openstreetmap.org/search?q=%E3%83%9E%E3%83%AB%E3%82%B7%E3%82%A7%E6%B1%A0%E7%94%B0&format=jsonv2&limit=5&addressdetails=1&countrycodes=jp,no_name_prefecture_matched_candidate
jcsc_pdf,https://www.jcsc.or.jp/wpjcsc/wp-content/uploads/2026/05/35212d5b060e16d7f8db21681d51d151.pdf,12,left,岐阜県,高山市,,ピュア高山,"4,854",4854.0,1988年7月,1988.0,7.0,0.75,,岐阜県|ピュア高山,36.139819620588234,137.2769037117647,,municipality_representative,low,,,ピュア高山 岐阜県 高山市,added,ピュア高山,"ピュア高山, 高山バイパス, 西之一色町三丁目, 千島町, 高山市, 岐阜県, 506-0031, 日本",36.1327715,137.2481426,https://nominatim.openstreetmap.org/search?q=%E3%83%94%E3%83%A5%E3%82%A2%E9%AB%98%E5%B1%B1+%E5%B2%90%E9%98%9C%E7%9C%8C+%E9%AB%98%E5%B1%B1%E5%B8%82&format=jsonv2&limit=5&addressdetails=1&countrycodes=jp,
jcsc_pdf,https://www.jcsc.or.jp/wpjcsc/wp-content/uploads/2026/05/35212d5b060e16d7f8db21681d51d151.pdf,11,left,富山県,中新川郡上市町,,ガイナシティ,"4,844",4844.0,1998年12月,1998.0,12.0,0.8333,,山梨県|ガイナシティ,36.6998023495935,137.3690898292683,,municipality_representative,low,,prefecture_inferred_from_municipality,ガイナシティ 富山県 中新川郡上市町,added,ガイナシティ,"ガイナシティ, 上市町, 中新川郡, 富山県, 日本",36.6992065,137.3412764,https://nominatim.openstreetmap.org/search?q=%E3%82%AC%E3%82%A4%E3%83%8A%E3%82%B7%E3%83%86%E3%82%A3+%E5%AF%8C%E5%B1%B1%E7%9C%8C+%E4%B8%AD%E6%96%B0%E5%B7%9D%E9%83%A1%E4%B8%8A%E5%B8%82%E7%94%BA&format=jsonv2&limit=5&addressdetails=1&countrycodes=jp,
jcsc_pdf,https://www.jcsc.or.jp/wpjcsc/wp-content/uploads/2026/05/35212d5b060e16d7f8db21681d51d151.pdf,13,right,愛知県,刈谷市,,ピアゴ東刈谷店,"4,824",4824.0,1988年12月,1988.0,12.0,0.7,,愛知県|ピアゴ東刈谷店,35.00102909681529,137.01270729171975,,municipality_representative,low,,,ピアゴ東刈谷店 愛知県 刈谷市,added,ピアゴ東刈谷店,"ピアゴ東刈谷店, 国道419号, 松栄町二丁目, 野田町, 刈谷市, 愛知県, 448-0803, 日本",34.9772078,137.0346798,https://nominatim.openstreetmap.org/search?q=%E3%83%94%E3%82%A2%E3%82%B4%E6%9D%B1%E5%88%88%E8%B0%B7%E5%BA%97+%E6%84%9B%E7%9F%A5%E7%9C%8C+%E5%88%88%E8%B0%B7%E5%B8%82&format=jsonv2&limit=5&addressdetails=1&countrycodes=jp,
jcsc_pdf,https://www.jcsc.or.jp/wpjcsc/wp-content/uploads/2026/05/35212d5b060e16d7f8db21681d51d151.pdf,20,left,香川県,高松市,,高松丸毛町壱番街,"4,823",4823.0,2006年12月,2006.0,12.0,0.7667,prefecture_inferred_from_municipality,香川県|高松丸毛町壱番街,34.31658222745098,134.04748529803922,,municipality_representative,low,,,高松丸毛町壱番街 香川県 高松市 / 高松丸毛町壱番街 香川県 / 高松丸毛町壱番街,unresolved,,,,,https://nominatim.openstreetmap.org/search?q=%E9%AB%98%E6%9D%BE%E4%B8%B8%E6%AF%9B%E7%94%BA%E5%A3%B1%E7%95%AA%E8%A1%97&format=jsonv2&limit=5&addressdetails=1&countrycodes=jp,no_name_prefecture_matched_candidate
jcsc_pdf,https://www.jcsc.or.jp/wpjcsc/wp-content/uploads/2026/05/35212d5b060e16d7f8db21681d51d151.pdf,12,right,静岡県,駿東郡清水町,,沼津卸団地食遊市場,"4,820",4820.0,2000年9月,2000.0,9.0,0.7667,,岐阜県|沼津卸団地食遊市場,35.0996754,138.9032198666667,,municipality_representative,low,,municipality_alias,沼津卸団地食遊市場 静岡県 駿東郡清水町 / 沼津卸団地食遊市場 静岡県 / 沼津卸団地食遊市場,unresolved,,,,,https://nominatim.openstreetmap.org/search?q=%E6%B2%BC%E6%B4%A5%E5%8D%B8%E5%9B%A3%E5%9C%B0%E9%A3%9F%E9%81%8A%E5%B8%82%E5%A0%B4&format=jsonv2&limit=5&addressdetails=1&countrycodes=jp,no_name_prefecture_matched_candidate
jcsc_pdf,https://www.jcsc.or.jp/wpjcsc/wp-content/uploads/2026/05/35212d5b060e16d7f8db21681d51d151.pdf,6,right,千葉県,浦安市,,ライフガーデン新浦安,"4,818",4818.0,2010年9月,2010.0,9.0,0.8333,prefecture_inferred_from_municipality,千葉県|ライフガーデン新浦安,35.64703687951807,139.90618620481928,,municipality_representative,low,,,ライフガーデン新浦安 千葉県 浦安市 / ライフガーデン新浦安 千葉県 / ライフガーデン新浦安,unresolved,,,,,https://nominatim.openstreetmap.org/search?q=%E3%83%A9%E3%82%A4%E3%83%95%E3%82%AC%E3%83%BC%E3%83%87%E3%83%B3%E6%96%B0%E6%B5%A6%E5%AE%89&format=jsonv2&limit=5&addressdetails=1&countrycodes=jp,no_name_prefecture_matched_candidate
jcsc_pdf,https://www.jcsc.or.jp/wpjcsc/wp-content/uploads/2026/05/35212d5b060e16d7f8db21681d51d151.pdf,17,left,兵庫県,神戸市長田区,長田区,イオン 田南ショピングセンター,"4,805",4805.0,2007年11月,2007.0,11.0,0.8333,prefecture_inferred_from_municipality,兵庫県|イオン田南ショピングセンター,34.66515073019802,135.14621708415842,,municipality_representative,low,,,イオン 田南ショピングセンター 兵庫県 神戸市長田区 / イオン 田南ショピングセンター 兵庫県 / イオン 田南ショピングセンター,unresolved,,,,,https://nominatim.openstreetmap.org/search?q=%E3%82%A4%E3%82%AA%E3%83%B3+%E7%94%B0%E5%8D%97%E3%82%B7%E3%83%A7%E3%83%94%E3%83%B3%E3%82%B0%E3%82%BB%E3%83%B3%E3%82%BF%E3%83%BC&format=jsonv2&limit=5&addressdetails=1&countrycodes=jp,no_name_prefecture_matched_candidate
jcsc_pdf,https://www.jcsc.or.jp/wpjcsc/wp-content/uploads/2026/05/35212d5b060e16d7f8db21681d51d151.pdf,7,left,千葉県,流山市,新宿区,飯田橋セントラルプラザ ラムラ,"4,800",4800.0,1984年9月,1984.0,9.0,0.8333,prefecture_inferred_from_municipality,千葉県|飯田橋セントラルプラザラムラ,35.86814102238806,139.91512308208954,,municipality_representative,low,,,飯田橋セントラルプラザ ラムラ 千葉県 流山市 / 飯田橋セントラルプラザ ラムラ 千葉県 / 飯田橋セントラルプラザ ラムラ,unresolved,,,,,https://nominatim.openstreetmap.org/search?q=%E9%A3%AF%E7%94%B0%E6%A9%8B%E3%82%BB%E3%83%B3%E3%83%88%E3%83%A9%E3%83%AB%E3%83%97%E3%83%A9%E3%82%B6+%E3%83%A9%E3%83%A0%E3%83%A9&format=jsonv2&limit=5&addressdetails=1&countrycodes=jp,no_name_prefecture_matched_candidate
jcsc_pdf,https://www.jcsc.or.jp/wpjcsc/wp-content/uploads/2026/05/35212d5b060e16d7f8db21681d51d151.pdf,17,right,大阪府,門真市,,Clefy三宮(クレフィ三3),"4,800",4800.0,2004年10月,2004.0,10.0,0.8333,prefecture_inferred_from_municipality,大阪府|clefy三宮クレフィ三3,34.733592379310345,135.60040022988505,,municipality_representative,low,,,Clefy三宮(クレフィ三3) 大阪府 門真市 / Clefy三宮(クレフィ三3) 大阪府 / Clefy三宮(クレフィ三3),unresolved,,,,,https://nominatim.openstreetmap.org/search?q=Clefy%E4%B8%89%E5%AE%AE%28%E3%82%AF%E3%83%AC%E3%83%95%E3%82%A3%E4%B8%893%29&format=jsonv2&limit=5&addressdetails=1&countrycodes=jp,no_name_prefecture_matched_candidate
jcsc_pdf,https://www.jcsc.or.jp/wpjcsc/wp-content/uploads/2026/05/35212d5b060e16d7f8db21681d51d151.pdf,14,left,愛知県,稲沢市,,平和堂祖父江店,"4,794",4794.0,1981年12月,1981.0,12.0,0.8333,prefecture_inferred_from_municipality,愛知県|平和堂祖父江店,35.24063126128417,136.76725061983473,,municipality_representative,low,,,平和堂祖父江店 愛知県 稲沢市 / 平和堂祖父江店 愛知県 / 平和堂祖父江店,unresolved,,,,,https://nominatim.openstreetmap.org/search?q=%E5%B9%B3%E5%92%8C%E5%A0%82%E7%A5%96%E7%88%B6%E6%B1%9F%E5%BA%97&format=jsonv2&limit=5&addressdetails=1&countrycodes=jp,no_name_prefecture_matched_candidate
jcsc_pdf,https://www.jcsc.or.jp/wpjcsc/wp-content/uploads/2026/05/35212d5b060e16d7f8db21681d51d151.pdf,12,left,岐阜県,岐阜市,,バロー市橋店,"4,760",4760.0,2009年9月,2009.0,9.0,0.8333,,岐阜県|バロー市橋店,35.42474049306839,136.76000996487986,,municipality_representative,low,,,バロー市橋店 岐阜県 岐阜市 / バロー市橋店 岐阜県 / バロー市橋店,unresolved,,,,,https://nominatim.openstreetmap.org/search?q=%E3%83%90%E3%83%AD%E3%83%BC%E5%B8%82%E6%A9%8B%E5%BA%97&format=jsonv2&limit=5&addressdetails=1&countrycodes=jp,no_name_prefecture_matched_candidate
jcsc_pdf,https://www.jcsc.or.jp/wpjcsc/wp-content/uploads/2026/05/35212d5b060e16d7f8db21681d51d151.pdf,4,right,埼玉県,さいたま市南区,南区,ビーンズ武蔵浦和,"4,749",4749.0,1987年6月,1987.0,6.0,0.75,municipality_missing,栃木県|ビーンズ武蔵浦和,35.84358265,139.65322721249998,,municipality_representative,low,,municipality_alias,ビーンズ武蔵浦和 埼玉県 さいたま市南区 / ビーンズ武蔵浦和 埼玉県 / ビーンズ武蔵浦和,unresolved,,,,,https://nominatim.openstreetmap.org/search?q=%E3%83%93%E3%83%BC%E3%83%B3%E3%82%BA%E6%AD%A6%E8%94%B5%E6%B5%A6%E5%92%8C&format=jsonv2&limit=5&addressdetails=1&countrycodes=jp,no_name_prefecture_matched_candidate
jcsc_pdf,https://www.jcsc.or.jp/wpjcsc/wp-content/uploads/2026/05/35212d5b060e16d7f8db21681d51d151.pdf,7,left,千葉県,流山市,,東京スクエアガーデンショップ&レストラン,"4,739",4739.0,2013年4月,2013.0,4.0,1.0,prefecture_inferred_from_municipality,千葉県|東京スクエアガーデンショップ&レストラン,35.86814102238806,139.91512308208954,,municipality_representative,low,,,東京スクエアガーデンショップ&レストラン 千葉県 流山市 / 東京スクエアガーデンショップ&レストラン 千葉県 / 東京スクエアガーデンショップ&レストラン,unresolved,,,,,https://nominatim.openstreetmap.org/search?q=%E6%9D%B1%E4%BA%AC%E3%82%B9%E3%82%AF%E3%82%A8%E3%82%A2%E3%82%AC%E3%83%BC%E3%83%87%E3%83%B3%E3%82%B7%E3%83%A7%E3%83%83%E3%83%97%26%E3%83%AC%E3%82%B9%E3%83%88%E3%83%A9%E3%83%B3&format=jsonv2&limit=5&addressdetails=1&countrycodes=jp,no_name_prefecture_matched_candidate
jcsc_pdf,https://www.jcsc.or.jp/wpjcsc/wp-content/uploads/2026/05/35212d5b060e16d7f8db21681d51d151.pdf,10,left,神奈川県,横浜市鶴見区,中央区,相模原イッツ,"4,735",4735.0,1998年6月,1998.0,6.0,0.8333,prefecture_inferred_from_municipality,神奈川県|相模原イッツ,35.457201125956445,139.5974679211301,,municipality_representative,low,,,相模原イッツ 神奈川県 横浜市鶴見区 / 相模原イッツ 神奈川県 / 相模原イッツ,unresolved,,,,,https://nominatim.openstreetmap.org/search?q=%E7%9B%B8%E6%A8%A1%E5%8E%9F%E3%82%A4%E3%83%83%E3%83%84&format=jsonv2&limit=5&addressdetails=1&countrycodes=jp,no_name_prefecture_matched_candidate
jcsc_pdf,https://www.jcsc.or.jp/wpjcsc/wp-content/uploads/2026/05/35212d5b060e16d7f8db21681d51d151.pdf,6,right,千葉県,夷隅郡大多喜町,,おおたきショッピングプラザ オリプ,4.733,4733.0,1997年10月,1997.0,10.0,0.8333,,栃木県|おおたきショッピングプラザオリプ,35.256137137931034,140.22473027586207,,municipality_representative,low,,prefecture_inferred_from_municipality,おおたきショッピングプラザ オリプ 千葉県 夷隅郡大多喜町 / おおたきショッピングプラザ オリプ 千葉県 / おおたきショッピングプラザ オリプ,unresolved,,,,,https://nominatim.openstreetmap.org/search?q=%E3%81%8A%E3%81%8A%E3%81%9F%E3%81%8D%E3%82%B7%E3%83%A7%E3%83%83%E3%83%94%E3%83%B3%E3%82%B0%E3%83%97%E3%83%A9%E3%82%B6+%E3%82%AA%E3%83%AA%E3%83%97&format=jsonv2&limit=5&addressdetails=1&countrycodes=jp,no_name_prefecture_matched_candidate
jcsc_pdf,https://www.jcsc.or.jp/wpjcsc/wp-content/uploads/2026/05/35212d5b060e16d7f8db21681d51d151.pdf,11,left,富山県,南砺市,,ショッピングア・ミュー,4.710,4710.0,1993年10月,1993.0,10.0,1.0,prefecture_inferred_from_municipality,富山県|ショッピングアミュー,36.522540265734264,136.91509348251748,,municipality_representative,low,,,ショッピングア・ミュー 富山県 南砺市 / ショッピングア・ミュー 富山県 / ショッピングア・ミュー,unresolved,,,,,https://nominatim.openstreetmap.org/search?q=%E3%82%B7%E3%83%A7%E3%83%83%E3%83%94%E3%83%B3%E3%82%B0%E3%82%A2%E3%83%BB%E3%83%9F%E3%83%A5%E3%83%BC&format=jsonv2&limit=5&addressdetails=1&countrycodes=jp,no_name_prefecture_matched_candidate
jcsc_pdf,https://www.jcsc.or.jp/wpjcsc/wp-content/uploads/2026/05/35212d5b060e16d7f8db21681d51d151.pdf,14,left,愛知県,尾張旭市,,アスカ(フィールアス力),"4,697",4697.0,1992年4月,1992.0,4.0,0.875,prefecture_inferred_from_municipality,愛知県|アスカフィールアス力,35.21213097826087,137.0335039619565,,municipality_representative,low,,,アスカ(フィールアス力) 愛知県 尾張旭市 / アスカ(フィールアス力) 愛知県 / アスカ(フィールアス力),unresolved,,,,,https://nominatim.openstreetmap.org/search?q=%E3%82%A2%E3%82%B9%E3%82%AB%28%E3%83%95%E3%82%A3%E3%83%BC%E3%83%AB%E3%82%A2%E3%82%B9%E5%8A%9B%29&format=jsonv2&limit=5&addressdetails=1&countrycodes=jp,no_name_prefecture_matched_candidate
jcsc_pdf,https://www.jcsc.or.jp/wpjcsc/wp-content/uploads/2026/05/35212d5b060e16d7f8db21681d51d151.pdf,9,left,神奈川県,横浜市中区,中区,横浜赤レンガ倉庫2号館,4.688,4688.0,2002年4月,2002.0,4.0,1.0,prefecture_inferred_from_municipality,神奈川県|横浜赤レンガ倉庫2号館,35.43938251162791,139.63989502325583,,municipality_representative,low,,,横浜赤レンガ倉庫2号館 神奈川県 横浜市中区,added,横浜赤レンガ倉庫2号館,"横浜赤レンガ倉庫2号館, 新港一丁目, 真砂町, 中区, 横浜市, 神奈川県, 231-0017, 日本",35.4526242,139.6429333,https://nominatim.openstreetmap.org/search?q=%E6%A8%AA%E6%B5%9C%E8%B5%A4%E3%83%AC%E3%83%B3%E3%82%AC%E5%80%89%E5%BA%AB2%E5%8F%B7%E9%A4%A8+%E7%A5%9E%E5%A5%88%E5%B7%9D%E7%9C%8C+%E6%A8%AA%E6%B5%9C%E5%B8%82%E4%B8%AD%E5%8C%BA&format=jsonv2&limit=5&addressdetails=1&countrycodes=jp,
jcsc_pdf,https://www.jcsc.or.jp/wpjcsc/wp-content/uploads/2026/05/35212d5b060e16d7f8db21681d51d151.pdf,21,left,福岡県,福岡市南区,南区,パセオ野間大池,"4,688",4688.0,2008年11月,2008.0,11.0,0.7667,municipality_missing,佐賀県|パセオ野間大池,33.54754448447205,130.4153713726708,,municipality_representative,low,,municipality_alias,パセオ野間大池 福岡県 福岡市南区,added,パセオ 野間大池,"パセオ 野間大池, 大池通り, 柳河内一丁目, 南区, 福岡市, 福岡県, 815-0041, 日本",33.5534747,130.4062639,https://nominatim.openstreetmap.org/search?q=%E3%83%91%E3%82%BB%E3%82%AA%E9%87%8E%E9%96%93%E5%A4%A7%E6%B1%A0+%E7%A6%8F%E5%B2%A1%E7%9C%8C+%E7%A6%8F%E5%B2%A1%E5%B8%82%E5%8D%97%E5%8C%BA&format=jsonv2&limit=5&addressdetails=1&countrycodes=jp,
jcsc_pdf,https://www.jcsc.or.jp/wpjcsc/wp-content/uploads/2026/05/35212d5b060e16d7f8db21681d51d151.pdf,20,right,高知県,四万十市,,四万十ショッピングガーデン,"4,679",4679.0,2005年4月,2005.0,4.0,1.0,,高知県|四万十ショッピングガーデン,33.02418627272728,132.90399177922077,,municipality_representative,low,,,四万十ショッピングガーデン 高知県 四万十市,added,四万十ショッピングガーデン,"四万十ショッピングガーデン, 中村下ノ加江線, 赤松町, 四万十市, 高知県, 787-0051, 日本",32.9785021,132.9140258,https://nominatim.openstreetmap.org/search?q=%E5%9B%9B%E4%B8%87%E5%8D%81%E3%82%B7%E3%83%A7%E3%83%83%E3%83%94%E3%83%B3%E3%82%B0%E3%82%AC%E3%83%BC%E3%83%87%E3%83%B3+%E9%AB%98%E7%9F%A5%E7%9C%8C+%E5%9B%9B%E4%B8%87%E5%8D%81%E5%B8%82&format=jsonv2&limit=5&addressdetails=1&countrycodes=jp,
jcsc_pdf,https://www.jcsc.or.jp/wpjcsc/wp-content/uploads/2026/05/35212d5b060e16d7f8db21681d51d151.pdf,9,left,東京都,西東京市,,イオンタウン田無芝久保,"4,676",4676.0,2004年3月,2004.0,3.0,0.8333,,東京都|イオンタウン田無芝久保,35.73591461403509,139.5487552105263,,municipality_representative,low,,,イオンタウン田無芝久保 東京都 西東京市 / イオンタウン田無芝久保 東京都 / イオンタウン田無芝久保,unresolved,,,,,https://nominatim.openstreetmap.org/search?q=%E3%82%A4%E3%82%AA%E3%83%B3%E3%82%BF%E3%82%A6%E3%83%B3%E7%94%B0%E7%84%A1%E8%8A%9D%E4%B9%85%E4%BF%9D&format=jsonv2&limit=5&addressdetails=1&countrycodes=jp,no_name_prefecture_matched_candidate
jcsc_pdf,https://www.jcsc.or.jp/wpjcsc/wp-content/uploads/2026/05/35212d5b060e16d7f8db21681d51d151.pdf,20,left,愛媛県,松山市,,フジ姫原店,"4,669",4669.0,1996年11月,1996.0,11.0,0.7667,prefecture_inferred_from_municipality,愛媛県|フジ姫原店,33.85541923146747,132.76630679122542,,municipality_representative,low,,,フジ姫原店 愛媛県 松山市,added,フジ姫原店,"フジ姫原店, 国道196号, 本町七丁目, 山越町, 松山市, 愛媛県, 791-8012, 日本",33.8668153,132.7592934,https://nominatim.openstreetmap.org/search?q=%E3%83%95%E3%82%B8%E5%A7%AB%E5%8E%9F%E5%BA%97+%E6%84%9B%E5%AA%9B%E7%9C%8C+%E6%9D%BE%E5%B1%B1%E5%B8%82&format=jsonv2&limit=5&addressdetails=1&countrycodes=jp,
jcsc_pdf,https://www.jcsc.or.jp/wpjcsc/wp-content/uploads/2026/05/35212d5b060e16d7f8db21681d51d151.pdf,22,right,鹿児島県,鹿児島市,,ファミリープラザいわ(明和ショッピングプラザ),"4,666",4666.0,1993年10月,1993.0,10.0,0.8333,,鹿児島県|ファミリープラザいわ明和ショッピングプラザ,31.5795196160221,130.53423132596686,,municipality_representative,low,,,ファミリープラザいわ(明和ショッピングプラザ) 鹿児島県 鹿児島市 / ファミリープラザいわ(明和ショッピングプラザ) 鹿児島県 / ファミリープラザいわ(明和ショッピングプラザ),unresolved,,,,,https://nominatim.openstreetmap.org/search?q=%E3%83%95%E3%82%A1%E3%83%9F%E3%83%AA%E3%83%BC%E3%83%97%E3%83%A9%E3%82%B6%E3%81%84%E3%82%8F%28%E6%98%8E%E5%92%8C%E3%82%B7%E3%83%A7%E3%83%83%E3%83%94%E3%83%B3%E3%82%B0%E3%83%97%E3%83%A9%E3%82%B6%29&format=jsonv2&limit=5&addressdetails=1&countrycodes=jp,no_name_prefecture_matched_candidate
jcsc_pdf,https://www.jcsc.or.jp/wpjcsc/wp-content/uploads/2026/05/35212d5b060e16d7f8db21681d51d151.pdf,13,left,静岡県,静岡市葵区,天白区,ピアゴ平針店,"4,652",4652.0,1982年2月,1982.0,2.0,0.7,prefecture_inferred_from_municipality,静岡県|ピアゴ平針店,35.00736196509009,138.41285507657656,,municipality_representative,low,,,ピアゴ平針店 静岡県 静岡市葵区 / ピアゴ平針店 静岡県 / ピアゴ平針店,unresolved,,,,,https://nominatim.openstreetmap.org/search?q=%E3%83%94%E3%82%A2%E3%82%B4%E5%B9%B3%E9%87%9D%E5%BA%97&format=jsonv2&limit=5&addressdetails=1&countrycodes=jp,no_name_prefecture_matched_candidate
jcsc_pdf,https://www.jcsc.or.jp/wpjcsc/wp-content/uploads/2026/05/35212d5b060e16d7f8db21681d51d151.pdf,13,left,静岡県,静岡市葵区,中村区,KITTE名古屋(キッテ名古屋),"4,650",4650.0,2016年6月,2016.0,6.0,0.8333,prefecture_inferred_from_municipality,静岡県|kitte名古屋キッテ名古屋,35.00736196509009,138.41285507657656,,municipality_representative,low,,,KITTE名古屋(キッテ名古屋) 静岡県 静岡市葵区 / KITTE名古屋(キッテ名古屋) 静岡県 / KITTE名古屋(キッテ名古屋),unresolved,,,,,https://nominatim.openstreetmap.org/search?q=KITTE%E5%90%8D%E5%8F%A4%E5%B1%8B%28%E3%82%AD%E3%83%83%E3%83%86%E5%90%8D%E5%8F%A4%E5%B1%8B%29+%E9%9D%99%E5%B2%A1%E7%9C%8C+%E9%9D%99%E5%B2%A1%E5%B8%82%E8%91%B5%E5%8C%BA&format=jsonv2&limit=5&addressdetails=1&countrycodes=jp,no_name_prefecture_matched_candidate
jcsc_pdf,https://www.jcsc.or.jp/wpjcsc/wp-content/uploads/2026/05/35212d5b060e16d7f8db21681d51d151.pdf,21,right,長崎県,長崎市,,ジョイフルサン江川本店,"4,640",4640.0,1982年9月,1982.0,9.0,0.8333,,長崎県|ジョイフルサン江川本店,32.758114,129.85546771399177,,municipality_representative,low,,,ジョイフルサン江川本店 長崎県 長崎市 / ジョイフルサン江川本店 長崎県 / ジョイフルサン江川本店,unresolved,,,,,https://nominatim.openstreetmap.org/search?q=%E3%82%B8%E3%83%A7%E3%82%A4%E3%83%95%E3%83%AB%E3%82%B5%E3%83%B3%E6%B1%9F%E5%B7%9D%E6%9C%AC%E5%BA%97&format=jsonv2&limit=5&addressdetails=1&countrycodes=jp,no_name_prefecture_matched_candidate
jcsc_pdf,https://www.jcsc.or.jp/wpjcsc/wp-content/uploads/2026/05/35212d5b060e16d7f8db21681d51d151.pdf,9,left,神奈川県,横浜市神奈川区,神奈川区,アクロスプラザ東神奈川,"4,607",4607.0,2008年11月,2008.0,11.0,0.8333,prefecture_inferred_from_municipality,神奈川県|アクロスプラザ東神奈川,35.48197512598425,139.62952537795277,,municipality_representative,low,,,アクロスプラザ東神奈川 神奈川県 横浜市神奈川区 / アクロスプラザ東神奈川 神奈川県 / アクロスプラザ東神奈川,unresolved,,,,,https://nominatim.openstreetmap.org/search?q=%E3%82%A2%E3%82%AF%E3%83%AD%E3%82%B9%E3%83%97%E3%83%A9%E3%82%B6%E6%9D%B1%E7%A5%9E%E5%A5%88%E5%B7%9D&format=jsonv2&limit=5&addressdetails=1&countrycodes=jp,no_name_prefecture_matched_candidate
jcsc_pdf,https://www.jcsc.or.jp/wpjcsc/wp-content/uploads/2026/05/35212d5b060e16d7f8db21681d51d151.pdf,9,left,神奈川県,横浜市中区,中区,カトレヤプラザ伊勢佐木,"4,600",4600.0,2012年2月,2012.0,2.0,0.8333,prefecture_inferred_from_municipality,神奈川県|カトレヤプラザ伊勢佐木,35.43938251162791,139.63989502325583,,municipality_representative,low,,,カトレヤプラザ伊勢佐木 神奈川県 横浜市中区 / カトレヤプラザ伊勢佐木 神奈川県 / カトレヤプラザ伊勢佐木,unresolved,,,,,https://nominatim.openstreetmap.org/search?q=%E3%82%AB%E3%83%88%E3%83%AC%E3%83%A4%E3%83%97%E3%83%A9%E3%82%B6%E4%BC%8A%E5%8B%A2%E4%BD%90%E6%9C%A8&format=jsonv2&limit=5&addressdetails=1&countrycodes=jp,no_name_prefecture_matched_candidate
jcsc_pdf,https://www.jcsc.or.jp/wpjcsc/wp-content/uploads/2026/05/35212d5b060e16d7f8db21681d51d151.pdf,11,right,山梨県,中央市,,イッツモア玉穂ショッピングセンター,"4,586",4586.0,1993年10月,1993.0,10.0,0.8333,prefecture_inferred_from_municipality,山梨県|イッツモア玉穂ショッピングセンター,35.59502764516129,138.53270077419356,,municipality_representative,low,,,イッツモア玉穂ショッピングセンター 山梨県 中央市 / イッツモア玉穂ショッピングセンター 山梨県 / イッツモア玉穂ショッピングセンター,unresolved,,,,,https://nominatim.openstreetmap.org/search?q=%E3%82%A4%E3%83%83%E3%83%84%E3%83%A2%E3%82%A2%E7%8E%89%E7%A9%82%E3%82%B7%E3%83%A7%E3%83%83%E3%83%94%E3%83%B3%E3%82%B0%E3%82%BB%E3%83%B3%E3%82%BF%E3%83%BC&format=jsonv2&limit=5&addressdetails=1&countrycodes=jp,no_name_prefecture_matched_candidate
jcsc_pdf,https://www.jcsc.or.jp/wpjcsc/wp-content/uploads/2026/05/35212d5b060e16d7f8db21681d51d151.pdf,20,left,愛媛県,松山市,,セブンスター三津店,4.578,4578.0,2004年3月,2004.0,3.0,0.8333,prefecture_inferred_from_municipality,愛媛県|セブンスター三津店,33.85541923146747,132.76630679122542,,municipality_representative,low,,,セブンスター三津店 愛媛県 松山市,added,ダイソー セブンスター三津店,"ダイソー セブンスター三津店, 三津浜停車場線, 祓川二丁目, 会津町, 松山市, 愛媛県, 791-8077, 日本",33.8620437,132.7239717,https://nominatim.openstreetmap.org/search?q=%E3%82%BB%E3%83%96%E3%83%B3%E3%82%B9%E3%82%BF%E3%83%BC%E4%B8%89%E6%B4%A5%E5%BA%97+%E6%84%9B%E5%AA%9B%E7%9C%8C+%E6%9D%BE%E5%B1%B1%E5%B8%82&format=jsonv2&limit=5&addressdetails=1&countrycodes=jp,
jcsc_pdf,https://www.jcsc.or.jp/wpjcsc/wp-content/uploads/2026/05/35212d5b060e16d7f8db21681d51d151.pdf,7,right,東京都,大田区,大田区,東急スクエアガーデンサイト 本館,"4,577",4577.0,2000年4月,2000.0,4.0,1.0,municipality_missing,東京都|東急スクエアガーデンサイト本館,35.573614875000004,139.71817337962963,,municipality_representative,low,,,東急スクエアガーデンサイト 本館 東京都 大田区 / 東急スクエアガーデンサイト 本館 東京都 / 東急スクエアガーデンサイト 本館,unresolved,,,,,https://nominatim.openstreetmap.org/search?q=%E6%9D%B1%E6%80%A5%E3%82%B9%E3%82%AF%E3%82%A8%E3%82%A2%E3%82%AC%E3%83%BC%E3%83%87%E3%83%B3%E3%82%B5%E3%82%A4%E3%83%88+%E6%9C%AC%E9%A4%A8&format=jsonv2&limit=5&addressdetails=1&countrycodes=jp,no_name_prefecture_matched_candidate
jcsc_pdf,https://www.jcsc.or.jp/wpjcsc/wp-content/uploads/2026/05/35212d5b060e16d7f8db21681d51d151.pdf,14,left,愛知県,日進市,,メグリア三好店,"4,574",4574.0,2000年5月,2000.0,5.0,0.7667,prefecture_inferred_from_municipality,愛知県|メグリア三好店,35.13598252364865,137.0461274054054,,municipality_representative,low,,,メグリア三好店 愛知県 日進市 / メグリア三好店 愛知県 / メグリア三好店,unresolved,,,,,https://nominatim.openstreetmap.org/search?q=%E3%83%A1%E3%82%B0%E3%83%AA%E3%82%A2%E4%B8%89%E5%A5%BD%E5%BA%97&format=jsonv2&limit=5&addressdetails=1&countrycodes=jp,no_name_prefecture_matched_candidate
jcsc_pdf,https://www.jcsc.or.jp/wpjcsc/wp-content/uploads/2026/05/35212d5b060e16d7f8db21681d51d151.pdf,14,right,三重県,伊勢市,,イオンタウン伊勢ララバーク,"4,563",4563.0,1981年10月,1981.0,10.0,0.75,,三重県|イオンタウン伊勢ララバーク,34.492470657894735,136.70838054605264,,municipality_representative,low,,,イオンタウン伊勢ララバーク 三重県 伊勢市 / イオンタウン伊勢ララバーク 三重県 / イオンタウン伊勢ララバーク,unresolved,,,,,https://nominatim.openstreetmap.org/search?q=%E3%82%A4%E3%82%AA%E3%83%B3%E3%82%BF%E3%82%A6%E3%83%B3%E4%BC%8A%E5%8B%A2%E3%83%A9%E3%83%A9%E3%83%90%E3%83%BC%E3%82%AF&format=jsonv2&limit=5&addressdetails=1&countrycodes=jp,no_name_prefecture_matched_candidate
jcsc_pdf,https://www.jcsc.or.jp/wpjcsc/wp-content/uploads/2026/05/35212d5b060e16d7f8db21681d51d151.pdf,19,right,山口県,山口市,,プリムールあおい,"4,550",4550.0,2013年3月,2013.0,3.0,0.8333,,山口県|プリムールあおい,34.1496907327044,131.46477790880505,,municipality_representative,low,,,プリムールあおい 山口県 山口市 / プリムールあおい 山口県 / プリムールあおい,unresolved,,,,,https://nominatim.openstreetmap.org/search?q=%E3%83%97%E3%83%AA%E3%83%A0%E3%83%BC%E3%83%AB%E3%81%82%E3%81%8A%E3%81%84&format=jsonv2&limit=5&addressdetails=1&countrycodes=jp,no_name_prefecture_matched_candidate
jcsc_pdf,https://www.jcsc.or.jp/wpjcsc/wp-content/uploads/2026/05/35212d5b060e16d7f8db21681d51d151.pdf,18,right,岡山県,岡山市北区,北区,ラ・ムーショッピングセンター大安寺店,"4,533",4533.0,2006年9月,2006.0,9.0,1.0,,岡山県|ラムーショッピングセンター大安寺店,34.69374775609756,133.89983444634146,,municipality_representative,low,,,ラ・ムーショッピングセンター大安寺店 岡山県 岡山市北区 / ラ・ムーショッピングセンター大安寺店 岡山県 / ラ・ムーショッピングセンター大安寺店,unresolved,,,,,https://nominatim.openstreetmap.org/search?q=%E3%83%A9%E3%83%BB%E3%83%A0%E3%83%BC%E3%82%B7%E3%83%A7%E3%83%83%E3%83%94%E3%83%B3%E3%82%B0%E3%82%BB%E3%83%B3%E3%82%BF%E3%83%BC%E5%A4%A7%E5%AE%89%E5%AF%BA%E5%BA%97&format=jsonv2&limit=5&addressdetails=1&countrycodes=jp,no_name_prefecture_matched_candidate
jcsc_pdf,https://www.jcsc.or.jp/wpjcsc/wp-content/uploads/2026/05/35212d5b060e16d7f8db21681d51d151.pdf,18,left,兵庫県,三田市,,アクロスプラザ三田ウッディタウン,"4,529",4529.0,2005年7月,2005.0,7.0,0.8333,prefecture_inferred_from_municipality,兵庫県|アクロスプラザ三田ウッディタウン,34.915890094936714,135.20377030379746,,municipality_representative,low,,,アクロスプラザ三田ウッディタウン 兵庫県 三田市 / アクロスプラザ三田ウッディタウン 兵庫県 / アクロスプラザ三田ウッディタウン,unresolved,,,,,https://nominatim.openstreetmap.org/search?q=%E3%82%A2%E3%82%AF%E3%83%AD%E3%82%B9%E3%83%97%E3%83%A9%E3%82%B6%E4%B8%89%E7%94%B0%E3%82%A6%E3%83%83%E3%83%87%E3%82%A3%E3%82%BF%E3%82%A6%E3%83%B3&format=jsonv2&limit=5&addressdetails=1&countrycodes=jp,no_name_prefecture_matched_candidate
jcsc_pdf,https://www.jcsc.or.jp/wpjcsc/wp-content/uploads/2026/05/35212d5b060e16d7f8db21681d51d151.pdf,12,right,愛知県,名古屋市千種区,千種区,ショッピングセンターコスモ,4.516,4516.0,1980年3月,1980.0,3.0,1.0,,愛知県|ショッピングセンターコスモ,35.168583888217526,136.95894066465257,,municipality_representative,low,,,ショッピングセンターコスモ 愛知県,added,ショッピングセンターコスモ,"ショッピングセンターコスモ, 小幡西山線, 八前一丁目, つつじが丘, 名東区, 名古屋市, 愛知県, 464-0005, 日本",35.1799180,136.9830685,https://nominatim.openstreetmap.org/search?q=%E3%82%B7%E3%83%A7%E3%83%83%E3%83%94%E3%83%B3%E3%82%B0%E3%82%BB%E3%83%B3%E3%82%BF%E3%83%BC%E3%82%B3%E3%82%B9%E3%83%A2+%E6%84%9B%E7%9F%A5%E7%9C%8C&format=jsonv2&limit=5&addressdetails=1&countrycodes=jp,
jcsc_pdf,https://www.jcsc.or.jp/wpjcsc/wp-content/uploads/2026/05/35212d5b060e16d7f8db21681d51d151.pdf,9,right,東京都,多摩市,泉区,相鉄ライフやよい台,4.513,4513.0,2018年7月,2018.0,7.0,0.8333,,東京都|相鉄ライフやよい台,35.62921686516854,139.44035108988766,,municipality_representative,low,,,相鉄ライフやよい台 東京都 多摩市 / 相鉄ライフやよい台 東京都 / 相鉄ライフやよい台,unresolved,,,,,https://nominatim.openstreetmap.org/search?q=%E7%9B%B8%E9%89%84%E3%83%A9%E3%82%A4%E3%83%95%E3%82%84%E3%82%88%E3%81%84%E5%8F%B0&format=jsonv2&limit=5&addressdetails=1&countrycodes=jp,no_name_prefecture_matched_candidate
jcsc_pdf,https://www.jcsc.or.jp/wpjcsc/wp-content/uploads/2026/05/35212d5b060e16d7f8db21681d51d151.pdf,4,right,埼玉県,さいたま市南区,南区,the market Place 武蔵浦和,"4,506",4506.0,2024年5月,2024.0,5.0,1.0,municipality_missing,栃木県|themarketplace武蔵浦和,35.84358265,139.65322721249998,,municipality_representative,low,,municipality_alias,the market Place 武蔵浦和 埼玉県 さいたま市南区 / the market Place 武蔵浦和 埼玉県 / the market Place 武蔵浦和,unresolved,,,,,https://nominatim.openstreetmap.org/search?q=the+market+Place+%E6%AD%A6%E8%94%B5%E6%B5%A6%E5%92%8C&format=jsonv2&limit=5&addressdetails=1&countrycodes=jp,no_name_prefecture_matched_candidate
jcsc_pdf,https://www.jcsc.or.jp/wpjcsc/wp-content/uploads/2026/05/35212d5b060e16d7f8db21681d51d151.pdf,10,right,神奈川県,綾瀬市,,PAT AYASE(パット綾瀬),"4,505",4505.0,1994年10月,1994.0,10.0,0.75,prefecture_inferred_from_municipality,神奈川県|patayaseパット綾瀬,35.43805860169492,139.43225817796608,,municipality_representative,low,,,PAT AYASE(パット綾瀬) 神奈川県 綾瀬市 / PAT AYASE(パット綾瀬) 神奈川県 / PAT AYASE(パット綾瀬),unresolved,,,,,https://nominatim.openstreetmap.org/search?q=PAT+AYASE%28%E3%83%91%E3%83%83%E3%83%88%E7%B6%BE%E7%80%AC%29&format=jsonv2&limit=5&addressdetails=1&countrycodes=jp,no_name_prefecture_matched_candidate
jcsc_pdf,https://www.jcsc.or.jp/wpjcsc/wp-content/uploads/2026/05/35212d5b060e16d7f8db21681d51d151.pdf,6,right,東京都,中央区,中央区,EXITMELSA (イグジットメルサ),"4,500",4500.0,1977年12月,1977.0,12.0,0.8333,municipality_missing,東京都|exitmelsaイグジットメルサ,35.6757957755102,139.7771692244898,,municipality_representative,low,,,EXITMELSA (イグジットメルサ) 東京都 中央区 / EXITMELSA (イグジットメルサ) 東京都 / EXITMELSA (イグジットメルサ),unresolved,,,,,https://nominatim.openstreetmap.org/search?q=EXITMELSA+%28%E3%82%A4%E3%82%B0%E3%82%B8%E3%83%83%E3%83%88%E3%83%A1%E3%83%AB%E3%82%B5%29&format=jsonv2&limit=5&addressdetails=1&countrycodes=jp,no_name_prefecture_matched_candidate
jcsc_pdf,https://www.jcsc.or.jp/wpjcsc/wp-content/uploads/2026/05/35212d5b060e16d7f8db21681d51d151.pdf,13,left,静岡県,静岡市葵区,中区,BINO栄(ビーノ栄),"4,500",4500.0,2020年11月,2020.0,11.0,0.8333,prefecture_inferred_from_municipality,静岡県|bino栄ビーノ栄,35.00736196509009,138.41285507657656,,municipality_representative,low,,,BINO栄(ビーノ栄) 静岡県 静岡市葵区 / BINO栄(ビーノ栄) 静岡県 / BINO栄(ビーノ栄),unresolved,,,,,https://nominatim.openstreetmap.org/search?q=BINO%E6%A0%84%28%E3%83%93%E3%83%BC%E3%83%8E%E6%A0%84%29&format=jsonv2&limit=5&addressdetails=1&countrycodes=jp,no_name_prefecture_matched_candidate
jcsc_pdf,https://www.jcsc.or.jp/wpjcsc/wp-content/uploads/2026/05/35212d5b060e16d7f8db21681d51d151.pdf,13,left,静岡県,静岡市葵区,瑞穂区,IiINEマルシェ,"4,500",4500.0,2024年4月,2024.0,4.0,0.75,prefecture_inferred_from_municipality,静岡県|iiineマルシェ,35.00736196509009,138.41285507657656,,municipality_representative,low,,,IiINEマルシェ 静岡県 静岡市葵区 / IiINEマルシェ 静岡県 / IiINEマルシェ,unresolved,,,,,https://nominatim.openstreetmap.org/search?q=IiINE%E3%83%9E%E3%83%AB%E3%82%B7%E3%82%A7&format=jsonv2&limit=5&addressdetails=1&countrycodes=jp,no_name_prefecture_matched_candidate
jcsc_pdf,https://www.jcsc.or.jp/wpjcsc/wp-content/uploads/2026/05/35212d5b060e16d7f8db21681d51d151.pdf,15,left,京都府,京都市中京区,中京区,ゼスト御池,"4,500",4500.0,1997年10月,1997.0,10.0,0.7667,,京都府|ゼスト御池,35.010610400000004,135.75431972444443,,municipality_representative,low,,,ゼスト御池 京都府 京都市中京区,added,ゼスト御池;5番出入口,"ゼスト御池;5番出入口, 下本能寺前町, 中京区, 京都市, 京都府, 604-8091, 日本",35.0106914,135.7673804,https://nominatim.openstreetmap.org/search?q=%E3%82%BC%E3%82%B9%E3%83%88%E5%BE%A1%E6%B1%A0+%E4%BA%AC%E9%83%BD%E5%BA%9C+%E4%BA%AC%E9%83%BD%E5%B8%82%E4%B8%AD%E4%BA%AC%E5%8C%BA&format=jsonv2&limit=5&addressdetails=1&countrycodes=jp,
jcsc_pdf,https://www.jcsc.or.jp/wpjcsc/wp-content/uploads/2026/05/35212d5b060e16d7f8db21681d51d151.pdf,16,left,京都府,亀岡市,中央区,淀屋橋odona(淀屋橋オドナ),"4,500",4500.0,2008年5月,2008.0,5.0,0.8333,,京都府|淀屋橋odona淀屋橋オドナ,35.021998969303425,135.5607872798111,,municipality_representative,low,,,淀屋橋odona(淀屋橋オドナ) 京都府 亀岡市 / 淀屋橋odona(淀屋橋オドナ) 京都府 / 淀屋橋odona(淀屋橋オドナ),unresolved,,,,,https://nominatim.openstreetmap.org/search?q=%E6%B7%80%E5%B1%8B%E6%A9%8Bodona%28%E6%B7%80%E5%B1%8B%E6%A9%8B%E3%82%AA%E3%83%89%E3%83%8A%29&format=jsonv2&limit=5&addressdetails=1&countrycodes=jp,no_name_prefecture_matched_candidate
jcsc_pdf,https://www.jcsc.or.jp/wpjcsc/wp-content/uploads/2026/05/35212d5b060e16d7f8db21681d51d151.pdf,16,left,大阪府,吹田市,,tonarie南千里(トナリエ南千里),"4,500",4500.0,1985年12月,1985.0,12.0,0.75,prefecture_inferred_from_municipality,大阪府|tonarie南千里トナリエ南千里,34.781405214659685,135.51888830890053,,municipality_representative,low,,,tonarie南千里(トナリエ南千里) 大阪府 吹田市 / tonarie南千里(トナリエ南千里) 大阪府 / tonarie南千里(トナリエ南千里),unresolved,,,,,https://nominatim.openstreetmap.org/search?q=tonarie%E5%8D%97%E5%8D%83%E9%87%8C%28%E3%83%88%E3%83%8A%E3%83%AA%E3%82%A8%E5%8D%97%E5%8D%83%E9%87%8C%29&format=jsonv2&limit=5&addressdetails=1&countrycodes=jp,no_name_prefecture_matched_candidate
jcsc_pdf,https://www.jcsc.or.jp/wpjcsc/wp-content/uploads/2026/05/35212d5b060e16d7f8db21681d51d151.pdf,20,left,愛媛県,松山市,,フジ垣生店,4.494,4494.0,1996年4月,1996.0,4.0,0.7667,prefecture_inferred_from_municipality,愛媛県|フジ垣生店,33.85541923146747,132.76630679122542,,municipality_representative,low,,,フジ垣生店 愛媛県 松山市 / フジ垣生店 愛媛県 / フジ垣生店,unresolved,,,,,https://nominatim.openstreetmap.org/search?q=%E3%83%95%E3%82%B8%E5%9E%A3%E7%94%9F%E5%BA%97&format=jsonv2&limit=5&addressdetails=1&countrycodes=jp,no_name_prefecture_matched_candidate
jcsc_pdf,https://www.jcsc.or.jp/wpjcsc/wp-content/uploads/2026/05/35212d5b060e16d7f8db21681d51d151.pdf,15,right,京都府,船井郡京丹波町,,丹波マーケス,"4,488",4488.0,1997年4月,1997.0,4.0,0.75,,滋賀県|丹波マーケス,35.17615459210526,135.41230124013157,,municipality_representative,low,,prefecture_inferred_from_municipality,丹波マーケス 京都府 船井郡京丹波町,added,道の駅丹波マーケス,"道の駅丹波マーケス, 日吉京丹波線, 須知, 京丹波町, 船井郡, 京都府, 622-0299, 日本",35.1547083,135.4286924,https://nominatim.openstreetmap.org/search?q=%E4%B8%B9%E6%B3%A2%E3%83%9E%E3%83%BC%E3%82%B1%E3%82%B9+%E4%BA%AC%E9%83%BD%E5%BA%9C+%E8%88%B9%E4%BA%95%E9%83%A1%E4%BA%AC%E4%B8%B9%E6%B3%A2%E7%94%BA&format=jsonv2&limit=5&addressdetails=1&countrycodes=jp,
jcsc_pdf,https://www.jcsc.or.jp/wpjcsc/wp-content/uploads/2026/05/35212d5b060e16d7f8db21681d51d151.pdf,3,right,茨城県,下妻市,,カスミフードスクエア下妻店,"4,480",4480.0,1992年3月,1992.0,3.0,0.75,,茨城県|カスミフードスクエア下妻店,36.187116604395605,139.96602994505494,,municipality_representative,low,,,カスミフードスクエア下妻店 茨城県 下妻市 / カスミフードスクエア下妻店 茨城県 / カスミフードスクエア下妻店,unresolved,,,,,https://nominatim.openstreetmap.org/search?q=%E3%82%AB%E3%82%B9%E3%83%9F%E3%83%95%E3%83%BC%E3%83%89%E3%82%B9%E3%82%AF%E3%82%A8%E3%82%A2%E4%B8%8B%E5%A6%BB%E5%BA%97&format=jsonv2&limit=5&addressdetails=1&countrycodes=jp,no_name_prefecture_matched_candidate
jcsc_pdf,https://www.jcsc.or.jp/wpjcsc/wp-content/uploads/2026/05/35212d5b060e16d7f8db21681d51d151.pdf,10,right,新潟県,新潟市北区,秋菜区,新津程島ショッピングセンター,"4,460",4460.0,2005年12月,2005.0,12.0,1.0,,新潟県|新津程島ショッピングセンター,37.870737495703544,139.0584532529538,,municipality_representative,low,,,新津程島ショッピングセンター 新潟県 新潟市北区 / 新津程島ショッピングセンター 新潟県 / 新津程島ショッピングセンター,unresolved,,,,,https://nominatim.openstreetmap.org/search?q=%E6%96%B0%E6%B4%A5%E7%A8%8B%E5%B3%B6%E3%82%B7%E3%83%A7%E3%83%83%E3%83%94%E3%83%B3%E3%82%B0%E3%82%BB%E3%83%B3%E3%82%BF%E3%83%BC&format=jsonv2&limit=5&addressdetails=1&countrycodes=jp,no_name_prefecture_matched_candidate
jcsc_pdf,https://www.jcsc.or.jp/wpjcsc/wp-content/uploads/2026/05/35212d5b060e16d7f8db21681d51d151.pdf,21,left,福岡県,福岡市中央区,,六本松421,"4,458",4458.0,2017年9月,2017.0,9.0,1.0,municipality_missing,佐賀県|六本松421,33.58363765853659,130.3877168699187,,municipality_representative,low,,municipality_alias,六本松421 福岡県 福岡市中央区 / 六本松421 福岡県 / 六本松421,unresolved,,,,,https://nominatim.openstreetmap.org/search?q=%E5%85%AD%E6%9C%AC%E6%9D%BE421&format=jsonv2&limit=5&addressdetails=1&countrycodes=jp,no_name_prefecture_matched_candidate
jcsc_pdf,https://www.jcsc.or.jp/wpjcsc/wp-content/uploads/2026/05/35212d5b060e16d7f8db21681d51d151.pdf,7,right,東京都,中野区,中野区,ユニゾンモール東中野,4.441,4441.0,2007年12月,2007.0,12.0,0.8333,municipality_missing,東京都|ユニゾンモール東中野,35.711335811764705,139.66194028235296,,municipality_representative,low,,,ユニゾンモール東中野 東京都 中野区,added,ユニゾンモール,"ユニゾンモール, Kuken-dori, 東中野五丁目, 東中野, 中野区, 東京都, 164-0003, 日本",35.7067248,139.6873153,https://nominatim.openstreetmap.org/search?q=%E3%83%A6%E3%83%8B%E3%82%BE%E3%83%B3%E3%83%A2%E3%83%BC%E3%83%AB%E6%9D%B1%E4%B8%AD%E9%87%8E+%E6%9D%B1%E4%BA%AC%E9%83%BD+%E4%B8%AD%E9%87%8E%E5%8C%BA&format=jsonv2&limit=5&addressdetails=1&countrycodes=jp,
jcsc_pdf,https://www.jcsc.or.jp/wpjcsc/wp-content/uploads/2026/05/35212d5b060e16d7f8db21681d51d151.pdf,13,left,静岡県,静岡市葵区,中区,大須30番再開発ビル(OSU301),"4,432",4432.0,2003年12月,2003.0,12.0,0.8333,prefecture_inferred_from_municipality,静岡県|大須30番再開発ビルosu301,35.00736196509009,138.41285507657656,,municipality_representative,low,,,大須30番再開発ビル(OSU301) 静岡県 静岡市葵区 / 大須30番再開発ビル(OSU301) 静岡県 / 大須30番再開発ビル(OSU301),unresolved,,,,,https://nominatim.openstreetmap.org/search?q=%E5%A4%A7%E9%A0%8830%E7%95%AA%E5%86%8D%E9%96%8B%E7%99%BA%E3%83%93%E3%83%AB%28OSU301%29&format=jsonv2&limit=5&addressdetails=1&countrycodes=jp,no_name_prefecture_matched_candidate
jcsc_pdf,https://www.jcsc.or.jp/wpjcsc/wp-content/uploads/2026/05/35212d5b060e16d7f8db21681d51d151.pdf,15,left,滋賀県,湖南市,,平和堂石部店,"4,426",4426.0,1988年7月,1988.0,7.0,0.7,,滋賀県|平和堂石部店,35.01044547692308,136.07011312307694,,municipality_representative,low,,,平和堂石部店 滋賀県 湖南市 / 平和堂石部店 滋賀県 / 平和堂石部店,unresolved,,,,,https://nominatim.openstreetmap.org/search?q=%E5%B9%B3%E5%92%8C%E5%A0%82%E7%9F%B3%E9%83%A8%E5%BA%97&format=jsonv2&limit=5&addressdetails=1&countrycodes=jp,no_name_prefecture_matched_candidate
jcsc_pdf,https://www.jcsc.or.jp/wpjcsc/wp-content/uploads/2026/05/35212d5b060e16d7f8db21681d51d151.pdf,12,left,岐阜県,各務原市,,ビアゴ各務原店,"4,425",4425.0,2004年4月,2004.0,4.0,0.8333,,岐阜県|ビアゴ各務原店,35.403790293674696,136.87043232228916,,municipality_representative,low,,,ビアゴ各務原店 岐阜県 各務原市 / ビアゴ各務原店 岐阜県 / ビアゴ各務原店,unresolved,,,,,https://nominatim.openstreetmap.org/search?q=%E3%83%93%E3%82%A2%E3%82%B4%E5%90%84%E5%8B%99%E5%8E%9F%E5%BA%97&format=jsonv2&limit=5&addressdetails=1&countrycodes=jp,no_name_prefecture_matched_candidate
jcsc_pdf,https://www.jcsc.or.jp/wpjcsc/wp-content/uploads/2026/05/35212d5b060e16d7f8db21681d51d151.pdf,2,left,岩手県,盛岡市,,イオンタウン盛岡駅前,"4,420",4420.0,2003年7月,2003.0,7.0,0.8333,,岩手県|イオンタウン盛岡駅前,39.70121895608783,141.15345100598802,,municipality_representative,low,,,イオンタウン盛岡駅前 岩手県 盛岡市,added,イオンタウン盛岡駅前,"イオンタウン盛岡駅前, 盛岡市, 岩手県, 日本",39.7060843,141.1329872,https://nominatim.openstreetmap.org/search?q=%E3%82%A4%E3%82%AA%E3%83%B3%E3%82%BF%E3%82%A6%E3%83%B3%E7%9B%9B%E5%B2%A1%E9%A7%85%E5%89%8D+%E5%B2%A9%E6%89%8B%E7%9C%8C+%E7%9B%9B%E5%B2%A1%E5%B8%82&format=jsonv2&limit=5&addressdetails=1&countrycodes=jp,
jcsc_pdf,https://www.jcsc.or.jp/wpjcsc/wp-content/uploads/2026/05/35212d5b060e16d7f8db21681d51d151.pdf,16,left,大阪府,豊中市,,サンバティオ,4.419,4419.0,1976年3月,1976.0,3.0,0.8333,,京都府|サンバティオ,34.776634997032644,135.47043341543025,,municipality_representative,low,,municipality_alias,サンバティオ 大阪府 豊中市 / サンバティオ 大阪府 / サンバティオ,unresolved,,,,,https://nominatim.openstreetmap.org/search?q=%E3%82%B5%E3%83%B3%E3%83%90%E3%83%86%E3%82%A3%E3%82%AA&format=jsonv2&limit=5&addressdetails=1&countrycodes=jp,no_name_prefecture_matched_candidate
jcsc_pdf,https://www.jcsc.or.jp/wpjcsc/wp-content/uploads/2026/05/35212d5b060e16d7f8db21681d51d151.pdf,18,left,奈良県,奈良市,,VIERRA奈良(ビエラ奈良),"4,410",4410.0,2012年3月,2012.0,3.0,0.8333,,奈良県|vierra奈良ビエラ奈良,34.68458357919254,135.808069431677,,municipality_representative,low,,,VIERRA奈良(ビエラ奈良) 奈良県 奈良市 / VIERRA奈良(ビエラ奈良) 奈良県 / VIERRA奈良(ビエラ奈良),unresolved,,,,,https://nominatim.openstreetmap.org/search?q=VIERRA%E5%A5%88%E8%89%AF%28%E3%83%93%E3%82%A8%E3%83%A9%E5%A5%88%E8%89%AF%29&format=jsonv2&limit=5&addressdetails=1&countrycodes=jp,no_name_prefecture_matched_candidate
jcsc_pdf,https://www.jcsc.or.jp/wpjcsc/wp-content/uploads/2026/05/35212d5b060e16d7f8db21681d51d151.pdf,7,left,千葉県,流山市,文京区,文京グリーンコート,"4,400",4400.0,1998年3月,1998.0,3.0,0.8333,prefecture_inferred_from_municipality,千葉県|文京グリーンコート,35.86814102238806,139.91512308208954,,municipality_representative,low,,,文京グリーンコート 千葉県 流山市 / 文京グリーンコート 千葉県 / 文京グリーンコート,unresolved,,,,,https://nominatim.openstreetmap.org/search?q=%E6%96%87%E4%BA%AC%E3%82%B0%E3%83%AA%E3%83%BC%E3%83%B3%E3%82%B3%E3%83%BC%E3%83%88&format=jsonv2&limit=5&addressdetails=1&countrycodes=jp,no_name_prefecture_matched_candidate
jcsc_pdf,https://www.jcsc.or.jp/wpjcsc/wp-content/uploads/2026/05/35212d5b060e16d7f8db21681d51d151.pdf,22,left,熊本県,熊本市西区,西区,ゆめマート田師,"4,400",4400.0,2013年12月,2013.0,12.0,0.7667,municipality_missing,宮崎県|ゆめマート田師,32.7930880078125,130.665639703125,,municipality_representative,low,,municipality_alias,ゆめマート田師 熊本県,added,ゆめマート,"ゆめマート, 国道387号, 合生, 合志市, 熊本県, 861-1113, 日本",32.9024031,130.7629899,https://nominatim.openstreetmap.org/search?q=%E3%82%86%E3%82%81%E3%83%9E%E3%83%BC%E3%83%88%E7%94%B0%E5%B8%AB+%E7%86%8A%E6%9C%AC%E7%9C%8C&format=jsonv2&limit=5&addressdetails=1&countrycodes=jp,
jcsc_pdf,https://www.jcsc.or.jp/wpjcsc/wp-content/uploads/2026/05/35212d5b060e16d7f8db21681d51d151.pdf,12,right,静岡県,熱海市,,マックスパリュ熱海店,4.391,4391.0,2002年12月,2002.0,12.0,0.75,prefecture_inferred_from_municipality,静岡県|マックスパリュ熱海店,35.09420545,139.07001862500002,,municipality_representative,low,,,マックスパリュ熱海店 静岡県 熱海市 / マックスパリュ熱海店 静岡県 / マックスパリュ熱海店,unresolved,,,,,https://nominatim.openstreetmap.org/search?q=%E3%83%9E%E3%83%83%E3%82%AF%E3%82%B9%E3%83%91%E3%83%AA%E3%83%A5%E7%86%B1%E6%B5%B7%E5%BA%97&format=jsonv2&limit=5&addressdetails=1&countrycodes=jp,no_name_prefecture_matched_candidate
jcsc_pdf,https://www.jcsc.or.jp/wpjcsc/wp-content/uploads/2026/05/35212d5b060e16d7f8db21681d51d151.pdf,13,right,愛知県,安城市,,ビアゴラ フーズコア三河安城店,"4,350",4350.0,2005年9月,2005.0,9.0,0.8333,,愛知県|ビアゴラフーズコア三河安城店,34.945346933200405,137.0783878783649,,municipality_representative,low,,,ビアゴラ フーズコア三河安城店 愛知県 安城市 / ビアゴラ フーズコア三河安城店 愛知県 / ビアゴラ フーズコア三河安城店,unresolved,,,,,https://nominatim.openstreetmap.org/search?q=%E3%83%93%E3%82%A2%E3%82%B4%E3%83%A9+%E3%83%95%E3%83%BC%E3%82%BA%E3%82%B3%E3%82%A2%E4%B8%89%E6%B2%B3%E5%AE%89%E5%9F%8E%E5%BA%97&format=jsonv2&limit=5&addressdetails=1&countrycodes=jp,no_name_prefecture_matched_candidate
jcsc_pdf,https://www.jcsc.or.jp/wpjcsc/wp-content/uploads/2026/05/35212d5b060e16d7f8db21681d51d151.pdf,20,right,高知県,四万十市,,アビアさつき,"4,340",4340.0,1978年8月,1978.0,8.0,0.8333,,高知県|アビアさつき,33.02418627272728,132.90399177922077,,municipality_representative,low,,,アビアさつき 高知県 四万十市 / アビアさつき 高知県 / アビアさつき,unresolved,,,,,https://nominatim.openstreetmap.org/search?q=%E3%82%A2%E3%83%93%E3%82%A2%E3%81%95%E3%81%A4%E3%81%8D&format=jsonv2&limit=5&addressdetails=1&countrycodes=jp,no_name_prefecture_matched_candidate
jcsc_pdf,https://www.jcsc.or.jp/wpjcsc/wp-content/uploads/2026/05/35212d5b060e16d7f8db21681d51d151.pdf,7,right,東京都,杉並区,杉並区,ビーンズ阿佐ヶ谷,"4,337",4337.0,1935年11月,1935.0,11.0,0.8333,municipality_missing,東京都|ビーンズ阿佐ヶ谷,35.69885069064748,139.6239583381295,,municipality_representative,low,,,ビーンズ阿佐ヶ谷 東京都 杉並区 / ビーンズ阿佐ヶ谷 東京都 / ビーンズ阿佐ヶ谷,unresolved,,,,,https://nominatim.openstreetmap.org/search?q=%E3%83%93%E3%83%BC%E3%83%B3%E3%82%BA%E9%98%BF%E4%BD%90%E3%83%B6%E8%B0%B7&format=jsonv2&limit=5&addressdetails=1&countrycodes=jp,no_name_prefecture_matched_candidate
jcsc_pdf,https://www.jcsc.or.jp/wpjcsc/wp-content/uploads/2026/05/35212d5b060e16d7f8db21681d51d151.pdf,15,right,大阪府,大阪市都島区,,コムズガーデン,"4,322",4322.0,1990年3月,1990.0,3.0,0.8333,municipality_missing,京都府|コムズガーデン,34.70982272340426,135.52888176595744,,municipality_representative,low,,municipality_alias,コムズガーデン 大阪府 大阪市都島区 / コムズガーデン 大阪府 / コムズガーデン,unresolved,,,,,https://nominatim.openstreetmap.org/search?q=%E3%82%B3%E3%83%A0%E3%82%BA%E3%82%AC%E3%83%BC%E3%83%87%E3%83%B3&format=jsonv2&limit=5&addressdetails=1&countrycodes=jp,no_name_prefecture_matched_candidate
jcsc_pdf,https://www.jcsc.or.jp/wpjcsc/wp-content/uploads/2026/05/35212d5b060e16d7f8db21681d51d151.pdf,6,left,千葉県,流山市,,LEVENおおたかの森(レヴンおおたかの森),"4,270",4270.0,2017年7月,2017.0,7.0,0.8333,prefecture_inferred_from_municipality,千葉県|levenおおたかの森レヴンおおたかの森,35.86814102238806,139.91512308208954,,municipality_representative,low,,,LEVENおおたかの森(レヴンおおたかの森) 千葉県 流山市 / LEVENおおたかの森(レヴンおおたかの森) 千葉県 / LEVENおおたかの森(レヴンおおたかの森),unresolved,,,,,https://nominatim.openstreetmap.org/search?q=LEVEN%E3%81%8A%E3%81%8A%E3%81%9F%E3%81%8B%E3%81%AE%E6%A3%AE%28%E3%83%AC%E3%83%B4%E3%83%B3%E3%81%8A%E3%81%8A%E3%81%9F%E3%81%8B%E3%81%AE%E6%A3%AE%29&format=jsonv2&limit=5&addressdetails=1&countrycodes=jp,no_name_prefecture_matched_candidate
jcsc_pdf,https://www.jcsc.or.jp/wpjcsc/wp-content/uploads/2026/05/35212d5b060e16d7f8db21681d51d151.pdf,17,left,兵庫県,神戸市垂水区,垂水区,グルメシティ小束山店,"4,267",4267.0,2000年4月,2000.0,4.0,0.8333,prefecture_inferred_from_municipality,兵庫県|グルメシティ小束山店,34.64633677441077,135.05667233333332,,municipality_representative,low,,,グルメシティ小束山店 兵庫県 神戸市垂水区 / グルメシティ小束山店 兵庫県 / グルメシティ小束山店,unresolved,,,,,https://nominatim.openstreetmap.org/search?q=%E3%82%B0%E3%83%AB%E3%83%A1%E3%82%B7%E3%83%86%E3%82%A3%E5%B0%8F%E6%9D%9F%E5%B1%B1%E5%BA%97&format=jsonv2&limit=5&addressdetails=1&countrycodes=jp,no_name_prefecture_matched_candidate
jcsc_pdf,https://www.jcsc.or.jp/wpjcsc/wp-content/uploads/2026/05/35212d5b060e16d7f8db21681d51d151.pdf,17,left,大阪府,豊能郡豊能町,,ショッピングセンターときわ壱番地,"4,261",4261.0,1983年11月,1983.0,11.0,0.75,,京都府|ショッピングセンターときわ壱番地,34.92172943589743,135.47984925641026,,municipality_representative,low,,prefecture_inferred_from_municipality,ショッピングセンターときわ壱番地 大阪府 豊能郡豊能町 / ショッピングセンターときわ壱番地 大阪府 / ショッピングセンターときわ壱番地,unresolved,,,,,https://nominatim.openstreetmap.org/search?q=%E3%82%B7%E3%83%A7%E3%83%83%E3%83%94%E3%83%B3%E3%82%B0%E3%82%BB%E3%83%B3%E3%82%BF%E3%83%BC%E3%81%A8%E3%81%8D%E3%82%8F%E5%A3%B1%E7%95%AA%E5%9C%B0&format=jsonv2&limit=5&addressdetails=1&countrycodes=jp,no_name_prefecture_matched_candidate
jcsc_pdf,https://www.jcsc.or.jp/wpjcsc/wp-content/uploads/2026/05/35212d5b060e16d7f8db21681d51d151.pdf,9,right,神奈川県,川崎市中原区,中原区,foodium武蔵小杉(フーディアム武蔵小杉),"4,255",4255.0,2008年5月,2008.0,5.0,0.8333,prefecture_inferred_from_municipality,神奈川県|foodium武蔵小杉フーディアム武蔵小杉,35.57657202666667,139.64928877333335,,municipality_representative,low,,,foodium武蔵小杉(フーディアム武蔵小杉) 神奈川県 川崎市中原区 / foodium武蔵小杉(フーディアム武蔵小杉) 神奈川県 / foodium武蔵小杉(フーディアム武蔵小杉),unresolved,,,,,https://nominatim.openstreetmap.org/search?q=foodium%E6%AD%A6%E8%94%B5%E5%B0%8F%E6%9D%89%28%E3%83%95%E3%83%BC%E3%83%87%E3%82%A3%E3%82%A2%E3%83%A0%E6%AD%A6%E8%94%B5%E5%B0%8F%E6%9D%89%29&format=jsonv2&limit=5&addressdetails=1&countrycodes=jp,no_name_prefecture_matched_candidate
jcsc_pdf,https://www.jcsc.or.jp/wpjcsc/wp-content/uploads/2026/05/35212d5b060e16d7f8db21681d51d151.pdf,13,left,静岡県,静岡市葵区,中村区,バレマルシェ中村店,"4,244",4244.0,1975年8月,1975.0,8.0,0.8333,prefecture_inferred_from_municipality,静岡県|バレマルシェ中村店,35.00736196509009,138.41285507657656,,municipality_representative,low,,,バレマルシェ中村店 静岡県 静岡市葵区 / バレマルシェ中村店 静岡県 / バレマルシェ中村店,unresolved,,,,,https://nominatim.openstreetmap.org/search?q=%E3%83%90%E3%83%AC%E3%83%9E%E3%83%AB%E3%82%B7%E3%82%A7%E4%B8%AD%E6%9D%91%E5%BA%97&format=jsonv2&limit=5&addressdetails=1&countrycodes=jp,no_name_prefecture_matched_candidate
jcsc_pdf,https://www.jcsc.or.jp/wpjcsc/wp-content/uploads/2026/05/35212d5b060e16d7f8db21681d51d151.pdf,7,right,東京都,渋谷区,渋谷区,MAGNET by SHIBUYA109,"4,243",4243.0,1987年10月,1987.0,10.0,1.0,municipality_missing,東京都|magnetbyshibuya109,35.6654809125,139.6970510125,,municipality_representative,low,,,MAGNET by SHIBUYA109 東京都 渋谷区 / MAGNET by SHIBUYA109 東京都 / MAGNET by SHIBUYA109,unresolved,,,,,https://nominatim.openstreetmap.org/search?q=MAGNET+by+SHIBUYA109&format=jsonv2&limit=5&addressdetails=1&countrycodes=jp,no_name_prefecture_matched_candidate
jcsc_pdf,https://www.jcsc.or.jp/wpjcsc/wp-content/uploads/2026/05/35212d5b060e16d7f8db21681d51d151.pdf,5,right,埼玉県,所沢市,,ヤオコー東結宮店,"4,231",4231.0,2024年9月,2024.0,9.0,0.7667,prefecture_inferred_from_municipality,埼玉県|ヤオコー東結宮店,35.800309750000004,139.45519175625,,municipality_representative,low,,,ヤオコー東結宮店 埼玉県 所沢市 / ヤオコー東結宮店 埼玉県 / ヤオコー東結宮店,unresolved,,,,,https://nominatim.openstreetmap.org/search?q=%E3%83%A4%E3%82%AA%E3%82%B3%E3%83%BC%E6%9D%B1%E7%B5%90%E5%AE%AE%E5%BA%97&format=jsonv2&limit=5&addressdetails=1&countrycodes=jp,no_name_prefecture_matched_candidate
jcsc_pdf,https://www.jcsc.or.jp/wpjcsc/wp-content/uploads/2026/05/35212d5b060e16d7f8db21681d51d151.pdf,5,left,埼玉県,和光市,,EQUiA PREMIE 和光(エキア プレミエ 和光),"4,202",4202.0,2020年3月,2020.0,3.0,0.8333,prefecture_inferred_from_municipality,埼玉県|equiapremie和光エキアプレミエ和光,35.78938265625,139.6203238125,,municipality_representative,low,,,EQUiA PREMIE 和光(エキア プレミエ 和光) 埼玉県 和光市 / EQUiA PREMIE 和光(エキア プレミエ 和光) 埼玉県 / EQUiA PREMIE 和光(エキア プレミエ 和光),unresolved,,,,,https://nominatim.openstreetmap.org/search?q=EQUiA+PREMIE+%E5%92%8C%E5%85%89%28%E3%82%A8%E3%82%AD%E3%82%A2+%E3%83%97%E3%83%AC%E3%83%9F%E3%82%A8+%E5%92%8C%E5%85%89%29&format=jsonv2&limit=5&addressdetails=1&countrycodes=jp,no_name_prefecture_matched_candidate
jcsc_pdf,https://www.jcsc.or.jp/wpjcsc/wp-content/uploads/2026/05/35212d5b060e16d7f8db21681d51d151.pdf,6,right,東京都,千代田区,千代田区,WATERRAS MALL (ワテラスモール),"4,200",4200.0,2013年4月,2013.0,4.0,1.0,municipality_missing,東京都|waterrasmallワテラスモール,35.69180986086956,139.75971808695652,,municipality_representative,low,,,WATERRAS MALL (ワテラスモール) 東京都 千代田区 / WATERRAS MALL (ワテラスモール) 東京都 / WATERRAS MALL (ワテラスモール),unresolved,,,,,https://nominatim.openstreetmap.org/search?q=WATERRAS+MALL+%28%E3%83%AF%E3%83%86%E3%83%A9%E3%82%B9%E3%83%A2%E3%83%BC%E3%83%AB%29&format=jsonv2&limit=5&addressdetails=1&countrycodes=jp,no_name_prefecture_matched_candidate
jcsc_pdf,https://www.jcsc.or.jp/wpjcsc/wp-content/uploads/2026/05/35212d5b060e16d7f8db21681d51d151.pdf,18,right,島根県,松江市,,シャミネ松江,"4,200",4200.0,1978年10月,1978.0,10.0,0.75,,島根県|シャミネ松江,35.469204802325585,133.0706652751938,,municipality_representative,low,,,シャミネ松江 島根県 松江市,added,はなの舞　シャミネ松江店,"はなの舞　シャミネ松江店, 松江停車場線, 東本町五丁目, 朝日町, 松江市, 島根県, 690-0003, 日本",35.4637050,133.0626880,https://nominatim.openstreetmap.org/search?q=%E3%82%B7%E3%83%A3%E3%83%9F%E3%83%8D%E6%9D%BE%E6%B1%9F+%E5%B3%B6%E6%A0%B9%E7%9C%8C+%E6%9D%BE%E6%B1%9F%E5%B8%82&format=jsonv2&limit=5&addressdetails=1&countrycodes=jp,
jcsc_pdf,https://www.jcsc.or.jp/wpjcsc/wp-content/uploads/2026/05/35212d5b060e16d7f8db21681d51d151.pdf,9,right,東京都,多摩市,,ライズモール戸塚,4.176,4176.0,2019年4月,2019.0,4.0,0.8333,,東京都|ライズモール戸塚,35.62921686516854,139.44035108988766,,municipality_representative,low,,,ライズモール戸塚 東京都 多摩市 / ライズモール戸塚 東京都 / ライズモール戸塚,unresolved,,,,,https://nominatim.openstreetmap.org/search?q=%E3%83%A9%E3%82%A4%E3%82%BA%E3%83%A2%E3%83%BC%E3%83%AB%E6%88%B8%E5%A1%9A&format=jsonv2&limit=5&addressdetails=1&countrycodes=jp,no_name_prefecture_matched_candidate
jcsc_pdf,https://www.jcsc.or.jp/wpjcsc/wp-content/uploads/2026/05/35212d5b060e16d7f8db21681d51d151.pdf,5,left,埼玉県,狭山市,,エミオ狭山市,"4,168",4168.0,2011年6月,2011.0,6.0,0.8333,prefecture_inferred_from_municipality,埼玉県|エミオ狭山市,35.86003864406779,139.4115470338983,,municipality_representative,low,,,エミオ狭山市 埼玉県 狭山市,added,HAIR MAKE Twenty One エミオ狭山市店,"HAIR MAKE Twenty One エミオ狭山市店, 狭山市駅上諏訪線, 入間川一丁目, 祇園, 狭山市, 埼玉県, 350-1305, 日本",35.8571096,139.4130062,https://nominatim.openstreetmap.org/search?q=%E3%82%A8%E3%83%9F%E3%82%AA%E7%8B%AD%E5%B1%B1%E5%B8%82+%E5%9F%BC%E7%8E%89%E7%9C%8C+%E7%8B%AD%E5%B1%B1%E5%B8%82&format=jsonv2&limit=5&addressdetails=1&countrycodes=jp,
jcsc_pdf,https://www.jcsc.or.jp/wpjcsc/wp-content/uploads/2026/05/35212d5b060e16d7f8db21681d51d151.pdf,20,left,愛媛県,新居浜市,,フジ新居浜駅前店,4.158,4158.0,2011年3月,2011.0,3.0,0.8333,prefecture_inferred_from_municipality,愛媛県|フジ新居浜駅前店,33.95361911675127,133.30229187309646,,municipality_representative,low,,,フジ新居浜駅前店 愛媛県 新居浜市 / フジ新居浜駅前店 愛媛県 / フジ新居浜駅前店,unresolved,,,,,https://nominatim.openstreetmap.org/search?q=%E3%83%95%E3%82%B8%E6%96%B0%E5%B1%85%E6%B5%9C%E9%A7%85%E5%89%8D%E5%BA%97&format=jsonv2&limit=5&addressdetails=1&countrycodes=jp,no_name_prefecture_matched_candidate
jcsc_pdf,https://www.jcsc.or.jp/wpjcsc/wp-content/uploads/2026/05/35212d5b060e16d7f8db21681d51d151.pdf,7,left,千葉県,流山市,港区,品川ブリンスホテル,"4,154",4154.0,2002年4月,2002.0,4.0,0.8333,prefecture_inferred_from_municipality,千葉県|品川ブリンスホテル,35.86814102238806,139.91512308208954,,municipality_representative,low,,,品川ブリンスホテル 千葉県 流山市 / 品川ブリンスホテル 千葉県 / 品川ブリンスホテル,unresolved,,,,,https://nominatim.openstreetmap.org/search?q=%E5%93%81%E5%B7%9D%E3%83%96%E3%83%AA%E3%83%B3%E3%82%B9%E3%83%9B%E3%83%86%E3%83%AB&format=jsonv2&limit=5&addressdetails=1&countrycodes=jp,no_name_prefecture_matched_candidate
jcsc_pdf,https://www.jcsc.or.jp/wpjcsc/wp-content/uploads/2026/05/35212d5b060e16d7f8db21681d51d151.pdf,9,right,東京都,多摩市,旭区,ココロット鶴ケ峰,"4,146",4146.0,2007年9月,2007.0,9.0,0.7667,,東京都|ココロット鶴ケ峰,35.62921686516854,139.44035108988766,,municipality_representative,low,,,ココロット鶴ケ峰 東京都 多摩市 / ココロット鶴ケ峰 東京都 / ココロット鶴ケ峰,unresolved,,,,,https://nominatim.openstreetmap.org/search?q=%E3%82%B3%E3%82%B3%E3%83%AD%E3%83%83%E3%83%88%E9%B6%B4%E3%82%B1%E5%B3%B0&format=jsonv2&limit=5&addressdetails=1&countrycodes=jp,no_name_prefecture_matched_candidate
jcsc_pdf,https://www.jcsc.or.jp/wpjcsc/wp-content/uploads/2026/05/35212d5b060e16d7f8db21681d51d151.pdf,19,left,広島県,呉市,,呉駅ビル クレスト,"4,089",4089.0,1981年7月,1981.0,7.0,0.75,prefecture_inferred_from_municipality,広島県|呉駅ビルクレスト,34.24411721495327,132.60481947102804,,municipality_representative,low,,,呉駅ビル クレスト 広島県 呉市 / 呉駅ビル クレスト 広島県 / 呉駅ビル クレスト,unresolved,,,,,https://nominatim.openstreetmap.org/search?q=%E5%91%89%E9%A7%85%E3%83%93%E3%83%AB+%E3%82%AF%E3%83%AC%E3%82%B9%E3%83%88&format=jsonv2&limit=5&addressdetails=1&countrycodes=jp,no_name_prefecture_matched_candidate
jcsc_pdf,https://www.jcsc.or.jp/wpjcsc/wp-content/uploads/2026/05/35212d5b060e16d7f8db21681d51d151.pdf,5,right,埼玉県,入間郡毛呂山町,,いなげや毛3店,"4,075",4075.0,1986年11月,1986.0,11.0,0.7,,栃木県|いなげや毛3店,35.9436854,139.3205542,,municipality_representative,low,,prefecture_inferred_from_municipality,いなげや毛3店 埼玉県 入間郡毛呂山町 / いなげや毛3店 埼玉県 / いなげや毛3店,unresolved,,,,,https://nominatim.openstreetmap.org/search?q=%E3%81%84%E3%81%AA%E3%81%92%E3%82%84%E6%AF%9B3%E5%BA%97&format=jsonv2&limit=5&addressdetails=1&countrycodes=jp,no_name_prefecture_matched_candidate
jcsc_pdf,https://www.jcsc.or.jp/wpjcsc/wp-content/uploads/2026/05/35212d5b060e16d7f8db21681d51d151.pdf,8,right,東京都,日野市,,京王高軽ショッピングセンター,4.072,4072.0,1976年10月,1976.0,10.0,0.75,,東京都|京王高軽ショッピングセンター,35.663969403669725,139.39337220183486,,municipality_representative,low,,,京王高軽ショッピングセンター 東京都 日野市 / 京王高軽ショッピングセンター 東京都 / 京王高軽ショッピングセンター,unresolved,,,,,https://nominatim.openstreetmap.org/search?q=%E4%BA%AC%E7%8E%8B%E9%AB%98%E8%BB%BD%E3%82%B7%E3%83%A7%E3%83%83%E3%83%94%E3%83%B3%E3%82%B0%E3%82%BB%E3%83%B3%E3%82%BF%E3%83%BC&format=jsonv2&limit=5&addressdetails=1&countrycodes=jp,no_name_prefecture_matched_candidate
jcsc_pdf,https://www.jcsc.or.jp/wpjcsc/wp-content/uploads/2026/05/35212d5b060e16d7f8db21681d51d151.pdf,12,left,岐阜県,土岐市,,スーパーマーケットバロー土岐店,"4,067",4067.0,1993年9月,1993.0,9.0,0.8333,,岐阜県|スーパーマーケットバロー土岐店,35.35662044827586,137.18699311724137,,municipality_representative,low,,,スーパーマーケットバロー土岐店 岐阜県 土岐市 / スーパーマーケットバロー土岐店 岐阜県 / スーパーマーケットバロー土岐店,unresolved,,,,,https://nominatim.openstreetmap.org/search?q=%E3%82%B9%E3%83%BC%E3%83%91%E3%83%BC%E3%83%9E%E3%83%BC%E3%82%B1%E3%83%83%E3%83%88%E3%83%90%E3%83%AD%E3%83%BC%E5%9C%9F%E5%B2%90%E5%BA%97&format=jsonv2&limit=5&addressdetails=1&countrycodes=jp,no_name_prefecture_matched_candidate
jcsc_pdf,https://www.jcsc.or.jp/wpjcsc/wp-content/uploads/2026/05/35212d5b060e16d7f8db21681d51d151.pdf,11,right,山梨県,甲府市,,アクロスプラザ国母,"4,065",4065.0,2002年12月,2002.0,12.0,0.8333,,山梨県|アクロスプラザ国母,35.65916205479452,138.5700706849315,,municipality_representative,low,,,アクロスプラザ国母 山梨県 甲府市 / アクロスプラザ国母 山梨県 / アクロスプラザ国母,unresolved,,,,,https://nominatim.openstreetmap.org/search?q=%E3%82%A2%E3%82%AF%E3%83%AD%E3%82%B9%E3%83%97%E3%83%A9%E3%82%B6%E5%9B%BD%E6%AF%8D&format=jsonv2&limit=5&addressdetails=1&countrycodes=jp,no_name_prefecture_matched_candidate
jcsc_pdf,https://www.jcsc.or.jp/wpjcsc/wp-content/uploads/2026/05/35212d5b060e16d7f8db21681d51d151.pdf,17,left,大阪府,東大阪市,,イオンタウン小阪,"4,058",4058.0,2004年11月,2004.0,11.0,0.8333,prefecture_inferred_from_municipality,大阪府|イオンタウン小阪,34.669524775999996,135.602583238,,municipality_representative,low,,,イオンタウン小阪 大阪府 東大阪市 / イオンタウン小阪 大阪府 / イオンタウン小阪,unresolved,,,,,https://nominatim.openstreetmap.org/search?q=%E3%82%A4%E3%82%AA%E3%83%B3%E3%82%BF%E3%82%A6%E3%83%B3%E5%B0%8F%E9%98%AA&format=jsonv2&limit=5&addressdetails=1&countrycodes=jp,no_name_prefecture_matched_candidate
jcsc_pdf,https://www.jcsc.or.jp/wpjcsc/wp-content/uploads/2026/05/35212d5b060e16d7f8db21681d51d151.pdf,22,right,沖縄県,那覇市,,CARGOES (カーゴス),"4,055",4055.0,2011年9月,2011.0,9.0,0.8333,municipality_missing,沖縄県|cargoesカーゴス,26.213253908256878,127.6923771880734,,municipality_representative,low,,municipality_alias,CARGOES (カーゴス) 沖縄県 那覇市 / CARGOES (カーゴス) 沖縄県 / CARGOES (カーゴス),unresolved,,,,,https://nominatim.openstreetmap.org/search?q=CARGOES+%28%E3%82%AB%E3%83%BC%E3%82%B4%E3%82%B9%29&format=jsonv2&limit=5&addressdetails=1&countrycodes=jp,no_name_prefecture_matched_candidate
jcsc_pdf,https://www.jcsc.or.jp/wpjcsc/wp-content/uploads/2026/05/35212d5b060e16d7f8db21681d51d151.pdf,3,right,茨城県,古河市,,VAL古河駅ビル(バル古河駅ビル),"4,047",4047.0,1987年3月,1987.0,3.0,0.75,,茨城県|val古河駅ビルバル古河駅ビル,36.1850732293578,139.7452063211009,,municipality_representative,low,,,VAL古河駅ビル(バル古河駅ビル) 茨城県 古河市 / VAL古河駅ビル(バル古河駅ビル) 茨城県 / VAL古河駅ビル(バル古河駅ビル),unresolved,,,,,https://nominatim.openstreetmap.org/search?q=VAL%E5%8F%A4%E6%B2%B3%E9%A7%85%E3%83%93%E3%83%AB%28%E3%83%90%E3%83%AB%E5%8F%A4%E6%B2%B3%E9%A7%85%E3%83%93%E3%83%AB%29&format=jsonv2&limit=5&addressdetails=1&countrycodes=jp,no_name_prefecture_matched_candidate
jcsc_pdf,https://www.jcsc.or.jp/wpjcsc/wp-content/uploads/2026/05/35212d5b060e16d7f8db21681d51d151.pdf,20,left,香川県,高松市,,フレスボ高松,"4,043",4043.0,2007年1月,2007.0,1.0,0.7667,prefecture_inferred_from_municipality,香川県|フレスボ高松,34.31658222745098,134.04748529803922,,municipality_representative,low,,,フレスボ高松 香川県 高松市 / フレスボ高松 香川県 / フレスボ高松,unresolved,,,,,https://nominatim.openstreetmap.org/search?q=%E3%83%95%E3%83%AC%E3%82%B9%E3%83%9C%E9%AB%98%E6%9D%BE&format=jsonv2&limit=5&addressdetails=1&countrycodes=jp,no_name_prefecture_matched_candidate
jcsc_pdf,https://www.jcsc.or.jp/wpjcsc/wp-content/uploads/2026/05/35212d5b060e16d7f8db21681d51d151.pdf,4,left,群馬県,高崎市,,E'Site高崎(イーサイト高崎),"4,031",4031.0,2011年7月,2011.0,7.0,0.8333,prefecture_inferred_from_municipality,群馬県|e'site高崎イーサイト高崎,36.33529675464684,138.9949314832714,,municipality_representative,low,,,E'Site高崎(イーサイト高崎) 群馬県 高崎市 / E'Site高崎(イーサイト高崎) 群馬県 / E'Site高崎(イーサイト高崎),unresolved,,,,,https://nominatim.openstreetmap.org/search?q=E%27Site%E9%AB%98%E5%B4%8E%28%E3%82%A4%E3%83%BC%E3%82%B5%E3%82%A4%E3%83%88%E9%AB%98%E5%B4%8E%29&format=jsonv2&limit=5&addressdetails=1&countrycodes=jp,no_name_prefecture_matched_candidate
jcsc_pdf,https://www.jcsc.or.jp/wpjcsc/wp-content/uploads/2026/05/35212d5b060e16d7f8db21681d51d151.pdf,8,left,東京都,八王子市,,京王リトナード北野,"4,006",4006.0,2008年12月,2008.0,12.0,0.8333,,東京都|京王リトナード北野,35.65387214070352,139.3297611809045,,municipality_representative,low,,,京王リトナード北野 東京都 八王子市 / 京王リトナード北野 東京都 / 京王リトナード北野,unresolved,,,,,https://nominatim.openstreetmap.org/search?q=%E4%BA%AC%E7%8E%8B%E3%83%AA%E3%83%88%E3%83%8A%E3%83%BC%E3%83%89%E5%8C%97%E9%87%8E&format=jsonv2&limit=5&addressdetails=1&countrycodes=jp,no_name_prefecture_matched_candidate
jcsc_pdf,https://www.jcsc.or.jp/wpjcsc/wp-content/uploads/2026/05/35212d5b060e16d7f8db21681d51d151.pdf,12,right,静岡県,掛川市,,バロー掛川店,"4,000",4000.0,1990年11月,1990.0,11.0,0.8333,prefecture_inferred_from_municipality,静岡県|バロー掛川店,34.76769856830601,138.01602375409834,,municipality_representative,low,,,バロー掛川店 静岡県 掛川市 / バロー掛川店 静岡県 / バロー掛川店,unresolved,,,,,https://nominatim.openstreetmap.org/search?q=%E3%83%90%E3%83%AD%E3%83%BC%E6%8E%9B%E5%B7%9D%E5%BA%97&format=jsonv2&limit=5&addressdetails=1&countrycodes=jp,no_name_prefecture_matched_candidate
jcsc_pdf,https://www.jcsc.or.jp/wpjcsc/wp-content/uploads/2026/05/35212d5b060e16d7f8db21681d51d151.pdf,12,left,岐阜県,海津市,,ボナンザプラザヨシヅヤ海津平田店,"4,000",4000.0,1994年7月,1994.0,7.0,0.7,prefecture_inferred_from_municipality,岐阜県|ボナンザプラザヨシヅヤ海津平田店,35.215506468354434,136.63789740506328,,municipality_representative,low,,,ボナンザプラザヨシヅヤ海津平田店 岐阜県 海津市 / ボナンザプラザヨシヅヤ海津平田店 岐阜県 / ボナンザプラザヨシヅヤ海津平田店,unresolved,,,,,https://nominatim.openstreetmap.org/search?q=%E3%83%9C%E3%83%8A%E3%83%B3%E3%82%B6%E3%83%97%E3%83%A9%E3%82%B6%E3%83%A8%E3%82%B7%E3%83%85%E3%83%A4%E6%B5%B7%E6%B4%A5%E5%B9%B3%E7%94%B0%E5%BA%97&format=jsonv2&limit=5&addressdetails=1&countrycodes=jp,no_name_prefecture_matched_candidate
jcsc_pdf,https://www.jcsc.or.jp/wpjcsc/wp-content/uploads/2026/05/35212d5b060e16d7f8db21681d51d151.pdf,15,right,京都府,与謝郡与謝野町,,加谷ショッピングプラザウイル,"4,000",4000.0,1987年10月,1987.0,10.0,0.8333,,滋賀県|加谷ショッピングプラザウイル,35.518863450000005,135.1066058,,municipality_representative,low,,prefecture_inferred_from_municipality,加谷ショッピングプラザウイル 京都府 与謝郡与謝野町 / 加谷ショッピングプラザウイル 京都府 / 加谷ショッピングプラザウイル,unresolved,,,,,https://nominatim.openstreetmap.org/search?q=%E5%8A%A0%E8%B0%B7%E3%82%B7%E3%83%A7%E3%83%83%E3%83%94%E3%83%B3%E3%82%B0%E3%83%97%E3%83%A9%E3%82%B6%E3%82%A6%E3%82%A4%E3%83%AB&format=jsonv2&limit=5&addressdetails=1&countrycodes=jp,no_name_prefecture_matched_candidate
jcsc_pdf,https://www.jcsc.or.jp/wpjcsc/wp-content/uploads/2026/05/35212d5b060e16d7f8db21681d51d151.pdf,13,right,愛知県,春日井市,,バロー春日井西店,3.994,3994.0,1994年3月,1994.0,3.0,0.7667,,愛知県|バロー春日井西店,35.258045401060066,136.9876340936396,,municipality_representative,low,,,バロー春日井西店 愛知県 春日井市 / バロー春日井西店 愛知県 / バロー春日井西店,unresolved,,,,,https://nominatim.openstreetmap.org/search?q=%E3%83%90%E3%83%AD%E3%83%BC%E6%98%A5%E6%97%A5%E4%BA%95%E8%A5%BF%E5%BA%97&format=jsonv2&limit=5&addressdetails=1&countrycodes=jp,no_name_prefecture_matched_candidate
jcsc_pdf,https://www.jcsc.or.jp/wpjcsc/wp-content/uploads/2026/05/35212d5b060e16d7f8db21681d51d151.pdf,17,left,兵庫県,神戸市中央区,中央区,デュオこうべ,"3,991",3991.0,1992年9月,1992.0,9.0,0.8333,prefecture_inferred_from_municipality,兵庫県|デュオこうべ,34.69440958839779,135.19806651933703,,municipality_representative,low,,,デュオこうべ 兵庫県 神戸市中央区,added,デュオこうべ交番,"デュオこうべ交番, 若菜神戸駅線, 相生町三丁目, 中央区, 神戸市, 兵庫県, 650-0015, 日本",34.6793901,135.1773419,https://nominatim.openstreetmap.org/search?q=%E3%83%87%E3%83%A5%E3%82%AA%E3%81%93%E3%81%86%E3%81%B9+%E5%85%B5%E5%BA%AB%E7%9C%8C+%E7%A5%9E%E6%88%B8%E5%B8%82%E4%B8%AD%E5%A4%AE%E5%8C%BA&format=jsonv2&limit=5&addressdetails=1&countrycodes=jp,
jcsc_pdf,https://www.jcsc.or.jp/wpjcsc/wp-content/uploads/2026/05/35212d5b060e16d7f8db21681d51d151.pdf,19,right,山口県,山口市,,イオンタウン小郡,3.978,3978.0,2003年6月,2003.0,6.0,0.8333,,山口県|イオンタウン小郡,34.1496907327044,131.46477790880505,,municipality_representative,low,,,イオンタウン小郡 山口県 山口市,added,イオンタウン小郡,"イオンタウン小郡, 小郡前田町, 長谷, 山口市, 山口県, 日本",34.0861913,131.3973351,https://nominatim.openstreetmap.org/search?q=%E3%82%A4%E3%82%AA%E3%83%B3%E3%82%BF%E3%82%A6%E3%83%B3%E5%B0%8F%E9%83%A1+%E5%B1%B1%E5%8F%A3%E7%9C%8C+%E5%B1%B1%E5%8F%A3%E5%B8%82&format=jsonv2&limit=5&addressdetails=1&countrycodes=jp,
jcsc_pdf,https://www.jcsc.or.jp/wpjcsc/wp-content/uploads/2026/05/35212d5b060e16d7f8db21681d51d151.pdf,22,left,大分県,別府市,,別府山の手ライフガーデン,"3,954",3954.0,2007年12月,2007.0,12.0,0.8333,prefecture_inferred_from_municipality,大分県|別府山の手ライフガーデン,33.293865753086415,131.48833441358025,,municipality_representative,low,,,別府山の手ライフガーデン 大分県 別府市,added,HARD OFF・オフハウス別府山の手ライフガーデン店,"HARD OFF・オフハウス別府山の手ライフガーデン店, 9-39, 別府庄内線, 野口原, 別府市, 大分県, 874-0828, 日本",33.2819895,131.4857666,https://nominatim.openstreetmap.org/search?q=%E5%88%A5%E5%BA%9C%E5%B1%B1%E3%81%AE%E6%89%8B%E3%83%A9%E3%82%A4%E3%83%95%E3%82%AC%E3%83%BC%E3%83%87%E3%83%B3+%E5%A4%A7%E5%88%86%E7%9C%8C+%E5%88%A5%E5%BA%9C%E5%B8%82&format=jsonv2&limit=5&addressdetails=1&countrycodes=jp,
jcsc_pdf,https://www.jcsc.or.jp/wpjcsc/wp-content/uploads/2026/05/35212d5b060e16d7f8db21681d51d151.pdf,20,left,香川県,高松市,,ショッピングセンターウイングポート,"3,919",3919.0,1996年11月,1996.0,11.0,1.0,prefecture_inferred_from_municipality,香川県|ショッピングセンターウイングポート,34.31658222745098,134.04748529803922,,municipality_representative,low,,,ショッピングセンターウイングポート 香川県 高松市 / ショッピングセンターウイングポート 香川県 / ショッピングセンターウイングポート,unresolved,,,,,https://nominatim.openstreetmap.org/search?q=%E3%82%B7%E3%83%A7%E3%83%83%E3%83%94%E3%83%B3%E3%82%B0%E3%82%BB%E3%83%B3%E3%82%BF%E3%83%BC%E3%82%A6%E3%82%A4%E3%83%B3%E3%82%B0%E3%83%9D%E3%83%BC%E3%83%88&format=jsonv2&limit=5&addressdetails=1&countrycodes=jp,no_name_prefecture_matched_candidate
jcsc_pdf,https://www.jcsc.or.jp/wpjcsc/wp-content/uploads/2026/05/35212d5b060e16d7f8db21681d51d151.pdf,6,right,東京都,千代田区,千代田区,帝国ホテルアーケード,3.905,3905.0,1983年3月,1983.0,3.0,1.0,municipality_missing,東京都|帝国ホテルアーケード,35.69180986086956,139.75971808695652,,municipality_representative,low,,,帝国ホテルアーケード 東京都 千代田区 / 帝国ホテルアーケード 東京都 / 帝国ホテルアーケード,unresolved,,,,,https://nominatim.openstreetmap.org/search?q=%E5%B8%9D%E5%9B%BD%E3%83%9B%E3%83%86%E3%83%AB%E3%82%A2%E3%83%BC%E3%82%B1%E3%83%BC%E3%83%89&format=jsonv2&limit=5&addressdetails=1&countrycodes=jp,no_name_prefecture_matched_candidate
jcsc_pdf,https://www.jcsc.or.jp/wpjcsc/wp-content/uploads/2026/05/35212d5b060e16d7f8db21681d51d151.pdf,11,left,富山県,南砺市,,井波コミュニティプラザ アスモ,"3,897",3897.0,1992年10月,1992.0,10.0,0.75,prefecture_inferred_from_municipality,富山県|井波コミュニティプラザアスモ,36.522540265734264,136.91509348251748,,municipality_representative,low,,,井波コミュニティプラザ アスモ 富山県 南砺市 / 井波コミュニティプラザ アスモ 富山県 / 井波コミュニティプラザ アスモ,unresolved,,,,,https://nominatim.openstreetmap.org/search?q=%E4%BA%95%E6%B3%A2%E3%82%B3%E3%83%9F%E3%83%A5%E3%83%8B%E3%83%86%E3%82%A3%E3%83%97%E3%83%A9%E3%82%B6+%E3%82%A2%E3%82%B9%E3%83%A2&format=jsonv2&limit=5&addressdetails=1&countrycodes=jp,no_name_prefecture_matched_candidate
jcsc_pdf,https://www.jcsc.or.jp/wpjcsc/wp-content/uploads/2026/05/35212d5b060e16d7f8db21681d51d151.pdf,3,left,福島県,福島市,,リオン・ドール鎌田店,"3,895",3895.0,1994年11月,1994.0,11.0,0.8333,prefecture_inferred_from_municipality,福島県|リオンドール鎌田店,37.75767378657074,140.4413771787903,,municipality_representative,low,,,リオン・ドール鎌田店 福島県 福島市 / リオン・ドール鎌田店 福島県 / リオン・ドール鎌田店,unresolved,,,,,https://nominatim.openstreetmap.org/search?q=%E3%83%AA%E3%82%AA%E3%83%B3%E3%83%BB%E3%83%89%E3%83%BC%E3%83%AB%E9%8E%8C%E7%94%B0%E5%BA%97&format=jsonv2&limit=5&addressdetails=1&countrycodes=jp,no_name_prefecture_matched_candidate
jcsc_pdf,https://www.jcsc.or.jp/wpjcsc/wp-content/uploads/2026/05/35212d5b060e16d7f8db21681d51d151.pdf,8,left,千葉県,流山市,足立区,EQUIiA竹ノ塚(エキア竹ノ塚),"3,893",3893.0,2024年10月,2024.0,10.0,0.8333,prefecture_inferred_from_municipality,千葉県|equiia竹ノ塚エキア竹ノ塚,35.86814102238806,139.91512308208954,,municipality_representative,low,,,EQUIiA竹ノ塚(エキア竹ノ塚) 千葉県 流山市 / EQUIiA竹ノ塚(エキア竹ノ塚) 千葉県 / EQUIiA竹ノ塚(エキア竹ノ塚),unresolved,,,,,https://nominatim.openstreetmap.org/search?q=EQUIiA%E7%AB%B9%E3%83%8E%E5%A1%9A%28%E3%82%A8%E3%82%AD%E3%82%A2%E7%AB%B9%E3%83%8E%E5%A1%9A%29&format=jsonv2&limit=5&addressdetails=1&countrycodes=jp,no_name_prefecture_matched_candidate
jcsc_pdf,https://www.jcsc.or.jp/wpjcsc/wp-content/uploads/2026/05/35212d5b060e16d7f8db21681d51d151.pdf,11,right,長野県,長野市,,ショッピングタウンあおぞら,"3,882",3882.0,1975年4月,1975.0,4.0,1.0,,長野県|ショッピングタウンあおぞら,36.62961465871122,138.16810552983293,,municipality_representative,low,,,ショッピングタウンあおぞら 長野県 長野市,added,ショッピングタウンあおぞら,"ショッピングタウンあおぞら, 大字西和田, 長野市, 長野県, 日本",36.6534071,138.2227758,https://nominatim.openstreetmap.org/search?q=%E3%82%B7%E3%83%A7%E3%83%83%E3%83%94%E3%83%B3%E3%82%B0%E3%82%BF%E3%82%A6%E3%83%B3%E3%81%82%E3%81%8A%E3%81%9E%E3%82%89+%E9%95%B7%E9%87%8E%E7%9C%8C+%E9%95%B7%E9%87%8E%E5%B8%82&format=jsonv2&limit=5&addressdetails=1&countrycodes=jp,
jcsc_pdf,https://www.jcsc.or.jp/wpjcsc/wp-content/uploads/2026/05/35212d5b060e16d7f8db21681d51d151.pdf,5,right,埼玉県,坂戸市,,アクロスプラザ坂戸,"3,880",3880.0,2018年6月,2018.0,6.0,0.75,prefecture_inferred_from_municipality,埼玉県|アクロスプラザ坂戸,35.96046142857143,139.38659296938775,,municipality_representative,low,,,アクロスプラザ坂戸 埼玉県 坂戸市,added,アクロスプラザ坂戸,"アクロスプラザ坂戸, 日光脇往還, 仲町, 粟生田, 坂戸市, 埼玉県, 350-0225, 日本",35.9576300,139.3915322,https://nominatim.openstreetmap.org/search?q=%E3%82%A2%E3%82%AF%E3%83%AD%E3%82%B9%E3%83%97%E3%83%A9%E3%82%B6%E5%9D%82%E6%88%B8+%E5%9F%BC%E7%8E%89%E7%9C%8C+%E5%9D%82%E6%88%B8%E5%B8%82&format=jsonv2&limit=5&addressdetails=1&countrycodes=jp,
jcsc_pdf,https://www.jcsc.or.jp/wpjcsc/wp-content/uploads/2026/05/35212d5b060e16d7f8db21681d51d151.pdf,17,right,兵庫県,姫路市,,ヤマダストアー花田店,"3,880",3880.0,1995年10月,1995.0,10.0,0.8333,prefecture_inferred_from_municipality,兵庫県|ヤマダストアー花田店,34.837287680875576,134.67307040552996,,municipality_representative,low,,,ヤマダストアー花田店 兵庫県 姫路市 / ヤマダストアー花田店 兵庫県 / ヤマダストアー花田店,unresolved,,,,,https://nominatim.openstreetmap.org/search?q=%E3%83%A4%E3%83%9E%E3%83%80%E3%82%B9%E3%83%88%E3%82%A2%E3%83%BC%E8%8A%B1%E7%94%B0%E5%BA%97&format=jsonv2&limit=5&addressdetails=1&countrycodes=jp,no_name_prefecture_matched_candidate
jcsc_pdf,https://www.jcsc.or.jp/wpjcsc/wp-content/uploads/2026/05/35212d5b060e16d7f8db21681d51d151.pdf,18,left,兵庫県,宝塚市,,サンビオラ1番館,"3,873",3873.0,1974年3月,1974.0,3.0,0.75,prefecture_inferred_from_municipality,兵庫県|サンビオラ1番館,34.84602734841629,135.34346236425338,,municipality_representative,low,,,サンビオラ1番館 兵庫県 宝塚市,added,サンビオラ1番館,"サンビオラ1番館, 生瀬門戸荘線, 湯本町, 宝塚市, 兵庫県, 665-0011, 日本",34.8040188,135.3462652,https://nominatim.openstreetmap.org/search?q=%E3%82%B5%E3%83%B3%E3%83%93%E3%82%AA%E3%83%A91%E7%95%AA%E9%A4%A8+%E5%85%B5%E5%BA%AB%E7%9C%8C+%E5%AE%9D%E5%A1%9A%E5%B8%82&format=jsonv2&limit=5&addressdetails=1&countrycodes=jp,
jcsc_pdf,https://www.jcsc.or.jp/wpjcsc/wp-content/uploads/2026/05/35212d5b060e16d7f8db21681d51d151.pdf,14,right,三重県,南牟婁郡御浜町,,道の駅 パーク七里御浜ビネ,"3,869",3869.0,1988年7月,1988.0,7.0,0.7,,三重県|道の駅パーク七里御浜ビネ,33.83423042857142,136.0095684285714,,municipality_representative,low,,,道の駅 パーク七里御浜ビネ 三重県 南牟婁郡御浜町 / 道の駅 パーク七里御浜ビネ 三重県 / 道の駅 パーク七里御浜ビネ,unresolved,,,,,https://nominatim.openstreetmap.org/search?q=%E9%81%93%E3%81%AE%E9%A7%85+%E3%83%91%E3%83%BC%E3%82%AF%E4%B8%83%E9%87%8C%E5%BE%A1%E6%B5%9C%E3%83%93%E3%83%8D&format=jsonv2&limit=5&addressdetails=1&countrycodes=jp,no_name_prefecture_matched_candidate
jcsc_pdf,https://www.jcsc.or.jp/wpjcsc/wp-content/uploads/2026/05/35212d5b060e16d7f8db21681d51d151.pdf,15,right,大阪府,大阪市北区,北区,ドーチカ (ドージマ地下センター),3.861,3861.0,1966年7月,1966.0,7.0,0.8333,municipality_missing,京都府|ドーチカドージマ地下センター,34.704387178861786,135.50393925203252,,municipality_representative,low,,municipality_alias,ドーチカ (ドージマ地下センター) 大阪府 大阪市北区 / ドーチカ (ドージマ地下センター) 大阪府 / ドーチカ (ドージマ地下センター),unresolved,,,,,https://nominatim.openstreetmap.org/search?q=%E3%83%89%E3%83%BC%E3%83%81%E3%82%AB+%28%E3%83%89%E3%83%BC%E3%82%B8%E3%83%9E%E5%9C%B0%E4%B8%8B%E3%82%BB%E3%83%B3%E3%82%BF%E3%83%BC%29&format=jsonv2&limit=5&addressdetails=1&countrycodes=jp,no_name_prefecture_matched_candidate
jcsc_pdf,https://www.jcsc.or.jp/wpjcsc/wp-content/uploads/2026/05/35212d5b060e16d7f8db21681d51d151.pdf,10,right,新潟県,新潟市西区,西区,新潟ふるさと村 バザール館,"3,849",3849.0,1991年7月,1991.0,7.0,0.8333,,新潟県|新潟ふるさと村バザール館,37.8658662360515,138.96469573819743,,municipality_representative,low,,,新潟ふるさと村 バザール館 新潟県 新潟市西区 / 新潟ふるさと村 バザール館 新潟県 / 新潟ふるさと村 バザール館,unresolved,,,,,https://nominatim.openstreetmap.org/search?q=%E6%96%B0%E6%BD%9F%E3%81%B5%E3%82%8B%E3%81%95%E3%81%A8%E6%9D%91+%E3%83%90%E3%82%B6%E3%83%BC%E3%83%AB%E9%A4%A8&format=jsonv2&limit=5&addressdetails=1&countrycodes=jp,no_name_prefecture_matched_candidate
jcsc_pdf,https://www.jcsc.or.jp/wpjcsc/wp-content/uploads/2026/05/35212d5b060e16d7f8db21681d51d151.pdf,19,right,山口県,光市,,Be st.(ビーストリート),3.840,3840.0,1981年10月,1981.0,10.0,0.825,,山口県|bestビーストリート,33.96817928703704,131.95124848148149,,municipality_representative,low,,,Be st.(ビーストリート) 山口県 光市 / Be st.(ビーストリート) 山口県 / Be st.(ビーストリート),unresolved,,,,,https://nominatim.openstreetmap.org/search?q=Be+st.%28%E3%83%93%E3%83%BC%E3%82%B9%E3%83%88%E3%83%AA%E3%83%BC%E3%83%88%29&format=jsonv2&limit=5&addressdetails=1&countrycodes=jp,no_name_prefecture_matched_candidate
jcsc_pdf,https://www.jcsc.or.jp/wpjcsc/wp-content/uploads/2026/05/35212d5b060e16d7f8db21681d51d151.pdf,11,right,富山県,富山市,,くるふ福井駅,"3,810",3810.0,2024年3月,2024.0,3.0,0.7667,,富山県|くるふ福井駅,36.6594965053681,137.20881503527607,,municipality_representative,low,,,くるふ福井駅 富山県 富山市 / くるふ福井駅 富山県 / くるふ福井駅,unresolved,,,,,https://nominatim.openstreetmap.org/search?q=%E3%81%8F%E3%82%8B%E3%81%B5%E7%A6%8F%E4%BA%95%E9%A7%85&format=jsonv2&limit=5&addressdetails=1&countrycodes=jp,no_name_prefecture_matched_candidate
jcsc_pdf,https://www.jcsc.or.jp/wpjcsc/wp-content/uploads/2026/05/35212d5b060e16d7f8db21681d51d151.pdf,21,left,福岡県,久留米市,,サザンモール,"3,808",3808.0,1997年3月,1997.0,3.0,1.0,prefecture_inferred_from_municipality,福岡県|サザンモール,33.30975351452282,130.54165461825727,,municipality_representative,low,,,サザンモール 福岡県 久留米市 / サザンモール 福岡県 / サザンモール,unresolved,,,,,https://nominatim.openstreetmap.org/search?q=%E3%82%B5%E3%82%B6%E3%83%B3%E3%83%A2%E3%83%BC%E3%83%AB&format=jsonv2&limit=5&addressdetails=1&countrycodes=jp,no_name_prefecture_matched_candidate
jcsc_pdf,https://www.jcsc.or.jp/wpjcsc/wp-content/uploads/2026/05/35212d5b060e16d7f8db21681d51d151.pdf,22,left,大分県,大分市,,アクロスプラザ森町,"3,800",3800.0,2013年10月,2013.0,10.0,0.8333,municipality_missing,沖縄県|アクロスプラザ森町,33.21965059287926,131.63969271362228,,municipality_representative,low,,municipality_alias,アクロスプラザ森町 大分県 大分市 / アクロスプラザ森町 大分県 / アクロスプラザ森町,unresolved,,,,,https://nominatim.openstreetmap.org/search?q=%E3%82%A2%E3%82%AF%E3%83%AD%E3%82%B9%E3%83%97%E3%83%A9%E3%82%B6%E6%A3%AE%E7%94%BA&format=jsonv2&limit=5&addressdetails=1&countrycodes=jp,no_name_prefecture_matched_candidate
jcsc_pdf,https://www.jcsc.or.jp/wpjcsc/wp-content/uploads/2026/05/35212d5b060e16d7f8db21681d51d151.pdf,22,left,大分県,大分市,,大分オーパ,"3,800",3800.0,2019年6月,2019.0,6.0,0.8333,municipality_missing,沖縄県|大分オーパ,33.21965059287926,131.63969271362228,,municipality_representative,low,,municipality_alias,大分オーパ 大分県 大分市 / 大分オーパ 大分県 / 大分オーパ,unresolved,,,,,https://nominatim.openstreetmap.org/search?q=%E5%A4%A7%E5%88%86%E3%82%AA%E3%83%BC%E3%83%91&format=jsonv2&limit=5&addressdetails=1&countrycodes=jp,no_name_prefecture_matched_candidate
jcsc_pdf,https://www.jcsc.or.jp/wpjcsc/wp-content/uploads/2026/05/35212d5b060e16d7f8db21681d51d151.pdf,8,left,東京都,八王子市,,フレンテ南大沢新館,3.798,3798.0,2009年12月,2009.0,12.0,0.8333,,東京都|フレンテ南大沢新館,35.65387214070352,139.3297611809045,,municipality_representative,low,,,フレンテ南大沢新館 東京都 八王子市 / フレンテ南大沢新館 東京都 / フレンテ南大沢新館,unresolved,,,,,https://nominatim.openstreetmap.org/search?q=%E3%83%95%E3%83%AC%E3%83%B3%E3%83%86%E5%8D%97%E5%A4%A7%E6%B2%A2%E6%96%B0%E9%A4%A8&format=jsonv2&limit=5&addressdetails=1&countrycodes=jp,no_name_prefecture_matched_candidate
jcsc_pdf,https://www.jcsc.or.jp/wpjcsc/wp-content/uploads/2026/05/35212d5b060e16d7f8db21681d51d151.pdf,5,left,埼玉県,東松山市,,シルビアショッピングスクエア,3.781,3781.0,1998年6月,1998.0,6.0,1.0,prefecture_inferred_from_municipality,埼玉県|シルビアショッピングスクエア,36.02698287837838,139.4001690810811,,municipality_representative,low,,,シルビアショッピングスクエア 埼玉県 東松山市 / シルビアショッピングスクエア 埼玉県 / シルビアショッピングスクエア,unresolved,,,,,https://nominatim.openstreetmap.org/search?q=%E3%82%B7%E3%83%AB%E3%83%93%E3%82%A2%E3%82%B7%E3%83%A7%E3%83%83%E3%83%94%E3%83%B3%E3%82%B0%E3%82%B9%E3%82%AF%E3%82%A8%E3%82%A2&format=jsonv2&limit=5&addressdetails=1&countrycodes=jp,no_name_prefecture_matched_candidate
jcsc_pdf,https://www.jcsc.or.jp/wpjcsc/wp-content/uploads/2026/05/35212d5b060e16d7f8db21681d51d151.pdf,8,left,千葉県,流山市,江東区,アトレヴィ大塚,3.781,3781.0,2013年9月,2013.0,9.0,0.8333,prefecture_inferred_from_municipality,千葉県|アトレヴィ大塚,35.86814102238806,139.91512308208954,,municipality_representative,low,,,アトレヴィ大塚 千葉県 流山市 / アトレヴィ大塚 千葉県 / アトレヴィ大塚,unresolved,,,,,https://nominatim.openstreetmap.org/search?q=%E3%82%A2%E3%83%88%E3%83%AC%E3%83%B4%E3%82%A3%E5%A4%A7%E5%A1%9A&format=jsonv2&limit=5&addressdetails=1&countrycodes=jp,no_name_prefecture_matched_candidate
jcsc_pdf,https://www.jcsc.or.jp/wpjcsc/wp-content/uploads/2026/05/35212d5b060e16d7f8db21681d51d151.pdf,9,left,神奈川県,横浜市金沢区,金沢区,ユニオンセンター,"3,780",3780.0,1968年9月,1968.0,9.0,0.875,prefecture_inferred_from_municipality,神奈川県|ユニオンセンター,35.34557525742574,139.6199576831683,,municipality_representative,low,,,ユニオンセンター 神奈川県 横浜市金沢区 / ユニオンセンター 神奈川県 / ユニオンセンター,unresolved,,,,,https://nominatim.openstreetmap.org/search?q=%E3%83%A6%E3%83%8B%E3%82%AA%E3%83%B3%E3%82%BB%E3%83%B3%E3%82%BF%E3%83%BC&format=jsonv2&limit=5&addressdetails=1&countrycodes=jp,no_name_prefecture_matched_candidate
jcsc_pdf,https://www.jcsc.or.jp/wpjcsc/wp-content/uploads/2026/05/35212d5b060e16d7f8db21681d51d151.pdf,10,right,新潟県,長岡市,,栃尾ショッピングモール トッピイ,"3,771",3771.0,2000年4月,2000.0,4.0,0.8333,,新潟県|栃尾ショッピングモールトッピイ,37.47037010103092,138.84770269690722,,municipality_representative,low,,,栃尾ショッピングモール トッピイ 新潟県 長岡市 / 栃尾ショッピングモール トッピイ 新潟県 / 栃尾ショッピングモール トッピイ,unresolved,,,,,https://nominatim.openstreetmap.org/search?q=%E6%A0%83%E5%B0%BE%E3%82%B7%E3%83%A7%E3%83%83%E3%83%94%E3%83%B3%E3%82%B0%E3%83%A2%E3%83%BC%E3%83%AB+%E3%83%88%E3%83%83%E3%83%94%E3%82%A4&format=jsonv2&limit=5&addressdetails=1&countrycodes=jp,no_name_prefecture_matched_candidate
jcsc_pdf,https://www.jcsc.or.jp/wpjcsc/wp-content/uploads/2026/05/35212d5b060e16d7f8db21681d51d151.pdf,21,right,長崎県,対馬市,,ショッピングセンターティアラ(対馬市交流センター),3.770,3770.0,2006年10月,2006.0,10.0,0.875,,長崎県|ショッピングセンターティアラ対馬市交流センター,34.38169770247934,129.32314014049587,,municipality_representative,low,,,ショッピングセンターティアラ(対馬市交流センター) 長崎県 対馬市 / ショッピングセンターティアラ(対馬市交流センター) 長崎県 / ショッピングセンターティアラ(対馬市交流センター),unresolved,,,,,https://nominatim.openstreetmap.org/search?q=%E3%82%B7%E3%83%A7%E3%83%83%E3%83%94%E3%83%B3%E3%82%B0%E3%82%BB%E3%83%B3%E3%82%BF%E3%83%BC%E3%83%86%E3%82%A3%E3%82%A2%E3%83%A9%28%E5%AF%BE%E9%A6%AC%E5%B8%82%E4%BA%A4%E6%B5%81%E3%82%BB%E3%83%B3%E3%82%BF%E3%83%BC%29&format=jsonv2&limit=5&addressdetails=1&countrycodes=jp,no_name_prefecture_matched_candidate
jcsc_pdf,https://www.jcsc.or.jp/wpjcsc/wp-content/uploads/2026/05/35212d5b060e16d7f8db21681d51d151.pdf,22,left,熊本県,熊本市西区,西区,植木ショッピングプラザウエッキー,3.761,3761.0,1989年12月,1989.0,12.0,1.0,municipality_missing,宮崎県|植木ショッピングプラザウエッキー,32.7930880078125,130.665639703125,,municipality_representative,low,,municipality_alias,植木ショッピングプラザウエッキー 熊本県 熊本市西区 / 植木ショッピングプラザウエッキー 熊本県 / 植木ショッピングプラザウエッキー,unresolved,,,,,https://nominatim.openstreetmap.org/search?q=%E6%A4%8D%E6%9C%A8%E3%82%B7%E3%83%A7%E3%83%83%E3%83%94%E3%83%B3%E3%82%B0%E3%83%97%E3%83%A9%E3%82%B6%E3%82%A6%E3%82%A8%E3%83%83%E3%82%AD%E3%83%BC&format=jsonv2&limit=5&addressdetails=1&countrycodes=jp,no_name_prefecture_matched_candidate
jcsc_pdf,https://www.jcsc.or.jp/wpjcsc/wp-content/uploads/2026/05/35212d5b060e16d7f8db21681d51d151.pdf,11,left,富山県,滑川市,,滑川ショッピングセンターエール,3.760,3760.0,1979年6月,1979.0,6.0,0.875,,富山県|滑川ショッピングセンターエール,36.75740439495799,137.36487985714285,,municipality_representative,low,,,滑川ショッピングセンターエール 富山県 滑川市 / 滑川ショッピングセンターエール 富山県 / 滑川ショッピングセンターエール,unresolved,,,,,https://nominatim.openstreetmap.org/search?q=%E6%BB%91%E5%B7%9D%E3%82%B7%E3%83%A7%E3%83%83%E3%83%94%E3%83%B3%E3%82%B0%E3%82%BB%E3%83%B3%E3%82%BF%E3%83%BC%E3%82%A8%E3%83%BC%E3%83%AB&format=jsonv2&limit=5&addressdetails=1&countrycodes=jp,no_name_prefecture_matched_candidate
jcsc_pdf,https://www.jcsc.or.jp/wpjcsc/wp-content/uploads/2026/05/35212d5b060e16d7f8db21681d51d151.pdf,9,right,神奈川県,川崎市中原区,中原区,ビーンズ武蔵中原,"3,759",3759.0,2000年9月,2000.0,9.0,0.8333,prefecture_inferred_from_municipality,神奈川県|ビーンズ武蔵中原,35.57657202666667,139.64928877333335,,municipality_representative,low,,,ビーンズ武蔵中原 神奈川県 川崎市中原区 / ビーンズ武蔵中原 神奈川県 / ビーンズ武蔵中原,unresolved,,,,,https://nominatim.openstreetmap.org/search?q=%E3%83%93%E3%83%BC%E3%83%B3%E3%82%BA%E6%AD%A6%E8%94%B5%E4%B8%AD%E5%8E%9F&format=jsonv2&limit=5&addressdetails=1&countrycodes=jp,no_name_prefecture_matched_candidate
jcsc_pdf,https://www.jcsc.or.jp/wpjcsc/wp-content/uploads/2026/05/35212d5b060e16d7f8db21681d51d151.pdf,18,right,和歌山県,有田郡湯浅町,,ショッピングプラザユビア(オークワ湯浅店),"3,743",3743.0,1990年4月,1990.0,4.0,0.75,,和歌山県|ショッピングプラザユビアオークワ湯浅店,34.039037125,135.18498775,,municipality_representative,low,,,ショッピングプラザユビア(オークワ湯浅店) 和歌山県 有田郡湯浅町 / ショッピングプラザユビア(オークワ湯浅店) 和歌山県 / ショッピングプラザユビア(オークワ湯浅店),unresolved,,,,,https://nominatim.openstreetmap.org/search?q=%E3%82%B7%E3%83%A7%E3%83%83%E3%83%94%E3%83%B3%E3%82%B0%E3%83%97%E3%83%A9%E3%82%B6%E3%83%A6%E3%83%93%E3%82%A2%28%E3%82%AA%E3%83%BC%E3%82%AF%E3%83%AF%E6%B9%AF%E6%B5%85%E5%BA%97%29&format=jsonv2&limit=5&addressdetails=1&countrycodes=jp,no_name_prefecture_matched_candidate
jcsc_pdf,https://www.jcsc.or.jp/wpjcsc/wp-content/uploads/2026/05/35212d5b060e16d7f8db21681d51d151.pdf,8,right,東京都,立川市,坦島区,エキュート立川,"3,740",3740.0,2007年10月,2007.0,10.0,0.8333,municipality_missing,東京都|エキュート立川,35.71420006329114,139.40535181012658,,municipality_representative,low,,municipality_alias,エキュート立川 東京都 立川市 / エキュート立川 東京都 / エキュート立川,unresolved,,,,,https://nominatim.openstreetmap.org/search?q=%E3%82%A8%E3%82%AD%E3%83%A5%E3%83%BC%E3%83%88%E7%AB%8B%E5%B7%9D&format=jsonv2&limit=5&addressdetails=1&countrycodes=jp,no_name_prefecture_matched_candidate
jcsc_pdf,https://www.jcsc.or.jp/wpjcsc/wp-content/uploads/2026/05/35212d5b060e16d7f8db21681d51d151.pdf,20,right,福岡県,福岡市博多区,博多区,マイング,"3,730",3730.0,1963年12月,1963.0,12.0,1.0,,福岡県|マイング,33.57568420657277,130.44197516901409,,municipality_representative,low,,,マイング 福岡県 福岡市博多区 / マイング 福岡県 / マイング,unresolved,,,,,https://nominatim.openstreetmap.org/search?q=%E3%83%9E%E3%82%A4%E3%83%B3%E3%82%B0&format=jsonv2&limit=5&addressdetails=1&countrycodes=jp,no_name_prefecture_matched_candidate
jcsc_pdf,https://www.jcsc.or.jp/wpjcsc/wp-content/uploads/2026/05/35212d5b060e16d7f8db21681d51d151.pdf,11,right,長野県,松本市,,MIDORI松本,3.727,3727.0,1978年7月,1978.0,7.0,0.8333,,長野県|midori松本,36.222210835999995,137.961404012,,municipality_representative,low,,,MIDORI松本 長野県 松本市 / MIDORI松本 長野県 / MIDORI松本,unresolved,,,,,https://nominatim.openstreetmap.org/search?q=MIDORI%E6%9D%BE%E6%9C%AC&format=jsonv2&limit=5&addressdetails=1&countrycodes=jp,no_name_prefecture_matched_candidate
jcsc_pdf,https://www.jcsc.or.jp/wpjcsc/wp-content/uploads/2026/05/35212d5b060e16d7f8db21681d51d151.pdf,6,right,東京都,中央区,中央区,銀座ファイブ,"3,720",3720.0,1957年7月,1957.0,7.0,0.8333,municipality_missing,東京都|銀座ファイブ,35.6757957755102,139.7771692244898,,municipality_representative,low,,,銀座ファイブ 東京都 中央区 / 銀座ファイブ 東京都 / 銀座ファイブ,unresolved,,,,,https://nominatim.openstreetmap.org/search?q=%E9%8A%80%E5%BA%A7%E3%83%95%E3%82%A1%E3%82%A4%E3%83%96&format=jsonv2&limit=5&addressdetails=1&countrycodes=jp,no_name_prefecture_matched_candidate
jcsc_pdf,https://www.jcsc.or.jp/wpjcsc/wp-content/uploads/2026/05/35212d5b060e16d7f8db21681d51d151.pdf,21,left,愛媛県,西条市,,HAKATA Mist,"3,701",3701.0,2009年12月,2009.0,12.0,1.0,prefecture_inferred_from_municipality,愛媛県|hakatamist,33.89937571257485,133.12346959281436,,municipality_representative,low,,,HAKATA Mist 愛媛県 西条市 / HAKATA Mist 愛媛県 / HAKATA Mist,unresolved,,,,,https://nominatim.openstreetmap.org/search?q=HAKATA+Mist&format=jsonv2&limit=5&addressdetails=1&countrycodes=jp,no_name_prefecture_matched_candidate
jcsc_pdf,https://www.jcsc.or.jp/wpjcsc/wp-content/uploads/2026/05/35212d5b060e16d7f8db21681d51d151.pdf,8,left,千葉県,流山市,江東区,Esola池袋(エソラ池袋),"3,700",3700.0,2009年11月,2009.0,11.0,0.8333,prefecture_inferred_from_municipality,千葉県|esola池袋エソラ池袋,35.86814102238806,139.91512308208954,,municipality_representative,low,,,Esola池袋(エソラ池袋) 千葉県 流山市 / Esola池袋(エソラ池袋) 千葉県 / Esola池袋(エソラ池袋),unresolved,,,,,https://nominatim.openstreetmap.org/search?q=Esola%E6%B1%A0%E8%A2%8B%28%E3%82%A8%E3%82%BD%E3%83%A9%E6%B1%A0%E8%A2%8B%29&format=jsonv2&limit=5&addressdetails=1&countrycodes=jp,no_name_prefecture_matched_candidate
jcsc_pdf,https://www.jcsc.or.jp/wpjcsc/wp-content/uploads/2026/05/35212d5b060e16d7f8db21681d51d151.pdf,14,right,三重県,津市,,津CHUM(チャム),"3,700",3700.0,1973年3月,1973.0,3.0,0.75,,三重県|津chumチャム,34.71166455847953,136.46084855555554,,municipality_representative,low,,,津CHUM(チャム) 三重県 津市 / 津CHUM(チャム) 三重県 / 津CHUM(チャム),unresolved,,,,,https://nominatim.openstreetmap.org/search?q=%E6%B4%A5CHUM%28%E3%83%81%E3%83%A3%E3%83%A0%29&format=jsonv2&limit=5&addressdetails=1&countrycodes=jp,no_name_prefecture_matched_candidate
jcsc_pdf,https://www.jcsc.or.jp/wpjcsc/wp-content/uploads/2026/05/35212d5b060e16d7f8db21681d51d151.pdf,16,left,大阪府,吹田市,,江坂オッツ,3.664,3664.0,1991年10月,1991.0,10.0,0.8333,prefecture_inferred_from_municipality,大阪府|江坂オッツ,34.781405214659685,135.51888830890053,,municipality_representative,low,,,江坂オッツ 大阪府 吹田市 / 江坂オッツ 大阪府 / 江坂オッツ,unresolved,,,,,https://nominatim.openstreetmap.org/search?q=%E6%B1%9F%E5%9D%82%E3%82%AA%E3%83%83%E3%83%84&format=jsonv2&limit=5&addressdetails=1&countrycodes=jp,no_name_prefecture_matched_candidate
jcsc_pdf,https://www.jcsc.or.jp/wpjcsc/wp-content/uploads/2026/05/35212d5b060e16d7f8db21681d51d151.pdf,8,left,東京都,八王子市,,コピオ西八王子駅前,3.658,3658.0,2021年10月,2021.0,10.0,0.8333,,東京都|コピオ西八王子駅前,35.65387214070352,139.3297611809045,,municipality_representative,low,,,コピオ西八王子駅前 東京都 八王子市 / コピオ西八王子駅前 東京都 / コピオ西八王子駅前,unresolved,,,,,https://nominatim.openstreetmap.org/search?q=%E3%82%B3%E3%83%94%E3%82%AA%E8%A5%BF%E5%85%AB%E7%8E%8B%E5%AD%90%E9%A7%85%E5%89%8D&format=jsonv2&limit=5&addressdetails=1&countrycodes=jp,no_name_prefecture_matched_candidate
jcsc_pdf,https://www.jcsc.or.jp/wpjcsc/wp-content/uploads/2026/05/35212d5b060e16d7f8db21681d51d151.pdf,21,left,愛媛県,西条市,,コマーシャルモール博多,3.641,3641.0,2005年11月,2005.0,11.0,0.8333,prefecture_inferred_from_municipality,愛媛県|コマーシャルモール博多,33.89937571257485,133.12346959281436,,municipality_representative,low,,,コマーシャルモール博多 愛媛県 西条市 / コマーシャルモール博多 愛媛県 / コマーシャルモール博多,unresolved,,,,,https://nominatim.openstreetmap.org/search?q=%E3%82%B3%E3%83%9E%E3%83%BC%E3%82%B7%E3%83%A3%E3%83%AB%E3%83%A2%E3%83%BC%E3%83%AB%E5%8D%9A%E5%A4%9A&format=jsonv2&limit=5&addressdetails=1&countrycodes=jp,no_name_prefecture_matched_candidate
jcsc_pdf,https://www.jcsc.or.jp/wpjcsc/wp-content/uploads/2026/05/35212d5b060e16d7f8db21681d51d151.pdf,10,right,富山県,富山市,,電鉄宮山駅ビル エスタ,3.565,3565.0,1987年12月,1987.0,12.0,0.8333,,富山県|電鉄宮山駅ビルエスタ,36.6594965053681,137.20881503527607,,municipality_representative,low,,,電鉄宮山駅ビル エスタ 富山県 富山市 / 電鉄宮山駅ビル エスタ 富山県 / 電鉄宮山駅ビル エスタ,unresolved,,,,,https://nominatim.openstreetmap.org/search?q=%E9%9B%BB%E9%89%84%E5%AE%AE%E5%B1%B1%E9%A7%85%E3%83%93%E3%83%AB+%E3%82%A8%E3%82%B9%E3%82%BF&format=jsonv2&limit=5&addressdetails=1&countrycodes=jp,no_name_prefecture_matched_candidate
jcsc_pdf,https://www.jcsc.or.jp/wpjcsc/wp-content/uploads/2026/05/35212d5b060e16d7f8db21681d51d151.pdf,14,left,静岡県,静岡市葵区,天白区,PORT TOWN MYU(ポートタウンミュー),"3,469",3469.0,1995年11月,1995.0,11.0,1.0,prefecture_inferred_from_municipality,静岡県|porttownmyuポートタウンミュー,35.00736196509009,138.41285507657656,,municipality_representative,low,,,PORT TOWN MYU(ポートタウンミュー) 静岡県 静岡市葵区 / PORT TOWN MYU(ポートタウンミュー) 静岡県 / PORT TOWN MYU(ポートタウンミュー),unresolved,,,,,https://nominatim.openstreetmap.org/search?q=PORT+TOWN+MYU%28%E3%83%9D%E3%83%BC%E3%83%88%E3%82%BF%E3%82%A6%E3%83%B3%E3%83%9F%E3%83%A5%E3%83%BC%29&format=jsonv2&limit=5&addressdetails=1&countrycodes=jp,no_name_prefecture_matched_candidate
jcsc_pdf,https://www.jcsc.or.jp/wpjcsc/wp-content/uploads/2026/05/35212d5b060e16d7f8db21681d51d151.pdf,16,left,京都府,亀岡市,中央区,NAMBAなんなん,"3,452",3452.0,1957年12月,1957.0,12.0,0.875,,京都府|nambaなんなん,35.021998969303425,135.5607872798111,,municipality_representative,low,,,NAMBAなんなん 京都府 亀岡市 / NAMBAなんなん 京都府 / NAMBAなんなん,unresolved,,,,,https://nominatim.openstreetmap.org/search?q=NAMBA%E3%81%AA%E3%82%93%E3%81%AA%E3%82%93&format=jsonv2&limit=5&addressdetails=1&countrycodes=jp,no_name_prefecture_matched_candidate
jcsc_pdf,https://www.jcsc.or.jp/wpjcsc/wp-content/uploads/2026/05/35212d5b060e16d7f8db21681d51d151.pdf,18,left,奈良県,橿原市,,ヤマトー八木店,3.442,3442.0,1973年6月,1973.0,6.0,0.75,prefecture_inferred_from_municipality,奈良県|ヤマトー八木店,34.50141093913043,135.79138593043479,,municipality_representative,low,,,ヤマトー八木店 奈良県 橿原市 / ヤマトー八木店 奈良県 / ヤマトー八木店,unresolved,,,,,https://nominatim.openstreetmap.org/search?q=%E3%83%A4%E3%83%9E%E3%83%88%E3%83%BC%E5%85%AB%E6%9C%A8%E5%BA%97&format=jsonv2&limit=5&addressdetails=1&countrycodes=jp,no_name_prefecture_matched_candidate
jcsc_pdf,https://www.jcsc.or.jp/wpjcsc/wp-content/uploads/2026/05/35212d5b060e16d7f8db21681d51d151.pdf,16,right,大阪府,門真市,,コア古川橋,3.426,3426.0,1986年9月,1986.0,9.0,0.7667,prefecture_inferred_from_municipality,大阪府|コア古川橋,34.733592379310345,135.60040022988505,,municipality_representative,low,,,コア古川橋 大阪府 門真市 / コア古川橋 大阪府 / コア古川橋,unresolved,,,,,https://nominatim.openstreetmap.org/search?q=%E3%82%B3%E3%82%A2%E5%8F%A4%E5%B7%9D%E6%A9%8B&format=jsonv2&limit=5&addressdetails=1&countrycodes=jp,no_name_prefecture_matched_candidate
jcsc_pdf,https://www.jcsc.or.jp/wpjcsc/wp-content/uploads/2026/05/35212d5b060e16d7f8db21681d51d151.pdf,13,right,愛知県,豊田市,,増田第一共同ショッピングセンター,"3,409",3409.0,1981年11月,1981.0,11.0,1.0,,愛知県|増田第一共同ショッピングセンター,35.09519359936084,137.17775728617084,,municipality_representative,low,,,増田第一共同ショッピングセンター 愛知県 豊田市 / 増田第一共同ショッピングセンター 愛知県 / 増田第一共同ショッピングセンター,unresolved,,,,,https://nominatim.openstreetmap.org/search?q=%E5%A2%97%E7%94%B0%E7%AC%AC%E4%B8%80%E5%85%B1%E5%90%8C%E3%82%B7%E3%83%A7%E3%83%83%E3%83%94%E3%83%B3%E3%82%B0%E3%82%BB%E3%83%B3%E3%82%BF%E3%83%BC&format=jsonv2&limit=5&addressdetails=1&countrycodes=jp,no_name_prefecture_matched_candidate
jcsc_pdf,https://www.jcsc.or.jp/wpjcsc/wp-content/uploads/2026/05/35212d5b060e16d7f8db21681d51d151.pdf,15,left,京都府,京都市下京区,下京区,LAQUE 四条烏丸(ラクエ四条烏丸),"3,389",3389.0,2010年11月,2010.0,11.0,0.8333,,京都府|laque四条烏丸ラクエ四条烏丸,34.995080835117776,135.75542702783724,,municipality_representative,low,,,LAQUE 四条烏丸(ラクエ四条烏丸) 京都府 京都市下京区 / LAQUE 四条烏丸(ラクエ四条烏丸) 京都府 / LAQUE 四条烏丸(ラクエ四条烏丸),unresolved,,,,,https://nominatim.openstreetmap.org/search?q=LAQUE+%E5%9B%9B%E6%9D%A1%E7%83%8F%E4%B8%B8%28%E3%83%A9%E3%82%AF%E3%82%A8%E5%9B%9B%E6%9D%A1%E7%83%8F%E4%B8%B8%29&format=jsonv2&limit=5&addressdetails=1&countrycodes=jp,no_name_prefecture_matched_candidate
jcsc_pdf,https://www.jcsc.or.jp/wpjcsc/wp-content/uploads/2026/05/35212d5b060e16d7f8db21681d51d151.pdf,12,left,岐阜県,各務原市,,平和堂うぬま店,3.382,3382.0,1995年7月,1995.0,7.0,0.7,,岐阜県|平和堂うぬま店,35.403790293674696,136.87043232228916,,municipality_representative,low,,,平和堂うぬま店 岐阜県 各務原市 / 平和堂うぬま店 岐阜県 / 平和堂うぬま店,unresolved,,,,,https://nominatim.openstreetmap.org/search?q=%E5%B9%B3%E5%92%8C%E5%A0%82%E3%81%86%E3%81%AC%E3%81%BE%E5%BA%97&format=jsonv2&limit=5&addressdetails=1&countrycodes=jp,no_name_prefecture_matched_candidate
jcsc_pdf,https://www.jcsc.or.jp/wpjcsc/wp-content/uploads/2026/05/35212d5b060e16d7f8db21681d51d151.pdf,9,right,東京都,多摩市,港南区,camio (カミオ),"3,374",3374.0,2003年12月,2003.0,12.0,0.8333,,東京都|camioカミオ,35.62921686516854,139.44035108988766,,municipality_representative,low,,,camio (カミオ) 東京都 多摩市 / camio (カミオ) 東京都 / camio (カミオ),unresolved,,,,,https://nominatim.openstreetmap.org/search?q=camio+%28%E3%82%AB%E3%83%9F%E3%82%AA%29&format=jsonv2&limit=5&addressdetails=1&countrycodes=jp,no_name_prefecture_matched_candidate
jcsc_pdf,https://www.jcsc.or.jp/wpjcsc/wp-content/uploads/2026/05/35212d5b060e16d7f8db21681d51d151.pdf,8,right,東京都,武蔵野市,,アトレヴィ三無,3.340,3340.0,2014年10月,2014.0,10.0,0.7667,,東京都|アトレヴィ三無,35.708163039215684,139.56124107843138,,municipality_representative,low,,,アトレヴィ三無 東京都 武蔵野市 / アトレヴィ三無 東京都 / アトレヴィ三無,unresolved,,,,,https://nominatim.openstreetmap.org/search?q=%E3%82%A2%E3%83%88%E3%83%AC%E3%83%B4%E3%82%A3%E4%B8%89%E7%84%A1&format=jsonv2&limit=5&addressdetails=1&countrycodes=jp,no_name_prefecture_matched_candidate
jcsc_pdf,https://www.jcsc.or.jp/wpjcsc/wp-content/uploads/2026/05/35212d5b060e16d7f8db21681d51d151.pdf,16,right,大阪府,大阪市北区,北区,泉大津),"3,300",3300.0,2017年3月,2017.0,3.0,0.8333,municipality_missing,京都府|泉大津,34.704387178861786,135.50393925203252,,municipality_representative,low,,municipality_alias,泉大津) 大阪府,added,泉大津,"泉大津, 堺阪南線, 田中町, 泉大津市, 大阪府, 595-0026, 日本",34.5032417,135.4066417,https://nominatim.openstreetmap.org/search?q=%E6%B3%89%E5%A4%A7%E6%B4%A5%29+%E5%A4%A7%E9%98%AA%E5%BA%9C&format=jsonv2&limit=5&addressdetails=1&countrycodes=jp,
jcsc_pdf,https://www.jcsc.or.jp/wpjcsc/wp-content/uploads/2026/05/35212d5b060e16d7f8db21681d51d151.pdf,9,right,東京都,多摩市,泉区,相鉄ライフ緑園都市,"3,280",3280.0,1989年5月,1989.0,5.0,0.7,,東京都|相鉄ライフ緑園都市,35.62921686516854,139.44035108988766,,municipality_representative,low,,,相鉄ライフ緑園都市 東京都 多摩市 / 相鉄ライフ緑園都市 東京都 / 相鉄ライフ緑園都市,unresolved,,,,,https://nominatim.openstreetmap.org/search?q=%E7%9B%B8%E9%89%84%E3%83%A9%E3%82%A4%E3%83%95%E7%B7%91%E5%9C%92%E9%83%BD%E5%B8%82&format=jsonv2&limit=5&addressdetails=1&countrycodes=jp,no_name_prefecture_matched_candidate
jcsc_pdf,https://www.jcsc.or.jp/wpjcsc/wp-content/uploads/2026/05/35212d5b060e16d7f8db21681d51d151.pdf,7,left,千葉県,流山市,文京区,メトロ・エム後楽園,3.275,3275.0,1994年4月,1994.0,4.0,0.875,prefecture_inferred_from_municipality,千葉県|メトロエム後楽園,35.86814102238806,139.91512308208954,,municipality_representative,low,,,メトロ・エム後楽園 千葉県 流山市 / メトロ・エム後楽園 千葉県 / メトロ・エム後楽園,unresolved,,,,,https://nominatim.openstreetmap.org/search?q=%E3%83%A1%E3%83%88%E3%83%AD%E3%83%BB%E3%82%A8%E3%83%A0%E5%BE%8C%E6%A5%BD%E5%9C%92&format=jsonv2&limit=5&addressdetails=1&countrycodes=jp,no_name_prefecture_matched_candidate
jcsc_pdf,https://www.jcsc.or.jp/wpjcsc/wp-content/uploads/2026/05/35212d5b060e16d7f8db21681d51d151.pdf,10,right,神奈川県,座間市,,小田急マルシェ相武台,3.252,3252.0,2013年7月,2013.0,7.0,0.8333,prefecture_inferred_from_municipality,神奈川県|小田急マルシェ相武台,35.48659204477612,139.41362159701492,,municipality_representative,low,,,小田急マルシェ相武台 神奈川県 座間市 / 小田急マルシェ相武台 神奈川県 / 小田急マルシェ相武台,unresolved,,,,,https://nominatim.openstreetmap.org/search?q=%E5%B0%8F%E7%94%B0%E6%80%A5%E3%83%9E%E3%83%AB%E3%82%B7%E3%82%A7%E7%9B%B8%E6%AD%A6%E5%8F%B0&format=jsonv2&limit=5&addressdetails=1&countrycodes=jp,no_name_prefecture_matched_candidate
jcsc_pdf,https://www.jcsc.or.jp/wpjcsc/wp-content/uploads/2026/05/35212d5b060e16d7f8db21681d51d151.pdf,7,right,東京都,大田区,大田区,羽田空港第3旅客ターミナルビル (E・DO MARKET PLACE(エドマーケットプレイス)),"3,250",3250.0,2010年10月,2010.0,10.0,1.0,municipality_missing,東京都|羽田空港第3旅客ターミナルビルedomarketplaceエドマーケットプレイス,35.573614875000004,139.71817337962963,,municipality_representative,low,,,羽田空港第3旅客ターミナルビル (E・DO MARKET PLACE(エドマーケットプレイス)) 東京都 大田区 / 羽田空港第3旅客ターミナルビル (E・DO MARKET PLACE(エドマーケットプレイス)) 東京都 / 羽田空港第3旅客ターミナルビル (E・DO MARKET PLACE(エドマーケットプレイス)),unresolved,,,,,https://nominatim.openstreetmap.org/search?q=%E7%BE%BD%E7%94%B0%E7%A9%BA%E6%B8%AF%E7%AC%AC3%E6%97%85%E5%AE%A2%E3%82%BF%E3%83%BC%E3%83%9F%E3%83%8A%E3%83%AB%E3%83%93%E3%83%AB+%28E%E3%83%BBDO+MARKET+PLACE%28%E3%82%A8%E3%83%89%E3%83%9E%E3%83%BC%E3%82%B1%E3%83%83%E3%83%88%E3%83%97%E3%83%AC%E3%82%A4%E3%82%B9%29%29&format=jsonv2&limit=5&addressdetails=1&countrycodes=jp,no_name_prefecture_matched_candidate
jcsc_pdf,https://www.jcsc.or.jp/wpjcsc/wp-content/uploads/2026/05/35212d5b060e16d7f8db21681d51d151.pdf,20,left,愛媛県,松山市,,愛 媛 県 AVA(アヴァ),"3,224",3224.0,1979年11月,1979.0,11.0,0.6286,prefecture_inferred_from_municipality,愛媛県|愛媛県avaアヴァ,33.85541923146747,132.76630679122542,,municipality_representative,low,,,愛 媛 県 AVA(アヴァ) 愛媛県 松山市 / 愛 媛 県 AVA(アヴァ) 愛媛県 / 愛 媛 県 AVA(アヴァ),unresolved,,,,,https://nominatim.openstreetmap.org/search?q=%E6%84%9B+%E5%AA%9B+%E7%9C%8C+AVA%28%E3%82%A2%E3%83%B4%E3%82%A1%29&format=jsonv2&limit=5&addressdetails=1&countrycodes=jp,no_name_prefecture_matched_candidate
jcsc_pdf,https://www.jcsc.or.jp/wpjcsc/wp-content/uploads/2026/05/35212d5b060e16d7f8db21681d51d151.pdf,7,left,千葉県,流山市,港区,虎ノ門ヒルズビジネスタワー,"3,216",3216.0,2020年6月,2020.0,6.0,1.0,prefecture_inferred_from_municipality,千葉県|虎ノ門ヒルズビジネスタワー,35.86814102238806,139.91512308208954,,municipality_representative,low,,,虎ノ門ヒルズビジネスタワー 千葉県 流山市 / 虎ノ門ヒルズビジネスタワー 千葉県 / 虎ノ門ヒルズビジネスタワー,unresolved,,,,,https://nominatim.openstreetmap.org/search?q=%E8%99%8E%E3%83%8E%E9%96%80%E3%83%92%E3%83%AB%E3%82%BA%E3%83%93%E3%82%B8%E3%83%8D%E3%82%B9%E3%82%BF%E3%83%AF%E3%83%BC&format=jsonv2&limit=5&addressdetails=1&countrycodes=jp,no_name_prefecture_matched_candidate
jcsc_pdf,https://www.jcsc.or.jp/wpjcsc/wp-content/uploads/2026/05/35212d5b060e16d7f8db21681d51d151.pdf,6,right,東京都,千代田区,千代田区,AKIBA TOLIM(アキバ トリム),"3,200",3200.0,2008年4月,2008.0,4.0,0.8333,municipality_missing,東京都|akibatolimアキバトリム,35.69180986086956,139.75971808695652,,municipality_representative,low,,,AKIBA TOLIM(アキバ トリム) 東京都 千代田区 / AKIBA TOLIM(アキバ トリム) 東京都 / AKIBA TOLIM(アキバ トリム),unresolved,,,,,https://nominatim.openstreetmap.org/search?q=AKIBA+TOLIM%28%E3%82%A2%E3%82%AD%E3%83%90+%E3%83%88%E3%83%AA%E3%83%A0%29&format=jsonv2&limit=5&addressdetails=1&countrycodes=jp,no_name_prefecture_matched_candidate
jcsc_pdf,https://www.jcsc.or.jp/wpjcsc/wp-content/uploads/2026/05/35212d5b060e16d7f8db21681d51d151.pdf,13,right,愛知県,一宮市,,アスティー営,"3,200",3200.0,2012年11月,2012.0,11.0,0.8333,,愛知県|アスティー営,35.31081304335951,136.7965661847047,,municipality_representative,low,,,アスティー営 愛知県 一宮市 / アスティー営 愛知県 / アスティー営,unresolved,,,,,https://nominatim.openstreetmap.org/search?q=%E3%82%A2%E3%82%B9%E3%83%86%E3%82%A3%E3%83%BC%E5%96%B6&format=jsonv2&limit=5&addressdetails=1&countrycodes=jp,no_name_prefecture_matched_candidate
jcsc_pdf,https://www.jcsc.or.jp/wpjcsc/wp-content/uploads/2026/05/35212d5b060e16d7f8db21681d51d151.pdf,21,left,福岡県,飯塚市,,I.town,3.191,3191.0,2003年11月,2003.0,11.0,0.8333,prefecture_inferred_from_municipality,福岡県|itown,33.6294126122449,130.67982794897958,,municipality_representative,low,,,I.town 福岡県 飯塚市 / I.town 福岡県 / I.town,unresolved,,,,,https://nominatim.openstreetmap.org/search?q=I.town&format=jsonv2&limit=5&addressdetails=1&countrycodes=jp,no_name_prefecture_matched_candidate
jcsc_pdf,https://www.jcsc.or.jp/wpjcsc/wp-content/uploads/2026/05/35212d5b060e16d7f8db21681d51d151.pdf,19,right,山口県,岩国市,,フジ南岩国店,"3,120",3120.0,2004年3月,2004.0,3.0,0.7667,,山口県|フジ南岩国店,34.14583875737705,132.15968125245902,,municipality_representative,low,,,フジ南岩国店 山口県 岩国市 / フジ南岩国店 山口県 / フジ南岩国店,unresolved,,,,,https://nominatim.openstreetmap.org/search?q=%E3%83%95%E3%82%B8%E5%8D%97%E5%B2%A9%E5%9B%BD%E5%BA%97&format=jsonv2&limit=5&addressdetails=1&countrycodes=jp,no_name_prefecture_matched_candidate
jcsc_pdf,https://www.jcsc.or.jp/wpjcsc/wp-content/uploads/2026/05/35212d5b060e16d7f8db21681d51d151.pdf,7,right,東京都,渋谷区,渋谷区,しぶちかショッピングロード,"3,095",3095.0,1957年12月,1957.0,12.0,0.875,municipality_missing,東京都|しぶちかショッピングロード,35.6654809125,139.6970510125,,municipality_representative,low,,,しぶちかショッピングロード 東京都 渋谷区 / しぶちかショッピングロード 東京都 / しぶちかショッピングロード,unresolved,,,,,https://nominatim.openstreetmap.org/search?q=%E3%81%97%E3%81%B6%E3%81%A1%E3%81%8B%E3%82%B7%E3%83%A7%E3%83%83%E3%83%94%E3%83%B3%E3%82%B0%E3%83%AD%E3%83%BC%E3%83%89&format=jsonv2&limit=5&addressdetails=1&countrycodes=jp,no_name_prefecture_matched_candidate
jcsc_pdf,https://www.jcsc.or.jp/wpjcsc/wp-content/uploads/2026/05/35212d5b060e16d7f8db21681d51d151.pdf,22,right,宮崎県,宮崎市,,MRT micc (エムアールティーミック),3.094,3094.0,1984年9月,1984.0,9.0,1.0,,宮崎県|mrtmiccエムアールティーミック,31.91123214317181,131.41561006167402,,municipality_representative,low,,,MRT micc (エムアールティーミック) 宮崎県 宮崎市 / MRT micc (エムアールティーミック) 宮崎県 / MRT micc (エムアールティーミック),unresolved,,,,,https://nominatim.openstreetmap.org/search?q=MRT+micc+%28%E3%82%A8%E3%83%A0%E3%82%A2%E3%83%BC%E3%83%AB%E3%83%86%E3%82%A3%E3%83%BC%E3%83%9F%E3%83%83%E3%82%AF%29&format=jsonv2&limit=5&addressdetails=1&countrycodes=jp,no_name_prefecture_matched_candidate
jcsc_pdf,https://www.jcsc.or.jp/wpjcsc/wp-content/uploads/2026/05/35212d5b060e16d7f8db21681d51d151.pdf,8,left,千葉県,流山市,荒川区,べるぽーと汐入東館,"3,073",3073.0,2000年10月,2000.0,10.0,0.7667,prefecture_inferred_from_municipality,千葉県|べるぽーと汐入東館,35.86814102238806,139.91512308208954,,municipality_representative,low,,,べるぽーと汐入東館 千葉県 流山市 / べるぽーと汐入東館 千葉県 / べるぽーと汐入東館,unresolved,,,,,https://nominatim.openstreetmap.org/search?q=%E3%81%B9%E3%82%8B%E3%81%BD%E3%83%BC%E3%81%A8%E6%B1%90%E5%85%A5%E6%9D%B1%E9%A4%A8&format=jsonv2&limit=5&addressdetails=1&countrycodes=jp,no_name_prefecture_matched_candidate
jcsc_pdf,https://www.jcsc.or.jp/wpjcsc/wp-content/uploads/2026/05/35212d5b060e16d7f8db21681d51d151.pdf,8,left,東京都,八王子市,,アクロスプラザハ王子大船,"3,065",3065.0,2017年4月,2017.0,4.0,0.8333,,東京都|アクロスプラザハ王子大船,35.65387214070352,139.3297611809045,,municipality_representative,low,,,アクロスプラザハ王子大船 東京都 八王子市 / アクロスプラザハ王子大船 東京都 / アクロスプラザハ王子大船,unresolved,,,,,https://nominatim.openstreetmap.org/search?q=%E3%82%A2%E3%82%AF%E3%83%AD%E3%82%B9%E3%83%97%E3%83%A9%E3%82%B6%E3%83%8F%E7%8E%8B%E5%AD%90%E5%A4%A7%E8%88%B9&format=jsonv2&limit=5&addressdetails=1&countrycodes=jp,no_name_prefecture_matched_candidate
jcsc_pdf,https://www.jcsc.or.jp/wpjcsc/wp-content/uploads/2026/05/35212d5b060e16d7f8db21681d51d151.pdf,21,right,佐賀県,小城市,,ショッピングプラザ セリオ,"3,055",3055.0,1995年11月,1995.0,11.0,0.875,,佐賀県|ショッピングプラザセリオ,33.26613719354838,130.2051288064516,,municipality_representative,low,,,ショッピングプラザ セリオ 佐賀県 小城市 / ショッピングプラザ セリオ 佐賀県 / ショッピングプラザ セリオ,unresolved,,,,,https://nominatim.openstreetmap.org/search?q=%E3%82%B7%E3%83%A7%E3%83%83%E3%83%94%E3%83%B3%E3%82%B0%E3%83%97%E3%83%A9%E3%82%B6+%E3%82%BB%E3%83%AA%E3%82%AA&format=jsonv2&limit=5&addressdetails=1&countrycodes=jp,no_name_prefecture_matched_candidate
jcsc_pdf,https://www.jcsc.or.jp/wpjcsc/wp-content/uploads/2026/05/35212d5b060e16d7f8db21681d51d151.pdf,7,right,東京都,目黒区,目黒区,メルサ自由が丘店(PART1、PART2),"3,042",3042.0,1989年6月,1989.0,6.0,0.8333,municipality_missing,東京都|メルサ自由が丘店part1part2,35.62976767045455,139.6890967840909,,municipality_representative,low,,,メルサ自由が丘店(PART1、PART2) 東京都 目黒区 / メルサ自由が丘店(PART1、PART2) 東京都 / メルサ自由が丘店(PART1、PART2),unresolved,,,,,https://nominatim.openstreetmap.org/search?q=%E3%83%A1%E3%83%AB%E3%82%B5%E8%87%AA%E7%94%B1%E3%81%8C%E4%B8%98%E5%BA%97%28PART1%E3%80%81PART2%29&format=jsonv2&limit=5&addressdetails=1&countrycodes=jp,no_name_prefecture_matched_candidate
jcsc_pdf,https://www.jcsc.or.jp/wpjcsc/wp-content/uploads/2026/05/35212d5b060e16d7f8db21681d51d151.pdf,5,left,埼玉県,志木市,,ヴェルモ志木,"3,040",3040.0,2014年12月,2014.0,12.0,0.75,prefecture_inferred_from_municipality,埼玉県|ヴェルモ志木,35.83397066666667,139.57915493939393,,municipality_representative,low,,,ヴェルモ志木 埼玉県 志木市 / ヴェルモ志木 埼玉県 / ヴェルモ志木,unresolved,,,,,https://nominatim.openstreetmap.org/search?q=%E3%83%B4%E3%82%A7%E3%83%AB%E3%83%A2%E5%BF%97%E6%9C%A8&format=jsonv2&limit=5&addressdetails=1&countrycodes=jp,no_name_prefecture_matched_candidate
jcsc_pdf,https://www.jcsc.or.jp/wpjcsc/wp-content/uploads/2026/05/35212d5b060e16d7f8db21681d51d151.pdf,17,left,兵庫県,神戸市中央区,中央区,メトロこうべ,3.024,3024.0,1968年9月,1968.0,9.0,0.8333,prefecture_inferred_from_municipality,兵庫県|メトロこうべ,34.69440958839779,135.19806651933703,,municipality_representative,low,,,メトロこうべ 兵庫県,added,メトロこうべ,"メトロこうべ, 国道28号, 西多聞通一丁目, 兵庫区, 神戸市, 兵庫県, 652-0811, 日本",34.6783970,135.1728818,https://nominatim.openstreetmap.org/search?q=%E3%83%A1%E3%83%88%E3%83%AD%E3%81%93%E3%81%86%E3%81%B9+%E5%85%B5%E5%BA%AB%E7%9C%8C&format=jsonv2&limit=5&addressdetails=1&countrycodes=jp,
jcsc_pdf,https://www.jcsc.or.jp/wpjcsc/wp-content/uploads/2026/05/35212d5b060e16d7f8db21681d51d151.pdf,7,right,東京都,杉並区,杉並区,京王リトナード永福町,"3,020",3020.0,2011年3月,2011.0,3.0,0.7667,municipality_missing,東京都|京王リトナード永福町,35.69885069064748,139.6239583381295,,municipality_representative,low,,,京王リトナード永福町 東京都 杉並区 / 京王リトナード永福町 東京都 / 京王リトナード永福町,unresolved,,,,,https://nominatim.openstreetmap.org/search?q=%E4%BA%AC%E7%8E%8B%E3%83%AA%E3%83%88%E3%83%8A%E3%83%BC%E3%83%89%E6%B0%B8%E7%A6%8F%E7%94%BA&format=jsonv2&limit=5&addressdetails=1&countrycodes=jp,no_name_prefecture_matched_candidate
jcsc_pdf,https://www.jcsc.or.jp/wpjcsc/wp-content/uploads/2026/05/35212d5b060e16d7f8db21681d51d151.pdf,12,right,静岡県,掛川市,,大東ショッピングプラザ ピア,"3,005",3005.0,1987年12月,1987.0,12.0,0.75,prefecture_inferred_from_municipality,静岡県|大東ショッピングプラザピア,34.76769856830601,138.01602375409834,,municipality_representative,low,,,大東ショッピングプラザ ピア 静岡県 掛川市 / 大東ショッピングプラザ ピア 静岡県 / 大東ショッピングプラザ ピア,unresolved,,,,,https://nominatim.openstreetmap.org/search?q=%E5%A4%A7%E6%9D%B1%E3%82%B7%E3%83%A7%E3%83%83%E3%83%94%E3%83%B3%E3%82%B0%E3%83%97%E3%83%A9%E3%82%B6+%E3%83%94%E3%82%A2&format=jsonv2&limit=5&addressdetails=1&countrycodes=jp,no_name_prefecture_matched_candidate
jcsc_pdf,https://www.jcsc.or.jp/wpjcsc/wp-content/uploads/2026/05/35212d5b060e16d7f8db21681d51d151.pdf,16,left,京都府,亀岡市,,NU chayamachiプラス(ヌー茶屋町プラス),"3,000",3000.0,2011年4月,2011.0,4.0,0.8333,,京都府|nuchayamachiプラスヌー茶屋町プラス,35.021998969303425,135.5607872798111,,municipality_representative,low,,,NU chayamachiプラス(ヌー茶屋町プラス) 京都府 亀岡市 / NU chayamachiプラス(ヌー茶屋町プラス) 京都府 / NU chayamachiプラス(ヌー茶屋町プラス),unresolved,,,,,https://nominatim.openstreetmap.org/search?q=NU+chayamachi%E3%83%97%E3%83%A9%E3%82%B9%28%E3%83%8C%E3%83%BC%E8%8C%B6%E5%B1%8B%E7%94%BA%E3%83%97%E3%83%A9%E3%82%B9%29&format=jsonv2&limit=5&addressdetails=1&countrycodes=jp,no_name_prefecture_matched_candidate
jcsc_pdf,https://www.jcsc.or.jp/wpjcsc/wp-content/uploads/2026/05/35212d5b060e16d7f8db21681d51d151.pdf,9,right,東京都,多摩市,,モレラ東戸塚,"2,995",2995.0,2009年3月,2009.0,3.0,0.8333,,東京都|モレラ東戸塚,35.62921686516854,139.44035108988766,,municipality_representative,low,,,モレラ東戸塚 東京都 多摩市 / モレラ東戸塚 東京都 / モレラ東戸塚,unresolved,,,,,https://nominatim.openstreetmap.org/search?q=%E3%83%A2%E3%83%AC%E3%83%A9%E6%9D%B1%E6%88%B8%E5%A1%9A&format=jsonv2&limit=5&addressdetails=1&countrycodes=jp,no_name_prefecture_matched_candidate
jcsc_pdf,https://www.jcsc.or.jp/wpjcsc/wp-content/uploads/2026/05/35212d5b060e16d7f8db21681d51d151.pdf,21,left,福岡県,久留米市,,フェスティバルガーデン上津,2.955,2955.0,2018年8月,2018.0,8.0,1.0,prefecture_inferred_from_municipality,福岡県|フェスティバルガーデン上津,33.30975351452282,130.54165461825727,,municipality_representative,low,,,フェスティバルガーデン上津 福岡県 久留米市 / フェスティバルガーデン上津 福岡県 / フェスティバルガーデン上津,unresolved,,,,,https://nominatim.openstreetmap.org/search?q=%E3%83%95%E3%82%A7%E3%82%B9%E3%83%86%E3%82%A3%E3%83%90%E3%83%AB%E3%82%AC%E3%83%BC%E3%83%87%E3%83%B3%E4%B8%8A%E6%B4%A5&format=jsonv2&limit=5&addressdetails=1&countrycodes=jp,no_name_prefecture_matched_candidate
jcsc_pdf,https://www.jcsc.or.jp/wpjcsc/wp-content/uploads/2026/05/35212d5b060e16d7f8db21681d51d151.pdf,15,right,大阪府,大阪市都島区,,関西スーパー内代店,2.937,2937.0,1992年10月,1992.0,10.0,0.8333,municipality_missing,京都府|関西スーパー内代店,34.70982272340426,135.52888176595744,,municipality_representative,low,,municipality_alias,関西スーパー内代店 大阪府 大阪市都島区,added,関西スーパー,"関西スーパー, 阪神高速2号淀川左岸線, 古市一丁目, 城東区, 大阪市, 大阪府, 534-0013, 日本",34.7074557,135.5562342,https://nominatim.openstreetmap.org/search?q=%E9%96%A2%E8%A5%BF%E3%82%B9%E3%83%BC%E3%83%91%E3%83%BC%E5%86%85%E4%BB%A3%E5%BA%97+%E5%A4%A7%E9%98%AA%E5%BA%9C+%E5%A4%A7%E9%98%AA%E5%B8%82%E9%83%BD%E5%B3%B6%E5%8C%BA&format=jsonv2&limit=5&addressdetails=1&countrycodes=jp,
jcsc_pdf,https://www.jcsc.or.jp/wpjcsc/wp-content/uploads/2026/05/35212d5b060e16d7f8db21681d51d151.pdf,6,right,東京都,千代田区,千代田区,アトレ秋薬原1,2.928,2928.0,2010年11月,2010.0,11.0,0.7667,municipality_missing,東京都|アトレ秋薬原1,35.69180986086956,139.75971808695652,,municipality_representative,low,,,アトレ秋薬原1 東京都 千代田区 / アトレ秋薬原1 東京都 / アトレ秋薬原1,unresolved,,,,,https://nominatim.openstreetmap.org/search?q=%E3%82%A2%E3%83%88%E3%83%AC%E7%A7%8B%E8%96%AC%E5%8E%9F1&format=jsonv2&limit=5&addressdetails=1&countrycodes=jp,no_name_prefecture_matched_candidate
jcsc_pdf,https://www.jcsc.or.jp/wpjcsc/wp-content/uploads/2026/05/35212d5b060e16d7f8db21681d51d151.pdf,17,left,兵庫県,神戸市兵庫区,兵庫区,ハートフルみなとがわ,"2,928",2928.0,2000年4月,2000.0,4.0,0.8333,prefecture_inferred_from_municipality,兵庫県|ハートフルみなとがわ,34.67311970967742,135.1665324451613,,municipality_representative,low,,,ハートフルみなとがわ 兵庫県 神戸市兵庫区 / ハートフルみなとがわ 兵庫県 / ハートフルみなとがわ,unresolved,,,,,https://nominatim.openstreetmap.org/search?q=%E3%83%8F%E3%83%BC%E3%83%88%E3%83%95%E3%83%AB%E3%81%BF%E3%81%AA%E3%81%A8%E3%81%8C%E3%82%8F&format=jsonv2&limit=5&addressdetails=1&countrycodes=jp,no_name_prefecture_matched_candidate
jcsc_pdf,https://www.jcsc.or.jp/wpjcsc/wp-content/uploads/2026/05/35212d5b060e16d7f8db21681d51d151.pdf,7,left,千葉県,流山市,墨田区,テルミナ2,2.916,2916.0,1980年5月,1980.0,5.0,0.8333,prefecture_inferred_from_municipality,千葉県|テルミナ2,35.86814102238806,139.91512308208954,,municipality_representative,low,,,テルミナ2 千葉県 流山市 / テルミナ2 千葉県 / テルミナ2,unresolved,,,,,https://nominatim.openstreetmap.org/search?q=%E3%83%86%E3%83%AB%E3%83%9F%E3%83%8A2&format=jsonv2&limit=5&addressdetails=1&countrycodes=jp,no_name_prefecture_matched_candidate
jcsc_pdf,https://www.jcsc.or.jp/wpjcsc/wp-content/uploads/2026/05/35212d5b060e16d7f8db21681d51d151.pdf,9,right,東京都,多摩市,泉区,いずみ中央相鉄ライフ,2.881,2881.0,1993年4月,1993.0,4.0,0.8333,,東京都|いずみ中央相鉄ライフ,35.62921686516854,139.44035108988766,,municipality_representative,low,,,いずみ中央相鉄ライフ 東京都 多摩市 / いずみ中央相鉄ライフ 東京都 / いずみ中央相鉄ライフ,unresolved,,,,,https://nominatim.openstreetmap.org/search?q=%E3%81%84%E3%81%9A%E3%81%BF%E4%B8%AD%E5%A4%AE%E7%9B%B8%E9%89%84%E3%83%A9%E3%82%A4%E3%83%95&format=jsonv2&limit=5&addressdetails=1&countrycodes=jp,no_name_prefecture_matched_candidate
jcsc_pdf,https://www.jcsc.or.jp/wpjcsc/wp-content/uploads/2026/05/35212d5b060e16d7f8db21681d51d151.pdf,12,left,岐阜県,下呂市,,下呂ショッピングセンタービア,"2,853",2853.0,1987年4月,1987.0,4.0,0.875,,岐阜県|下呂ショッピングセンタービア,35.8191846,137.216384575,,municipality_representative,low,,,下呂ショッピングセンタービア 岐阜県 下呂市 / 下呂ショッピングセンタービア 岐阜県 / 下呂ショッピングセンタービア,unresolved,,,,,https://nominatim.openstreetmap.org/search?q=%E4%B8%8B%E5%91%82%E3%82%B7%E3%83%A7%E3%83%83%E3%83%94%E3%83%B3%E3%82%B0%E3%82%BB%E3%83%B3%E3%82%BF%E3%83%BC%E3%83%93%E3%82%A2&format=jsonv2&limit=5&addressdetails=1&countrycodes=jp,no_name_prefecture_matched_candidate
jcsc_pdf,https://www.jcsc.or.jp/wpjcsc/wp-content/uploads/2026/05/35212d5b060e16d7f8db21681d51d151.pdf,17,left,兵庫県,神戸市垂水区,垂水区,プリコ垂水,"2,847",2847.0,1967年7月,1967.0,7.0,0.7667,prefecture_inferred_from_municipality,兵庫県|プリコ垂水,34.64633677441077,135.05667233333332,,municipality_representative,low,,,プリコ垂水 兵庫県 神戸市垂水区,added,プリコ垂水西館,"プリコ垂水西館, 垂水停車場線, 宮本町, 垂水区, 神戸市, 兵庫県, 655-0027, 日本",34.6292127,135.0528593,https://nominatim.openstreetmap.org/search?q=%E3%83%97%E3%83%AA%E3%82%B3%E5%9E%82%E6%B0%B4+%E5%85%B5%E5%BA%AB%E7%9C%8C+%E7%A5%9E%E6%88%B8%E5%B8%82%E5%9E%82%E6%B0%B4%E5%8C%BA&format=jsonv2&limit=5&addressdetails=1&countrycodes=jp,
jcsc_pdf,https://www.jcsc.or.jp/wpjcsc/wp-content/uploads/2026/05/35212d5b060e16d7f8db21681d51d151.pdf,8,left,千葉県,流山市,北区,赤羽バルロード2・ビビオ,"2,843",2843.0,1995年11月,1995.0,11.0,0.8333,prefecture_inferred_from_municipality,千葉県|赤羽バルロード2ビビオ,35.86814102238806,139.91512308208954,,municipality_representative,low,,,赤羽バルロード2・ビビオ 千葉県 流山市 / 赤羽バルロード2・ビビオ 千葉県 / 赤羽バルロード2・ビビオ,unresolved,,,,,https://nominatim.openstreetmap.org/search?q=%E8%B5%A4%E7%BE%BD%E3%83%90%E3%83%AB%E3%83%AD%E3%83%BC%E3%83%892%E3%83%BB%E3%83%93%E3%83%93%E3%82%AA&format=jsonv2&limit=5&addressdetails=1&countrycodes=jp,no_name_prefecture_matched_candidate
jcsc_pdf,https://www.jcsc.or.jp/wpjcsc/wp-content/uploads/2026/05/35212d5b060e16d7f8db21681d51d151.pdf,9,right,東京都,多摩市,旭区,相鉄ライフ南まきが原,2.840,2840.0,2016年4月,2016.0,4.0,0.8333,,東京都|相鉄ライフ南まきが原,35.62921686516854,139.44035108988766,,municipality_representative,low,,,相鉄ライフ南まきが原 東京都 多摩市 / 相鉄ライフ南まきが原 東京都 / 相鉄ライフ南まきが原,unresolved,,,,,https://nominatim.openstreetmap.org/search?q=%E7%9B%B8%E9%89%84%E3%83%A9%E3%82%A4%E3%83%95%E5%8D%97%E3%81%BE%E3%81%8D%E3%81%8C%E5%8E%9F&format=jsonv2&limit=5&addressdetails=1&countrycodes=jp,no_name_prefecture_matched_candidate
jcsc_pdf,https://www.jcsc.or.jp/wpjcsc/wp-content/uploads/2026/05/35212d5b060e16d7f8db21681d51d151.pdf,5,right,埼玉県,富士見市,,ふじみ野ナーレ,"2,828",2828.0,2009年9月,2009.0,9.0,0.8333,prefecture_inferred_from_municipality,埼玉県|ふじみ野ナーレ,35.851170483333334,139.54686676666668,,municipality_representative,low,,,ふじみ野ナーレ 埼玉県 富士見市,added,ふじみ野ナーレ,"ふじみ野ナーレ, ふじみ野朝霞線, うれし野二丁目, ふじみ野市, 埼玉県, 354-0044, 日本",35.8610582,139.5233391,https://nominatim.openstreetmap.org/search?q=%E3%81%B5%E3%81%98%E3%81%BF%E9%87%8E%E3%83%8A%E3%83%BC%E3%83%AC+%E5%9F%BC%E7%8E%89%E7%9C%8C+%E5%AF%8C%E5%A3%AB%E8%A6%8B%E5%B8%82&format=jsonv2&limit=5&addressdetails=1&countrycodes=jp,
jcsc_pdf,https://www.jcsc.or.jp/wpjcsc/wp-content/uploads/2026/05/35212d5b060e16d7f8db21681d51d151.pdf,6,left,千葉県,松戸市,,ヤオコー松戸上本店,"2,818",2818.0,2023年11月,2023.0,11.0,0.7667,prefecture_inferred_from_municipality,千葉県|ヤオコー松戸上本店,35.801966870967746,139.93132673790322,,municipality_representative,low,,,ヤオコー松戸上本店 千葉県 松戸市 / ヤオコー松戸上本店 千葉県 / ヤオコー松戸上本店,unresolved,,,,,https://nominatim.openstreetmap.org/search?q=%E3%83%A4%E3%82%AA%E3%82%B3%E3%83%BC%E6%9D%BE%E6%88%B8%E4%B8%8A%E6%9C%AC%E5%BA%97&format=jsonv2&limit=5&addressdetails=1&countrycodes=jp,no_name_prefecture_matched_candidate
jcsc_pdf,https://www.jcsc.or.jp/wpjcsc/wp-content/uploads/2026/05/35212d5b060e16d7f8db21681d51d151.pdf,13,left,静岡県,静岡市葵区,中区,名古屋東急ホテル東急アヴェ,"2,807",2807.0,1996年11月,1996.0,11.0,0.8333,prefecture_inferred_from_municipality,静岡県|名古屋東急ホテル東急アヴェ,35.00736196509009,138.41285507657656,,municipality_representative,low,,,名古屋東急ホテル東急アヴェ 静岡県 静岡市葵区 / 名古屋東急ホテル東急アヴェ 静岡県 / 名古屋東急ホテル東急アヴェ,unresolved,,,,,https://nominatim.openstreetmap.org/search?q=%E5%90%8D%E5%8F%A4%E5%B1%8B%E6%9D%B1%E6%80%A5%E3%83%9B%E3%83%86%E3%83%AB%E6%9D%B1%E6%80%A5%E3%82%A2%E3%83%B4%E3%82%A7&format=jsonv2&limit=5&addressdetails=1&countrycodes=jp,no_name_prefecture_matched_candidate
jcsc_pdf,https://www.jcsc.or.jp/wpjcsc/wp-content/uploads/2026/05/35212d5b060e16d7f8db21681d51d151.pdf,19,left,広島県,呉市,,呉ポポロショッピングセンター,"2,806",2806.0,1987年4月,1987.0,4.0,1.0,prefecture_inferred_from_municipality,広島県|呉ポポロショッピングセンター,34.24411721495327,132.60481947102804,,municipality_representative,low,,,呉ポポロショッピングセンター 広島県 呉市 / 呉ポポロショッピングセンター 広島県 / 呉ポポロショッピングセンター,unresolved,,,,,https://nominatim.openstreetmap.org/search?q=%E5%91%89%E3%83%9D%E3%83%9D%E3%83%AD%E3%82%B7%E3%83%A7%E3%83%83%E3%83%94%E3%83%B3%E3%82%B0%E3%82%BB%E3%83%B3%E3%82%BF%E3%83%BC&format=jsonv2&limit=5&addressdetails=1&countrycodes=jp,no_name_prefecture_matched_candidate
jcsc_pdf,https://www.jcsc.or.jp/wpjcsc/wp-content/uploads/2026/05/35212d5b060e16d7f8db21681d51d151.pdf,22,left,熊本県,熊本市中央区,,HAB@熊本,2.802,2802.0,2023年4月,2023.0,4.0,0.8333,municipality_missing,宮崎県|hab@熊本,32.79812579326923,130.71523716346152,,municipality_representative,low,,municipality_alias,HAB@熊本 熊本県 熊本市中央区 / HAB@熊本 熊本県 / HAB@熊本,unresolved,,,,,https://nominatim.openstreetmap.org/search?q=HAB%40%E7%86%8A%E6%9C%AC&format=jsonv2&limit=5&addressdetails=1&countrycodes=jp,no_name_prefecture_matched_candidate
jcsc_pdf,https://www.jcsc.or.jp/wpjcsc/wp-content/uploads/2026/05/35212d5b060e16d7f8db21681d51d151.pdf,12,right,静岡県,沼津市,,沼津駅ビルアントレ,"2,800",2800.0,1972年7月,1972.0,7.0,0.75,prefecture_inferred_from_municipality,静岡県|沼津駅ビルアントレ,35.09913307065217,138.85189667934782,,municipality_representative,low,,,沼津駅ビルアントレ 静岡県 沼津市 / 沼津駅ビルアントレ 静岡県 / 沼津駅ビルアントレ,unresolved,,,,,https://nominatim.openstreetmap.org/search?q=%E6%B2%BC%E6%B4%A5%E9%A7%85%E3%83%93%E3%83%AB%E3%82%A2%E3%83%B3%E3%83%88%E3%83%AC&format=jsonv2&limit=5&addressdetails=1&countrycodes=jp,no_name_prefecture_matched_candidate
jcsc_pdf,https://www.jcsc.or.jp/wpjcsc/wp-content/uploads/2026/05/35212d5b060e16d7f8db21681d51d151.pdf,13,left,静岡県,静岡市葵区,中区,第一アメ機ビル,"2,786",2786.0,1977年6月,1977.0,6.0,0.7667,prefecture_inferred_from_municipality,静岡県|第一アメ機ビル,35.00736196509009,138.41285507657656,,municipality_representative,low,,,第一アメ機ビル 静岡県 静岡市葵区 / 第一アメ機ビル 静岡県 / 第一アメ機ビル,unresolved,,,,,https://nominatim.openstreetmap.org/search?q=%E7%AC%AC%E4%B8%80%E3%82%A2%E3%83%A1%E6%A9%9F%E3%83%93%E3%83%AB&format=jsonv2&limit=5&addressdetails=1&countrycodes=jp,no_name_prefecture_matched_candidate
jcsc_pdf,https://www.jcsc.or.jp/wpjcsc/wp-content/uploads/2026/05/35212d5b060e16d7f8db21681d51d151.pdf,1,left,北海道,札幌市東区,東区,セレスタ札幌,2.778,2778.0,1970年12月,1970.0,12.0,0.75,,北海道|セレスタ札幌,43.096829312217196,141.37392334570134,,municipality_representative,low,,,セレスタ札幌 北海道 札幌市東区,added,セレスタ札幌,"セレスタ札幌, 真駒内篠路線, 北12条東7, 東区, 札幌市, 石狩振興局, 北海道, 北海道地方, 065-0010, 日本",43.0774627,141.3638713,https://nominatim.openstreetmap.org/search?q=%E3%82%BB%E3%83%AC%E3%82%B9%E3%82%BF%E6%9C%AD%E5%B9%8C+%E5%8C%97%E6%B5%B7%E9%81%93+%E6%9C%AD%E5%B9%8C%E5%B8%82%E6%9D%B1%E5%8C%BA&format=jsonv2&limit=5&addressdetails=1&countrycodes=jp,
jcsc_pdf,https://www.jcsc.or.jp/wpjcsc/wp-content/uploads/2026/05/35212d5b060e16d7f8db21681d51d151.pdf,15,right,大阪府,大阪市北区,北区,阪急ターミナルビル(阪急17番街),"2,768",2768.0,1972年3月,1972.0,3.0,0.8333,municipality_missing,京都府|阪急ターミナルビル阪急17番街,34.704387178861786,135.50393925203252,,municipality_representative,low,,municipality_alias,阪急ターミナルビル(阪急17番街) 大阪府 大阪市北区 / 阪急ターミナルビル(阪急17番街) 大阪府 / 阪急ターミナルビル(阪急17番街),unresolved,,,,,https://nominatim.openstreetmap.org/search?q=%E9%98%AA%E6%80%A5%E3%82%BF%E3%83%BC%E3%83%9F%E3%83%8A%E3%83%AB%E3%83%93%E3%83%AB%28%E9%98%AA%E6%80%A517%E7%95%AA%E8%A1%97%29&format=jsonv2&limit=5&addressdetails=1&countrycodes=jp,no_name_prefecture_matched_candidate
jcsc_pdf,https://www.jcsc.or.jp/wpjcsc/wp-content/uploads/2026/05/35212d5b060e16d7f8db21681d51d151.pdf,5,left,埼玉県,新座市,,EQUIiA志木(エキア志木),"2,766",2766.0,2000年2月,2000.0,2.0,0.75,prefecture_inferred_from_municipality,埼玉県|equiia志木エキア志木,35.785659951219515,139.56024508536586,,municipality_representative,low,,,EQUIiA志木(エキア志木) 埼玉県 新座市 / EQUIiA志木(エキア志木) 埼玉県 / EQUIiA志木(エキア志木),unresolved,,,,,https://nominatim.openstreetmap.org/search?q=EQUIiA%E5%BF%97%E6%9C%A8%28%E3%82%A8%E3%82%AD%E3%82%A2%E5%BF%97%E6%9C%A8%29&format=jsonv2&limit=5&addressdetails=1&countrycodes=jp,no_name_prefecture_matched_candidate
jcsc_pdf,https://www.jcsc.or.jp/wpjcsc/wp-content/uploads/2026/05/35212d5b060e16d7f8db21681d51d151.pdf,3,right,福島県,須賀川市,,ヨークベニマル須賀川西店,2.762,2762.0,1990年7月,1990.0,7.0,0.8333,prefecture_inferred_from_municipality,福島県|ヨークベニマル須賀川西店,37.29583044354838,140.36320426814515,,municipality_representative,low,,,ヨークベニマル須賀川西店 福島県 須賀川市 / ヨークベニマル須賀川西店 福島県 / ヨークベニマル須賀川西店,unresolved,,,,,https://nominatim.openstreetmap.org/search?q=%E3%83%A8%E3%83%BC%E3%82%AF%E3%83%99%E3%83%8B%E3%83%9E%E3%83%AB%E9%A0%88%E8%B3%80%E5%B7%9D%E8%A5%BF%E5%BA%97&format=jsonv2&limit=5&addressdetails=1&countrycodes=jp,no_name_prefecture_matched_candidate
jcsc_pdf,https://www.jcsc.or.jp/wpjcsc/wp-content/uploads/2026/05/35212d5b060e16d7f8db21681d51d151.pdf,12,left,岐阜県,多治見市,,MINE 笠原ショッピングプラザ (マイン笠原ショッピングプラザ),2.736,2736.0,1986年7月,1986.0,7.0,1.0,,岐阜県|mine笠原ショッピングプラザマイン笠原ショッピングプラザ,35.34050838949672,137.11672805689278,,municipality_representative,low,,,MINE 笠原ショッピングプラザ (マイン笠原ショッピングプラザ) 岐阜県 多治見市 / MINE 笠原ショッピングプラザ (マイン笠原ショッピングプラザ) 岐阜県 / MINE 笠原ショッピングプラザ (マイン笠原ショッピングプラザ),unresolved,,,,,https://nominatim.openstreetmap.org/search?q=MINE+%E7%AC%A0%E5%8E%9F%E3%82%B7%E3%83%A7%E3%83%83%E3%83%94%E3%83%B3%E3%82%B0%E3%83%97%E3%83%A9%E3%82%B6+%28%E3%83%9E%E3%82%A4%E3%83%B3%E7%AC%A0%E5%8E%9F%E3%82%B7%E3%83%A7%E3%83%83%E3%83%94%E3%83%B3%E3%82%B0%E3%83%97%E3%83%A9%E3%82%B6%29&format=jsonv2&limit=5&addressdetails=1&countrycodes=jp,no_name_prefecture_matched_candidate
jcsc_pdf,https://www.jcsc.or.jp/wpjcsc/wp-content/uploads/2026/05/35212d5b060e16d7f8db21681d51d151.pdf,7,left,千葉県,流山市,港区,アクシスビル,"2,735",2735.0,1981年9月,1981.0,9.0,0.8333,prefecture_inferred_from_municipality,千葉県|アクシスビル,35.86814102238806,139.91512308208954,,municipality_representative,low,,,アクシスビル 千葉県 流山市 / アクシスビル 千葉県 / アクシスビル,unresolved,,,,,https://nominatim.openstreetmap.org/search?q=%E3%82%A2%E3%82%AF%E3%82%B7%E3%82%B9%E3%83%93%E3%83%AB&format=jsonv2&limit=5&addressdetails=1&countrycodes=jp,no_name_prefecture_matched_candidate
jcsc_pdf,https://www.jcsc.or.jp/wpjcsc/wp-content/uploads/2026/05/35212d5b060e16d7f8db21681d51d151.pdf,20,right,福岡県,北九州市八幡西区,八幅西区,コスパあいおい,2.735,2735.0,2006年4月,2006.0,4.0,0.8333,municipality_missing,福岡県|コスパあいおい,33.84071799755501,130.73974754767727,,municipality_representative,low,,municipality_alias,コスパあいおい 福岡県 北九州市八幡西区 / コスパあいおい 福岡県 / コスパあいおい,unresolved,,,,,https://nominatim.openstreetmap.org/search?q=%E3%82%B3%E3%82%B9%E3%83%91%E3%81%82%E3%81%84%E3%81%8A%E3%81%84&format=jsonv2&limit=5&addressdetails=1&countrycodes=jp,no_name_prefecture_matched_candidate
jcsc_pdf,https://www.jcsc.or.jp/wpjcsc/wp-content/uploads/2026/05/35212d5b060e16d7f8db21681d51d151.pdf,15,left,京都府,京都市西京区,西京区,ミュー阪急桂,"2,733",2733.0,1993年4月,1993.0,4.0,0.7667,,京都府|ミュー阪急桂,34.97975261587302,135.68971803492065,,municipality_representative,low,,,ミュー阪急桂 京都府 京都市西京区 / ミュー阪急桂 京都府 / ミュー阪急桂,unresolved,,,,,https://nominatim.openstreetmap.org/search?q=%E3%83%9F%E3%83%A5%E3%83%BC%E9%98%AA%E6%80%A5%E6%A1%82&format=jsonv2&limit=5&addressdetails=1&countrycodes=jp,no_name_prefecture_matched_candidate
jcsc_pdf,https://www.jcsc.or.jp/wpjcsc/wp-content/uploads/2026/05/35212d5b060e16d7f8db21681d51d151.pdf,20,left,愛媛県,宇和島市,,フジ宇和島店,2.727,2727.0,2018年11月,2018.0,11.0,0.8333,prefecture_inferred_from_municipality,愛媛県|フジ宇和島店,33.21296797165992,132.5505682388664,,municipality_representative,low,,,フジ宇和島店 愛媛県 宇和島市 / フジ宇和島店 愛媛県 / フジ宇和島店,unresolved,,,,,https://nominatim.openstreetmap.org/search?q=%E3%83%95%E3%82%B8%E5%AE%87%E5%92%8C%E5%B3%B6%E5%BA%97&format=jsonv2&limit=5&addressdetails=1&countrycodes=jp,no_name_prefecture_matched_candidate
jcsc_pdf,https://www.jcsc.or.jp/wpjcsc/wp-content/uploads/2026/05/35212d5b060e16d7f8db21681d51d151.pdf,8,right,東京都,国立市,,nonowa国立(ノノワ国立),"2,700",2700.0,2016年4月,2016.0,4.0,0.75,,東京都|nonowa国立ノノワ国立,35.68680783333333,139.43771533333333,,municipality_representative,low,,,nonowa国立(ノノワ国立) 東京都 国立市 / nonowa国立(ノノワ国立) 東京都 / nonowa国立(ノノワ国立),unresolved,,,,,https://nominatim.openstreetmap.org/search?q=nonowa%E5%9B%BD%E7%AB%8B%28%E3%83%8E%E3%83%8E%E3%83%AF%E5%9B%BD%E7%AB%8B%29&format=jsonv2&limit=5&addressdetails=1&countrycodes=jp,no_name_prefecture_matched_candidate
jcsc_pdf,https://www.jcsc.or.jp/wpjcsc/wp-content/uploads/2026/05/35212d5b060e16d7f8db21681d51d151.pdf,5,right,千葉県,千葉市美浜区,美浜区,ペリエ海浜幕張,"2,693",2693.0,2013年9月,2013.0,9.0,0.8333,prefecture_inferred_from_municipality,千葉県|ペリエ海浜幕張,35.63819071153846,140.05844675,,municipality_representative,low,,,ペリエ海浜幕張 千葉県 千葉市美浜区,added,ペリエ海浜幕張,"ペリエ海浜幕張, NewDays, ひび野二丁目, 美浜区, 千葉市, 千葉県, 261-7101, 日本",35.6480520,140.0422391,https://nominatim.openstreetmap.org/search?q=%E3%83%9A%E3%83%AA%E3%82%A8%E6%B5%B7%E6%B5%9C%E5%B9%95%E5%BC%B5+%E5%8D%83%E8%91%89%E7%9C%8C+%E5%8D%83%E8%91%89%E5%B8%82%E7%BE%8E%E6%B5%9C%E5%8C%BA&format=jsonv2&limit=5&addressdetails=1&countrycodes=jp,
jcsc_pdf,https://www.jcsc.or.jp/wpjcsc/wp-content/uploads/2026/05/35212d5b060e16d7f8db21681d51d151.pdf,12,right,静岡県,伊東市,,伊豆高原駅やまもプラザ,2.686,2686.0,1994年3月,1994.0,3.0,0.75,prefecture_inferred_from_municipality,静岡県|伊豆高原駅やまもプラザ,34.95814816666667,139.09571877777776,,municipality_representative,low,,,伊豆高原駅やまもプラザ 静岡県 伊東市 / 伊豆高原駅やまもプラザ 静岡県 / 伊豆高原駅やまもプラザ,unresolved,,,,,https://nominatim.openstreetmap.org/search?q=%E4%BC%8A%E8%B1%86%E9%AB%98%E5%8E%9F%E9%A7%85%E3%82%84%E3%81%BE%E3%82%82%E3%83%97%E3%83%A9%E3%82%B6&format=jsonv2&limit=5&addressdetails=1&countrycodes=jp,no_name_prefecture_matched_candidate
jcsc_pdf,https://www.jcsc.or.jp/wpjcsc/wp-content/uploads/2026/05/35212d5b060e16d7f8db21681d51d151.pdf,8,left,千葉県,流山市,荒川区,サンポップマチヤ,2.675,2675.0,1996年3月,1996.0,3.0,0.75,prefecture_inferred_from_municipality,千葉県|サンポップマチヤ,35.86814102238806,139.91512308208954,,municipality_representative,low,,,サンポップマチヤ 千葉県 流山市 / サンポップマチヤ 千葉県 / サンポップマチヤ,unresolved,,,,,https://nominatim.openstreetmap.org/search?q=%E3%82%B5%E3%83%B3%E3%83%9D%E3%83%83%E3%83%97%E3%83%9E%E3%83%81%E3%83%A4&format=jsonv2&limit=5&addressdetails=1&countrycodes=jp,no_name_prefecture_matched_candidate
jcsc_pdf,https://www.jcsc.or.jp/wpjcsc/wp-content/uploads/2026/05/35212d5b060e16d7f8db21681d51d151.pdf,21,right,長崎県,長崎市,,ハマクロス411,"2,653",2653.0,2014年9月,2014.0,9.0,1.0,,長崎県|ハマクロス411,32.758114,129.85546771399177,,municipality_representative,low,,,ハマクロス411 長崎県 長崎市 / ハマクロス411 長崎県 / ハマクロス411,unresolved,,,,,https://nominatim.openstreetmap.org/search?q=%E3%83%8F%E3%83%9E%E3%82%AF%E3%83%AD%E3%82%B9411&format=jsonv2&limit=5&addressdetails=1&countrycodes=jp,no_name_prefecture_matched_candidate
jcsc_pdf,https://www.jcsc.or.jp/wpjcsc/wp-content/uploads/2026/05/35212d5b060e16d7f8db21681d51d151.pdf,8,right,東京都,調布市,,コープ布染地店,"2,648",2648.0,2024年3月,2024.0,3.0,0.7667,,東京都|コープ布染地店,35.65774974074074,139.55270955555557,,municipality_representative,low,,,コープ布染地店 東京都 調布市 / コープ布染地店 東京都 / コープ布染地店,unresolved,,,,,https://nominatim.openstreetmap.org/search?q=%E3%82%B3%E3%83%BC%E3%83%97%E5%B8%83%E6%9F%93%E5%9C%B0%E5%BA%97&format=jsonv2&limit=5&addressdetails=1&countrycodes=jp,no_name_prefecture_matched_candidate
jcsc_pdf,https://www.jcsc.or.jp/wpjcsc/wp-content/uploads/2026/05/35212d5b060e16d7f8db21681d51d151.pdf,16,left,京都府,亀岡市,,グラングリーン大阪 ショップ&レストラン 北館,"2,640",2640.0,2024年9月,2024.0,9.0,1.0,,京都府|グラングリーン大阪ショップ&レストラン北館,35.021998969303425,135.5607872798111,,municipality_representative,low,,,グラングリーン大阪 ショップ&レストラン 北館 京都府 亀岡市 / グラングリーン大阪 ショップ&レストラン 北館 京都府 / グラングリーン大阪 ショップ&レストラン 北館,unresolved,,,,,https://nominatim.openstreetmap.org/search?q=%E3%82%B0%E3%83%A9%E3%83%B3%E3%82%B0%E3%83%AA%E3%83%BC%E3%83%B3%E5%A4%A7%E9%98%AA+%E3%82%B7%E3%83%A7%E3%83%83%E3%83%97%26%E3%83%AC%E3%82%B9%E3%83%88%E3%83%A9%E3%83%B3+%E5%8C%97%E9%A4%A8&format=jsonv2&limit=5&addressdetails=1&countrycodes=jp,no_name_prefecture_matched_candidate
jcsc_pdf,https://www.jcsc.or.jp/wpjcsc/wp-content/uploads/2026/05/35212d5b060e16d7f8db21681d51d151.pdf,15,left,京都府,京都市下京区,下京区,KYOTO TOWER SANDO(京都タワーサンド),2.620,2620.0,1964年10月,1964.0,10.0,0.875,,京都府|kyototowersando京都タワーサンド,34.995080835117776,135.75542702783724,,municipality_representative,low,,,KYOTO TOWER SANDO(京都タワーサンド) 京都府 京都市下京区 / KYOTO TOWER SANDO(京都タワーサンド) 京都府 / KYOTO TOWER SANDO(京都タワーサンド),unresolved,,,,,https://nominatim.openstreetmap.org/search?q=KYOTO+TOWER+SANDO%28%E4%BA%AC%E9%83%BD%E3%82%BF%E3%83%AF%E3%83%BC%E3%82%B5%E3%83%B3%E3%83%89%29&format=jsonv2&limit=5&addressdetails=1&countrycodes=jp,no_name_prefecture_matched_candidate
jcsc_pdf,https://www.jcsc.or.jp/wpjcsc/wp-content/uploads/2026/05/35212d5b060e16d7f8db21681d51d151.pdf,18,right,鳥取県,鳥取市,,シャミネ鳥取,"2,600",2600.0,1979年10月,1979.0,10.0,0.75,,鳥取県|シャミネ鳥取,35.473254180970144,134.19159730037313,,municipality_representative,low,,,シャミネ鳥取 鳥取県 鳥取市,added,chocoZAP シャミネ鳥取,"chocoZAP シャミネ鳥取, 鳥取福部線, 今町二丁目, 東品治町, 鳥取市, 鳥取県, 680-0835, 日本",35.4946084,134.2249946,https://nominatim.openstreetmap.org/search?q=%E3%82%B7%E3%83%A3%E3%83%9F%E3%83%8D%E9%B3%A5%E5%8F%96+%E9%B3%A5%E5%8F%96%E7%9C%8C+%E9%B3%A5%E5%8F%96%E5%B8%82&format=jsonv2&limit=5&addressdetails=1&countrycodes=jp,
jcsc_pdf,https://www.jcsc.or.jp/wpjcsc/wp-content/uploads/2026/05/35212d5b060e16d7f8db21681d51d151.pdf,5,right,千葉県,千葉市中央区,中央区,ペリエ西千葉,"2,595",2595.0,1982年4月,1982.0,4.0,0.7667,prefecture_inferred_from_municipality,千葉県|ペリエ西千葉,35.59979603846154,140.12619165384615,,municipality_representative,low,,,ペリエ西千葉 千葉県 千葉市中央区,added,ペリエ西千葉,"ペリエ西千葉, 松波本通り, 松波三丁目, 中央区, 千葉市, 千葉県, 260-0044, 日本",35.6218862,140.1039440,https://nominatim.openstreetmap.org/search?q=%E3%83%9A%E3%83%AA%E3%82%A8%E8%A5%BF%E5%8D%83%E8%91%89+%E5%8D%83%E8%91%89%E7%9C%8C+%E5%8D%83%E8%91%89%E5%B8%82%E4%B8%AD%E5%A4%AE%E5%8C%BA&format=jsonv2&limit=5&addressdetails=1&countrycodes=jp,
jcsc_pdf,https://www.jcsc.or.jp/wpjcsc/wp-content/uploads/2026/05/35212d5b060e16d7f8db21681d51d151.pdf,11,right,長野県,長野市,,シーワン,"2,590",2590.0,1980年10月,1980.0,10.0,0.8333,,長野県|シーワン,36.62961465871122,138.16810552983293,,municipality_representative,low,,,シーワン 長野県 長野市 / シーワン 長野県 / シーワン,unresolved,,,,,https://nominatim.openstreetmap.org/search?q=%E3%82%B7%E3%83%BC%E3%83%AF%E3%83%B3&format=jsonv2&limit=5&addressdetails=1&countrycodes=jp,no_name_prefecture_matched_candidate
jcsc_pdf,https://www.jcsc.or.jp/wpjcsc/wp-content/uploads/2026/05/35212d5b060e16d7f8db21681d51d151.pdf,15,right,大阪府,大阪市東淀川区,東淀川区,関西スーパー南江口店,2578,2578.0,1997年2月,1997.0,2.0,0.8333,municipality_missing,京都府|関西スーパー南江口店,34.74489088505747,135.5305741034483,,municipality_representative,low,,municipality_alias,関西スーパー南江口店 大阪府 大阪市東淀川区 / 関西スーパー南江口店 大阪府 / 関西スーパー南江口店,unresolved,,,,,https://nominatim.openstreetmap.org/search?q=%E9%96%A2%E8%A5%BF%E3%82%B9%E3%83%BC%E3%83%91%E3%83%BC%E5%8D%97%E6%B1%9F%E5%8F%A3%E5%BA%97&format=jsonv2&limit=5&addressdetails=1&countrycodes=jp,no_name_prefecture_matched_candidate
jcsc_pdf,https://www.jcsc.or.jp/wpjcsc/wp-content/uploads/2026/05/35212d5b060e16d7f8db21681d51d151.pdf,21,left,福岡県,福岡市西区,西区,えきマチ1丁目姪浜,2.564,2564.0,1984年12月,1984.0,12.0,0.65,municipality_missing,佐賀県|えきマチ1丁目姪浜,33.57746955921053,130.28896613157895,,municipality_representative,low,,municipality_alias,えきマチ1丁目姪浜 福岡県 福岡市西区 / えきマチ1丁目姪浜 福岡県 / えきマチ1丁目姪浜,unresolved,,,,,https://nominatim.openstreetmap.org/search?q=%E3%81%88%E3%81%8D%E3%83%9E%E3%83%811%E4%B8%81%E7%9B%AE%E5%A7%AA%E6%B5%9C&format=jsonv2&limit=5&addressdetails=1&countrycodes=jp,no_name_prefecture_matched_candidate
jcsc_pdf,https://www.jcsc.or.jp/wpjcsc/wp-content/uploads/2026/05/35212d5b060e16d7f8db21681d51d151.pdf,10,right,新潟県,加茂市,,加茂ショッピングパーク メリア,2.560,2560.0,1986年11月,1986.0,11.0,0.75,,新潟県|加茂ショッピングパークメリア,37.657592692307695,139.05707524358974,,municipality_representative,low,,,加茂ショッピングパーク メリア 新潟県 加茂市 / 加茂ショッピングパーク メリア 新潟県 / 加茂ショッピングパーク メリア,unresolved,,,,,https://nominatim.openstreetmap.org/search?q=%E5%8A%A0%E8%8C%82%E3%82%B7%E3%83%A7%E3%83%83%E3%83%94%E3%83%B3%E3%82%B0%E3%83%91%E3%83%BC%E3%82%AF+%E3%83%A1%E3%83%AA%E3%82%A2&format=jsonv2&limit=5&addressdetails=1&countrycodes=jp,no_name_prefecture_matched_candidate
jcsc_pdf,https://www.jcsc.or.jp/wpjcsc/wp-content/uploads/2026/05/35212d5b060e16d7f8db21681d51d151.pdf,22,left,熊本県,熊本市西区,西区,えきマチ1丁目 上熊本,"2,554",2554.0,2016年12月,2016.0,12.0,0.8333,municipality_missing,宮崎県|えきマチ1丁目上熊本,32.7930880078125,130.665639703125,,municipality_representative,low,,municipality_alias,えきマチ1丁目 上熊本 熊本県 熊本市西区 / えきマチ1丁目 上熊本 熊本県 / えきマチ1丁目 上熊本,unresolved,,,,,https://nominatim.openstreetmap.org/search?q=%E3%81%88%E3%81%8D%E3%83%9E%E3%83%811%E4%B8%81%E7%9B%AE+%E4%B8%8A%E7%86%8A%E6%9C%AC&format=jsonv2&limit=5&addressdetails=1&countrycodes=jp,no_name_prefecture_matched_candidate
jcsc_pdf,https://www.jcsc.or.jp/wpjcsc/wp-content/uploads/2026/05/35212d5b060e16d7f8db21681d51d151.pdf,21,right,長崎県,西海市,,大島楽市,2541,2541.0,1988年10月,1988.0,10.0,0.7,,長崎県|大島楽市,32.9958941,129.67634218333333,,municipality_representative,low,,,大島楽市 長崎県 西海市 / 大島楽市 長崎県 / 大島楽市,unresolved,,,,,https://nominatim.openstreetmap.org/search?q=%E5%A4%A7%E5%B3%B6%E6%A5%BD%E5%B8%82&format=jsonv2&limit=5&addressdetails=1&countrycodes=jp,no_name_prefecture_matched_candidate
jcsc_pdf,https://www.jcsc.or.jp/wpjcsc/wp-content/uploads/2026/05/35212d5b060e16d7f8db21681d51d151.pdf,11,right,富山県,富山市,,ハピリン,2.520,2520.0,2016年4月,2016.0,4.0,0.8333,,富山県|ハピリン,36.6594965053681,137.20881503527607,,municipality_representative,low,,,ハピリン 富山県 富山市 / ハピリン 富山県 / ハピリン,unresolved,,,,,https://nominatim.openstreetmap.org/search?q=%E3%83%8F%E3%83%94%E3%83%AA%E3%83%B3&format=jsonv2&limit=5&addressdetails=1&countrycodes=jp,no_name_prefecture_matched_candidate
jcsc_pdf,https://www.jcsc.or.jp/wpjcsc/wp-content/uploads/2026/05/35212d5b060e16d7f8db21681d51d151.pdf,16,left,京都府,亀岡市,中央区,プラザシャトウ (ホテルニューオータニ大阪),2.520,2520.0,1986年9月,1986.0,9.0,0.8333,,京都府|プラザシャトウホテルニューオータニ大阪,35.021998969303425,135.5607872798111,,municipality_representative,low,,,プラザシャトウ (ホテルニューオータニ大阪) 京都府 亀岡市 / プラザシャトウ (ホテルニューオータニ大阪) 京都府 / プラザシャトウ (ホテルニューオータニ大阪),unresolved,,,,,https://nominatim.openstreetmap.org/search?q=%E3%83%97%E3%83%A9%E3%82%B6%E3%82%B7%E3%83%A3%E3%83%88%E3%82%A6+%28%E3%83%9B%E3%83%86%E3%83%AB%E3%83%8B%E3%83%A5%E3%83%BC%E3%82%AA%E3%83%BC%E3%82%BF%E3%83%8B%E5%A4%A7%E9%98%AA%29&format=jsonv2&limit=5&addressdetails=1&countrycodes=jp,no_name_prefecture_matched_candidate
jcsc_pdf,https://www.jcsc.or.jp/wpjcsc/wp-content/uploads/2026/05/35212d5b060e16d7f8db21681d51d151.pdf,6,left,千葉県,船橋市,,ペリエ西船橋,2.507,2507.0,2005年3月,2005.0,3.0,0.8333,prefecture_inferred_from_municipality,千葉県|ペリエ西船橋,35.721840428134556,140.01164259938838,,municipality_representative,low,,,ペリエ西船橋 千葉県 船橋市 / ペリエ西船橋 千葉県 / ペリエ西船橋,unresolved,,,,,https://nominatim.openstreetmap.org/search?q=%E3%83%9A%E3%83%AA%E3%82%A8%E8%A5%BF%E8%88%B9%E6%A9%8B&format=jsonv2&limit=5&addressdetails=1&countrycodes=jp,no_name_prefecture_matched_candidate
jcsc_pdf,https://www.jcsc.or.jp/wpjcsc/wp-content/uploads/2026/05/35212d5b060e16d7f8db21681d51d151.pdf,10,right,富山県,富山市,,ミューズ,2.491,2491.0,1994年11月,1994.0,11.0,1.0,,富山県|ミューズ,36.6594965053681,137.20881503527607,,municipality_representative,low,,,ミューズ 富山県 富山市,added,ミューズ水橋ショッピングセンター,"ミューズ水橋ショッピングセンター, 47, ふれあい通り, 魚躬, 富山市, 富山県, 939-0521, 日本",36.7548934,137.3140046,https://nominatim.openstreetmap.org/search?q=%E3%83%9F%E3%83%A5%E3%83%BC%E3%82%BA+%E5%AF%8C%E5%B1%B1%E7%9C%8C+%E5%AF%8C%E5%B1%B1%E5%B8%82&format=jsonv2&limit=5&addressdetails=1&countrycodes=jp,
jcsc_pdf,https://www.jcsc.or.jp/wpjcsc/wp-content/uploads/2026/05/35212d5b060e16d7f8db21681d51d151.pdf,7,right,東京都,豊島区,坦島区,池袋東武ホープセンター,2.432,2432.0,1969年4月,1969.0,4.0,0.8333,municipality_missing,東京都|池袋東武ホープセンター,35.7319853253012,139.71191361445784,,municipality_representative,low,,municipality_alias,池袋東武ホープセンター,added,東武ホープセンター,"東武ホープセンター, みずき通り, 西池袋一丁目, 西池袋, 豊島区, 東京都, 171-0021, 日本",35.7304672,139.7099297,https://nominatim.openstreetmap.org/search?q=%E6%B1%A0%E8%A2%8B%E6%9D%B1%E6%AD%A6%E3%83%9B%E3%83%BC%E3%83%97%E3%82%BB%E3%83%B3%E3%82%BF%E3%83%BC&format=jsonv2&limit=5&addressdetails=1&countrycodes=jp,
jcsc_pdf,https://www.jcsc.or.jp/wpjcsc/wp-content/uploads/2026/05/35212d5b060e16d7f8db21681d51d151.pdf,16,left,大阪府,吹田市,,関西スーパー佐井寺店,2.428,2428.0,1995年10月,1995.0,10.0,0.8333,prefecture_inferred_from_municipality,大阪府|関西スーパー佐井寺店,34.781405214659685,135.51888830890053,,municipality_representative,low,,,関西スーパー佐井寺店 大阪府 吹田市 / 関西スーパー佐井寺店 大阪府 / 関西スーパー佐井寺店,unresolved,,,,,https://nominatim.openstreetmap.org/search?q=%E9%96%A2%E8%A5%BF%E3%82%B9%E3%83%BC%E3%83%91%E3%83%BC%E4%BD%90%E4%BA%95%E5%AF%BA%E5%BA%97&format=jsonv2&limit=5&addressdetails=1&countrycodes=jp,no_name_prefecture_matched_candidate
jcsc_pdf,https://www.jcsc.or.jp/wpjcsc/wp-content/uploads/2026/05/35212d5b060e16d7f8db21681d51d151.pdf,17,right,大阪府,門真市,,プリコ神戸,"2,420",2420.0,1997年10月,1997.0,10.0,0.8333,prefecture_inferred_from_municipality,大阪府|プリコ神戸,34.733592379310345,135.60040022988505,,municipality_representative,low,,,プリコ神戸 大阪府 門真市 / プリコ神戸 大阪府 / プリコ神戸,unresolved,,,,,https://nominatim.openstreetmap.org/search?q=%E3%83%97%E3%83%AA%E3%82%B3%E7%A5%9E%E6%88%B8&format=jsonv2&limit=5&addressdetails=1&countrycodes=jp,no_name_prefecture_matched_candidate
jcsc_pdf,https://www.jcsc.or.jp/wpjcsc/wp-content/uploads/2026/05/35212d5b060e16d7f8db21681d51d151.pdf,8,right,東京都,小金井市,,nonowa東小金井(ノノワ東小金井),"2,400",2400.0,2014年1月,2014.0,1.0,0.8333,,東京都|nonowa東小金井ノノワ東小金井,35.70155102222222,139.51082942222223,,municipality_representative,low,,,nonowa東小金井(ノノワ東小金井) 東京都 小金井市 / nonowa東小金井(ノノワ東小金井) 東京都 / nonowa東小金井(ノノワ東小金井),unresolved,,,,,https://nominatim.openstreetmap.org/search?q=nonowa%E6%9D%B1%E5%B0%8F%E9%87%91%E4%BA%95%28%E3%83%8E%E3%83%8E%E3%83%AF%E6%9D%B1%E5%B0%8F%E9%87%91%E4%BA%95%29&format=jsonv2&limit=5&addressdetails=1&countrycodes=jp,no_name_prefecture_matched_candidate
jcsc_pdf,https://www.jcsc.or.jp/wpjcsc/wp-content/uploads/2026/05/35212d5b060e16d7f8db21681d51d151.pdf,8,right,東京都,町田市,,covirna machida (コビルナ町田),2.383,2383.0,1981年9月,1981.0,9.0,0.8333,,東京都|covirnamachidaコビルナ町田,35.556924185792354,139.45492975956284,,municipality_representative,low,,,covirna machida (コビルナ町田) 東京都 町田市 / covirna machida (コビルナ町田) 東京都 / covirna machida (コビルナ町田),unresolved,,,,,https://nominatim.openstreetmap.org/search?q=covirna+machida+%28%E3%82%B3%E3%83%93%E3%83%AB%E3%83%8A%E7%94%BA%E7%94%B0%29&format=jsonv2&limit=5&addressdetails=1&countrycodes=jp,no_name_prefecture_matched_candidate
jcsc_pdf,https://www.jcsc.or.jp/wpjcsc/wp-content/uploads/2026/05/35212d5b060e16d7f8db21681d51d151.pdf,1,left,北海道,札幌市手稲区,手稲区,スーパーセンタートライアル手稲店,"2,370",2370.0,1987年8月,1987.0,8.0,0.875,,北海道|スーパーセンタートライアル手稲店,43.12251098913043,141.24430332608696,,municipality_representative,low,,,スーパーセンタートライアル手稲店 北海道 札幌市手稲区,added,スーパーセンタートライアル 手稲店,"スーパーセンタートライアル 手稲店, 下手稲通, 前田6条12丁目, 手稲区, 札幌市, 石狩振興局, 北海道, 北海道地方, 006-0815, 日本",43.1281000,141.2475069,https://nominatim.openstreetmap.org/search?q=%E3%82%B9%E3%83%BC%E3%83%91%E3%83%BC%E3%82%BB%E3%83%B3%E3%82%BF%E3%83%BC%E3%83%88%E3%83%A9%E3%82%A4%E3%82%A2%E3%83%AB%E6%89%8B%E7%A8%B2%E5%BA%97+%E5%8C%97%E6%B5%B7%E9%81%93+%E6%9C%AD%E5%B9%8C%E5%B8%82%E6%89%8B%E7%A8%B2%E5%8C%BA&format=jsonv2&limit=5&addressdetails=1&countrycodes=jp,
jcsc_pdf,https://www.jcsc.or.jp/wpjcsc/wp-content/uploads/2026/05/35212d5b060e16d7f8db21681d51d151.pdf,6,left,千葉県,茂原市,,アルカード茂原,2.320,2320.0,1990年7月,1990.0,7.0,0.8333,prefecture_inferred_from_municipality,千葉県|アルカード茂原,35.44171975925926,140.29849290740742,,municipality_representative,low,,,アルカード茂原 千葉県 茂原市 / アルカード茂原 千葉県 / アルカード茂原,unresolved,,,,,https://nominatim.openstreetmap.org/search?q=%E3%82%A2%E3%83%AB%E3%82%AB%E3%83%BC%E3%83%89%E8%8C%82%E5%8E%9F&format=jsonv2&limit=5&addressdetails=1&countrycodes=jp,no_name_prefecture_matched_candidate
jcsc_pdf,https://www.jcsc.or.jp/wpjcsc/wp-content/uploads/2026/05/35212d5b060e16d7f8db21681d51d151.pdf,18,left,兵庫県,宝塚市,,G・コレクション阪急宝塚,"2,300",2300.0,1994年3月,1994.0,3.0,1.0,prefecture_inferred_from_municipality,兵庫県|gコレクション阪急宝塚,34.84602734841629,135.34346236425338,,municipality_representative,low,,,G・コレクション阪急宝塚 兵庫県 宝塚市 / G・コレクション阪急宝塚 兵庫県 / G・コレクション阪急宝塚,unresolved,,,,,https://nominatim.openstreetmap.org/search?q=G%E3%83%BB%E3%82%B3%E3%83%AC%E3%82%AF%E3%82%B7%E3%83%A7%E3%83%B3%E9%98%AA%E6%80%A5%E5%AE%9D%E5%A1%9A&format=jsonv2&limit=5&addressdetails=1&countrycodes=jp,no_name_prefecture_matched_candidate
jcsc_pdf,https://www.jcsc.or.jp/wpjcsc/wp-content/uploads/2026/05/35212d5b060e16d7f8db21681d51d151.pdf,17,right,兵庫県,明石市,,プリコ西明石,"2,276",2276.0,1978年8月,1978.0,8.0,0.8333,prefecture_inferred_from_municipality,兵庫県|プリコ西明石,34.666462917475734,134.96781366504854,,municipality_representative,low,,,プリコ西明石 兵庫県 明石市 / プリコ西明石 兵庫県 / プリコ西明石,unresolved,,,,,https://nominatim.openstreetmap.org/search?q=%E3%83%97%E3%83%AA%E3%82%B3%E8%A5%BF%E6%98%8E%E7%9F%B3&format=jsonv2&limit=5&addressdetails=1&countrycodes=jp,no_name_prefecture_matched_candidate
jcsc_pdf,https://www.jcsc.or.jp/wpjcsc/wp-content/uploads/2026/05/35212d5b060e16d7f8db21681d51d151.pdf,15,left,京都府,亀岡市,,アミティ 純岡ショッピングセンター,2.264,2264.0,1985年5月,1985.0,5.0,0.875,,京都府|アミティ純岡ショッピングセンター,35.021998969303425,135.5607872798111,,municipality_representative,low,,,アミティ 純岡ショッピングセンター 京都府 亀岡市 / アミティ 純岡ショッピングセンター 京都府 / アミティ 純岡ショッピングセンター,unresolved,,,,,https://nominatim.openstreetmap.org/search?q=%E3%82%A2%E3%83%9F%E3%83%86%E3%82%A3+%E7%B4%94%E5%B2%A1%E3%82%B7%E3%83%A7%E3%83%83%E3%83%94%E3%83%B3%E3%82%B0%E3%82%BB%E3%83%B3%E3%82%BF%E3%83%BC&format=jsonv2&limit=5&addressdetails=1&countrycodes=jp,no_name_prefecture_matched_candidate
jcsc_pdf,https://www.jcsc.or.jp/wpjcsc/wp-content/uploads/2026/05/35212d5b060e16d7f8db21681d51d151.pdf,8,left,千葉県,流山市,葛飾区,ビーンズ色有,"2,254",2254.0,1996年11月,1996.0,11.0,0.8333,prefecture_inferred_from_municipality,千葉県|ビーンズ色有,35.86814102238806,139.91512308208954,,municipality_representative,low,,,ビーンズ色有 千葉県 流山市 / ビーンズ色有 千葉県 / ビーンズ色有,unresolved,,,,,https://nominatim.openstreetmap.org/search?q=%E3%83%93%E3%83%BC%E3%83%B3%E3%82%BA%E8%89%B2%E6%9C%89&format=jsonv2&limit=5&addressdetails=1&countrycodes=jp,no_name_prefecture_matched_candidate
jcsc_pdf,https://www.jcsc.or.jp/wpjcsc/wp-content/uploads/2026/05/35212d5b060e16d7f8db21681d51d151.pdf,13,left,静岡県,静岡市葵区,中区,第二アメ横ビル,"2,248",2248.0,1984年11月,1984.0,11.0,0.7667,prefecture_inferred_from_municipality,静岡県|第二アメ横ビル,35.00736196509009,138.41285507657656,,municipality_representative,low,,,第二アメ横ビル 静岡県 静岡市葵区 / 第二アメ横ビル 静岡県 / 第二アメ横ビル,unresolved,,,,,https://nominatim.openstreetmap.org/search?q=%E7%AC%AC%E4%BA%8C%E3%82%A2%E3%83%A1%E6%A8%AA%E3%83%93%E3%83%AB&format=jsonv2&limit=5&addressdetails=1&countrycodes=jp,no_name_prefecture_matched_candidate
jcsc_pdf,https://www.jcsc.or.jp/wpjcsc/wp-content/uploads/2026/05/35212d5b060e16d7f8db21681d51d151.pdf,18,left,奈良県,奈良市,,アクロスプラザ奈良登美ヶ丘,"2,223",2223.0,2024年8月,2024.0,8.0,0.8333,,奈良県|アクロスプラザ奈良登美ヶ丘,34.68458357919254,135.808069431677,,municipality_representative,low,,,アクロスプラザ奈良登美ヶ丘 奈良県 奈良市,added,アクロスプラザ奈良登美ヶ丘,"アクロスプラザ奈良登美ヶ丘, 奈良市, 奈良県, 日本",34.7222068,135.7510844,https://nominatim.openstreetmap.org/search?q=%E3%82%A2%E3%82%AF%E3%83%AD%E3%82%B9%E3%83%97%E3%83%A9%E3%82%B6%E5%A5%88%E8%89%AF%E7%99%BB%E7%BE%8E%E3%83%B6%E4%B8%98+%E5%A5%88%E8%89%AF%E7%9C%8C+%E5%A5%88%E8%89%AF%E5%B8%82&format=jsonv2&limit=5&addressdetails=1&countrycodes=jp,
jcsc_pdf,https://www.jcsc.or.jp/wpjcsc/wp-content/uploads/2026/05/35212d5b060e16d7f8db21681d51d151.pdf,10,right,新潟県,十日町市,,U-MALL,"2,200",2200.0,1992年5月,1992.0,5.0,1.0,,新潟県|umall,37.11590772674418,138.72176475872092,,municipality_representative,low,,,U-MALL 新潟県 十日町市 / U-MALL 新潟県 / U-MALL,unresolved,,,,,https://nominatim.openstreetmap.org/search?q=U-MALL&format=jsonv2&limit=5&addressdetails=1&countrycodes=jp,no_name_prefecture_matched_candidate
jcsc_pdf,https://www.jcsc.or.jp/wpjcsc/wp-content/uploads/2026/05/35212d5b060e16d7f8db21681d51d151.pdf,16,left,京都府,亀岡市,,梅田オーバ,"2,179",2179.0,2013年4月,2013.0,4.0,0.8333,,京都府|梅田オーバ,35.021998969303425,135.5607872798111,,municipality_representative,low,,,梅田オーバ 京都府 亀岡市 / 梅田オーバ 京都府 / 梅田オーバ,unresolved,,,,,https://nominatim.openstreetmap.org/search?q=%E6%A2%85%E7%94%B0%E3%82%AA%E3%83%BC%E3%83%90&format=jsonv2&limit=5&addressdetails=1&countrycodes=jp,no_name_prefecture_matched_candidate
jcsc_pdf,https://www.jcsc.or.jp/wpjcsc/wp-content/uploads/2026/05/35212d5b060e16d7f8db21681d51d151.pdf,22,right,沖縄県,宜野湾市,,サンフティーマ,"2,171",2171.0,2001年1月,2001.0,1.0,0.875,,沖縄県|サンフティーマ,26.27292964102564,127.75630215384615,,municipality_representative,low,,,サンフティーマ 沖縄県 宜野湾市,added,サンフティーマ,"サンフティーマ, 宜野湾市普天間２−１４−１, 国道330号, 普天間二丁目, 野嵩, 宜野湾市, 沖縄県, 901-2202, 日本",26.2894340,127.7772218,https://nominatim.openstreetmap.org/search?q=%E3%82%B5%E3%83%B3%E3%83%95%E3%83%86%E3%82%A3%E3%83%BC%E3%83%9E+%E6%B2%96%E7%B8%84%E7%9C%8C+%E5%AE%9C%E9%87%8E%E6%B9%BE%E5%B8%82&format=jsonv2&limit=5&addressdetails=1&countrycodes=jp,
jcsc_pdf,https://www.jcsc.or.jp/wpjcsc/wp-content/uploads/2026/05/35212d5b060e16d7f8db21681d51d151.pdf,10,right,神奈川県,相模原市緑区,緑区,ViNA GARDENS PERCH(ビナガーデンズパーチ),2.164,2164.0,2023年3月,2023.0,3.0,0.8333,prefecture_inferred_from_municipality,神奈川県|vinagardensperchビナガーデンズパーチ,35.59364298989899,139.2876578989899,,municipality_representative,low,,,ViNA GARDENS PERCH(ビナガーデンズパーチ) 神奈川県 相模原市緑区 / ViNA GARDENS PERCH(ビナガーデンズパーチ) 神奈川県 / ViNA GARDENS PERCH(ビナガーデンズパーチ),unresolved,,,,,https://nominatim.openstreetmap.org/search?q=ViNA+GARDENS+PERCH%28%E3%83%93%E3%83%8A%E3%82%AC%E3%83%BC%E3%83%87%E3%83%B3%E3%82%BA%E3%83%91%E3%83%BC%E3%83%81%29&format=jsonv2&limit=5&addressdetails=1&countrycodes=jp,no_name_prefecture_matched_candidate
jcsc_pdf,https://www.jcsc.or.jp/wpjcsc/wp-content/uploads/2026/05/35212d5b060e16d7f8db21681d51d151.pdf,18,left,兵庫県,加古郡播磨町,,BiVi土山(ビビ土山),"2,160",2160.0,2016年4月,2016.0,4.0,0.7,,島根県|bivi土山ビビ土山,34.71822456060606,134.86898060606063,,municipality_representative,low,,prefecture_inferred_from_municipality,BiVi土山(ビビ土山) 兵庫県 加古郡播磨町 / BiVi土山(ビビ土山) 兵庫県 / BiVi土山(ビビ土山),unresolved,,,,,https://nominatim.openstreetmap.org/search?q=BiVi%E5%9C%9F%E5%B1%B1%28%E3%83%93%E3%83%93%E5%9C%9F%E5%B1%B1%29&format=jsonv2&limit=5&addressdetails=1&countrycodes=jp,no_name_prefecture_matched_candidate
jcsc_pdf,https://www.jcsc.or.jp/wpjcsc/wp-content/uploads/2026/05/35212d5b060e16d7f8db21681d51d151.pdf,8,left,千葉県,流山市,足立区,西新井トスカ,2.118,2118.0,1981年4月,1981.0,4.0,0.875,prefecture_inferred_from_municipality,千葉県|西新井トスカ,35.86814102238806,139.91512308208954,,municipality_representative,low,,,西新井トスカ 千葉県 流山市 / 西新井トスカ 千葉県 / 西新井トスカ,unresolved,,,,,https://nominatim.openstreetmap.org/search?q=%E8%A5%BF%E6%96%B0%E4%BA%95%E3%83%88%E3%82%B9%E3%82%AB&format=jsonv2&limit=5&addressdetails=1&countrycodes=jp,no_name_prefecture_matched_candidate
jcsc_pdf,https://www.jcsc.or.jp/wpjcsc/wp-content/uploads/2026/05/35212d5b060e16d7f8db21681d51d151.pdf,19,right,広島県,福山市,,ines FUKUYAMA(アイネス福山),2.100,2100.0,2011年4月,2011.0,4.0,0.8333,prefecture_inferred_from_municipality,広島県|inesfukuyamaアイネス福山,34.49739434978541,133.3651161416309,,municipality_representative,low,,,ines FUKUYAMA(アイネス福山) 広島県 福山市 / ines FUKUYAMA(アイネス福山) 広島県 / ines FUKUYAMA(アイネス福山),unresolved,,,,,https://nominatim.openstreetmap.org/search?q=ines+FUKUYAMA%28%E3%82%A2%E3%82%A4%E3%83%8D%E3%82%B9%E7%A6%8F%E5%B1%B1%29&format=jsonv2&limit=5&addressdetails=1&countrycodes=jp,no_name_prefecture_matched_candidate
jcsc_pdf,https://www.jcsc.or.jp/wpjcsc/wp-content/uploads/2026/05/35212d5b060e16d7f8db21681d51d151.pdf,13,right,愛知県,刈谷市,,刈谷ハイウェイオアシス,"2,080",2080.0,2004年12月,2004.0,12.0,0.8333,,愛知県|刈谷ハイウェイオアシス,35.00102909681529,137.01270729171975,,municipality_representative,low,,,刈谷ハイウェイオアシス 愛知県 刈谷市,added,岩ヶ池公園（刈谷ハイウェイオアシス）,"岩ヶ池公園（刈谷ハイウェイオアシス）, 刈谷市, 愛知県, 日本",35.0418916,137.0478160,https://nominatim.openstreetmap.org/search?q=%E5%88%88%E8%B0%B7%E3%83%8F%E3%82%A4%E3%82%A6%E3%82%A7%E3%82%A4%E3%82%AA%E3%82%A2%E3%82%B7%E3%82%B9+%E6%84%9B%E7%9F%A5%E7%9C%8C+%E5%88%88%E8%B0%B7%E5%B8%82&format=jsonv2&limit=5&addressdetails=1&countrycodes=jp,
jcsc_pdf,https://www.jcsc.or.jp/wpjcsc/wp-content/uploads/2026/05/35212d5b060e16d7f8db21681d51d151.pdf,4,right,群馬県,藤岡市,,ららん森岡,2.061,2061.0,2000年4月,2000.0,4.0,0.7667,,茨城県|ららん森岡,36.231163510204084,139.05509093877552,,municipality_representative,low,,municipality_alias,ららん森岡 群馬県 藤岡市 / ららん森岡 群馬県 / ららん森岡,unresolved,,,,,https://nominatim.openstreetmap.org/search?q=%E3%82%89%E3%82%89%E3%82%93%E6%A3%AE%E5%B2%A1&format=jsonv2&limit=5&addressdetails=1&countrycodes=jp,no_name_prefecture_matched_candidate
jcsc_pdf,https://www.jcsc.or.jp/wpjcsc/wp-content/uploads/2026/05/35212d5b060e16d7f8db21681d51d151.pdf,19,right,広島県,福山市,,ハローズ南松永店,"1,998",1998.0,1999年2月,1999.0,2.0,0.8333,prefecture_inferred_from_municipality,広島県|ハローズ南松永店,34.49739434978541,133.3651161416309,,municipality_representative,low,,,ハローズ南松永店 広島県 福山市 / ハローズ南松永店 広島県 / ハローズ南松永店,unresolved,,,,,https://nominatim.openstreetmap.org/search?q=%E3%83%8F%E3%83%AD%E3%83%BC%E3%82%BA%E5%8D%97%E6%9D%BE%E6%B0%B8%E5%BA%97&format=jsonv2&limit=5&addressdetails=1&countrycodes=jp,no_name_prefecture_matched_candidate
jcsc_pdf,https://www.jcsc.or.jp/wpjcsc/wp-content/uploads/2026/05/35212d5b060e16d7f8db21681d51d151.pdf,1,right,北海道,室蘭市,,ぷらっと・てついち,"1,985",1985.0,2001年10月,2001.0,10.0,0.8333,,北海道|ぷらっとてついち,42.34344360305343,140.98920862595418,,municipality_representative,low,,,ぷらっと・てついち 北海道 室蘭市,added,ぷらっと・てついち,"ぷらっと・てついち, 室蘭市, 胆振総合振興局, 北海道, 北海道地方, 050-0075, 日本",42.3339643,141.0127249,https://nominatim.openstreetmap.org/search?q=%E3%81%B7%E3%82%89%E3%81%A3%E3%81%A8%E3%83%BB%E3%81%A6%E3%81%A4%E3%81%84%E3%81%A1+%E5%8C%97%E6%B5%B7%E9%81%93+%E5%AE%A4%E8%98%AD%E5%B8%82&format=jsonv2&limit=5&addressdetails=1&countrycodes=jp,
jcsc_pdf,https://www.jcsc.or.jp/wpjcsc/wp-content/uploads/2026/05/35212d5b060e16d7f8db21681d51d151.pdf,12,left,長野県,上伊那郡中川村,,中川ショッピングセンターチャオ,"1,889",1889.0,1990年10月,1990.0,10.0,0.875,,長野県|中川ショッピングセンターチャオ,35.6366705,137.9612085,,municipality_representative,low,,,中川ショッピングセンターチャオ 長野県 上伊那郡中川村 / 中川ショッピングセンターチャオ 長野県 / 中川ショッピングセンターチャオ,unresolved,,,,,https://nominatim.openstreetmap.org/search?q=%E4%B8%AD%E5%B7%9D%E3%82%B7%E3%83%A7%E3%83%83%E3%83%94%E3%83%B3%E3%82%B0%E3%82%BB%E3%83%B3%E3%82%BF%E3%83%BC%E3%83%81%E3%83%A3%E3%82%AA&format=jsonv2&limit=5&addressdetails=1&countrycodes=jp,no_name_prefecture_matched_candidate
jcsc_pdf,https://www.jcsc.or.jp/wpjcsc/wp-content/uploads/2026/05/35212d5b060e16d7f8db21681d51d151.pdf,11,right,山梨県,南アルプス市,,fumotto南アルプス(フモット南アルブス),1.849,1849.0,2024年6月,2024.0,6.0,0.8333,,山梨県|fumotto南アルプスフモット南アルブス,35.61982817910447,138.45836279104478,,municipality_representative,low,,,fumotto南アルプス(フモット南アルブス) 山梨県 南アルプス市 / fumotto南アルプス(フモット南アルブス) 山梨県 / fumotto南アルプス(フモット南アルブス),unresolved,,,,,https://nominatim.openstreetmap.org/search?q=fumotto%E5%8D%97%E3%82%A2%E3%83%AB%E3%83%97%E3%82%B9%28%E3%83%95%E3%83%A2%E3%83%83%E3%83%88%E5%8D%97%E3%82%A2%E3%83%AB%E3%83%96%E3%82%B9%29&format=jsonv2&limit=5&addressdetails=1&countrycodes=jp,no_name_prefecture_matched_candidate
jcsc_pdf,https://www.jcsc.or.jp/wpjcsc/wp-content/uploads/2026/05/35212d5b060e16d7f8db21681d51d151.pdf,13,left,静岡県,静岡市葵区,中村区,ゲートウォーク,"1,800",1800.0,1974年11月,1974.0,11.0,1.0,prefecture_inferred_from_municipality,静岡県|ゲートウォーク,35.00736196509009,138.41285507657656,,municipality_representative,low,,,ゲートウォーク 静岡県 静岡市葵区 / ゲートウォーク 静岡県 / ゲートウォーク,unresolved,,,,,https://nominatim.openstreetmap.org/search?q=%E3%82%B2%E3%83%BC%E3%83%88%E3%82%A6%E3%82%A9%E3%83%BC%E3%82%AF&format=jsonv2&limit=5&addressdetails=1&countrycodes=jp,no_name_prefecture_matched_candidate
jcsc_pdf,https://www.jcsc.or.jp/wpjcsc/wp-content/uploads/2026/05/35212d5b060e16d7f8db21681d51d151.pdf,3,left,宮城県,本吉郡南三陸町,,南三陸さんさん商店街,"1,795",1795.0,2017年3月,2017.0,3.0,0.8333,,岩手県|南三陸さんさん商店街,38.680291114285716,141.44858674285715,,municipality_representative,low,,prefecture_inferred_from_municipality,南三陸さんさん商店街 宮城県 本吉郡南三陸町,added,南三陸さんさん商店街,"南三陸さんさん商店街, 5, 志津川, 南三陸町, 本吉郡, 宮城県, 986-0752, 日本",38.6777142,141.4484686,https://nominatim.openstreetmap.org/search?q=%E5%8D%97%E4%B8%89%E9%99%B8%E3%81%95%E3%82%93%E3%81%95%E3%82%93%E5%95%86%E5%BA%97%E8%A1%97+%E5%AE%AE%E5%9F%8E%E7%9C%8C+%E6%9C%AC%E5%90%89%E9%83%A1%E5%8D%97%E4%B8%89%E9%99%B8%E7%94%BA&format=jsonv2&limit=5&addressdetails=1&countrycodes=jp,
jcsc_pdf,https://www.jcsc.or.jp/wpjcsc/wp-content/uploads/2026/05/35212d5b060e16d7f8db21681d51d151.pdf,13,left,静岡県,静岡市葵区,中川区,フィールアイアイプラザ,"1,709",1709.0,1982年3月,1982.0,3.0,0.875,prefecture_inferred_from_municipality,静岡県|フィールアイアイプラザ,35.00736196509009,138.41285507657656,,municipality_representative,low,,,フィールアイアイプラザ 静岡県 静岡市葵区 / フィールアイアイプラザ 静岡県 / フィールアイアイプラザ,unresolved,,,,,https://nominatim.openstreetmap.org/search?q=%E3%83%95%E3%82%A3%E3%83%BC%E3%83%AB%E3%82%A2%E3%82%A4%E3%82%A2%E3%82%A4%E3%83%97%E3%83%A9%E3%82%B6&format=jsonv2&limit=5&addressdetails=1&countrycodes=jp,no_name_prefecture_matched_candidate
jcsc_pdf,https://www.jcsc.or.jp/wpjcsc/wp-content/uploads/2026/05/35212d5b060e16d7f8db21681d51d151.pdf,20,right,高知県,高知市,,ひろめ市場,"1,600",1600.0,1938年10月,1938.0,10.0,0.8333,,高知県|ひろめ市場,33.559094978417264,133.53150826858513,,municipality_representative,low,,,ひろめ市場 高知県 高知市,added,ひろめ市場,"ひろめ市場, 追手筋, 追手筋一丁目, 廿代町, 高知市, 高知県, 780-8571, 日本",33.5604480,133.5356877,https://nominatim.openstreetmap.org/search?q=%E3%81%B2%E3%82%8D%E3%82%81%E5%B8%82%E5%A0%B4+%E9%AB%98%E7%9F%A5%E7%9C%8C+%E9%AB%98%E7%9F%A5%E5%B8%82&format=jsonv2&limit=5&addressdetails=1&countrycodes=jp,
jcsc_pdf,https://www.jcsc.or.jp/wpjcsc/wp-content/uploads/2026/05/35212d5b060e16d7f8db21681d51d151.pdf,9,left,神奈川県,横浜市中区,中区,桜木町びおシティ(桜木町ゴールデンセンター),1.576,1576.0,1968年5月,1968.0,5.0,0.75,prefecture_inferred_from_municipality,神奈川県|桜木町びおシティ桜木町ゴールデンセンター,35.43938251162791,139.63989502325583,,municipality_representative,low,,,桜木町びおシティ(桜木町ゴールデンセンター) 神奈川県 横浜市中区 / 桜木町びおシティ(桜木町ゴールデンセンター) 神奈川県 / 桜木町びおシティ(桜木町ゴールデンセンター),unresolved,,,,,https://nominatim.openstreetmap.org/search?q=%E6%A1%9C%E6%9C%A8%E7%94%BA%E3%81%B3%E3%81%8A%E3%82%B7%E3%83%86%E3%82%A3%28%E6%A1%9C%E6%9C%A8%E7%94%BA%E3%82%B4%E3%83%BC%E3%83%AB%E3%83%87%E3%83%B3%E3%82%BB%E3%83%B3%E3%82%BF%E3%83%BC%29&format=jsonv2&limit=5&addressdetails=1&countrycodes=jp,no_name_prefecture_matched_candidate
jcsc_pdf,https://www.jcsc.or.jp/wpjcsc/wp-content/uploads/2026/05/35212d5b060e16d7f8db21681d51d151.pdf,18,left,兵庫県,養父市,,やぶYタウン,1.555,1555.0,2001年11月,2001.0,11.0,0.7,prefecture_inferred_from_municipality,兵庫県|やぶyタウン,35.36952464661654,134.7334941879699,,municipality_representative,low,,,やぶYタウン 兵庫県 養父市 / やぶYタウン 兵庫県 / やぶYタウン,unresolved,,,,,https://nominatim.openstreetmap.org/search?q=%E3%82%84%E3%81%B6Y%E3%82%BF%E3%82%A6%E3%83%B3&format=jsonv2&limit=5&addressdetails=1&countrycodes=jp,no_name_prefecture_matched_candidate
jcsc_pdf,https://www.jcsc.or.jp/wpjcsc/wp-content/uploads/2026/05/35212d5b060e16d7f8db21681d51d151.pdf,13,right,愛知県,西尾市,,一色さかなセンター(さかな広場),"1,546",1546.0,1992年4月,1992.0,4.0,0.8333,,愛知県|一色さかなセンターさかな広場,34.837931897967316,137.06480074172978,,municipality_representative,low,,,一色さかなセンター(さかな広場) 愛知県 西尾市 / 一色さかなセンター(さかな広場) 愛知県 / 一色さかなセンター(さかな広場),unresolved,,,,,https://nominatim.openstreetmap.org/search?q=%E4%B8%80%E8%89%B2%E3%81%95%E3%81%8B%E3%81%AA%E3%82%BB%E3%83%B3%E3%82%BF%E3%83%BC%28%E3%81%95%E3%81%8B%E3%81%AA%E5%BA%83%E5%A0%B4%29&format=jsonv2&limit=5&addressdetails=1&countrycodes=jp,no_name_prefecture_matched_candidate
jcsc_pdf,https://www.jcsc.or.jp/wpjcsc/wp-content/uploads/2026/05/35212d5b060e16d7f8db21681d51d151.pdf,7,left,千葉県,流山市,新宿区,アトレ四谷,1.540,1540.0,1990年9月,1990.0,9.0,0.8333,prefecture_inferred_from_municipality,千葉県|アトレ四谷,35.86814102238806,139.91512308208954,,municipality_representative,low,,,アトレ四谷 千葉県 流山市 / アトレ四谷 千葉県 / アトレ四谷,unresolved,,,,,https://nominatim.openstreetmap.org/search?q=%E3%82%A2%E3%83%88%E3%83%AC%E5%9B%9B%E8%B0%B7&format=jsonv2&limit=5&addressdetails=1&countrycodes=jp,no_name_prefecture_matched_candidate
jcsc_pdf,https://www.jcsc.or.jp/wpjcsc/wp-content/uploads/2026/05/35212d5b060e16d7f8db21681d51d151.pdf,21,right,佐賀県,佐賀市,,アルタ開成店,1.517,1517.0,1989年8月,1989.0,8.0,0.7667,,佐賀県|アルタ開成店,33.27396476923077,130.28796232692306,,municipality_representative,low,,,アルタ開成店 佐賀県 佐賀市 / アルタ開成店 佐賀県 / アルタ開成店,unresolved,,,,,https://nominatim.openstreetmap.org/search?q=%E3%82%A2%E3%83%AB%E3%82%BF%E9%96%8B%E6%88%90%E5%BA%97&format=jsonv2&limit=5&addressdetails=1&countrycodes=jp,no_name_prefecture_matched_candidate
jcsc_pdf,https://www.jcsc.or.jp/wpjcsc/wp-content/uploads/2026/05/35212d5b060e16d7f8db21681d51d151.pdf,17,left,兵庫県,神戸市北区,北区,ベルスト鈴蘭台,1.251,1251.0,2018年9月,2018.0,9.0,0.8333,prefecture_inferred_from_municipality,兵庫県|ベルスト鈴蘭台,34.76665262022901,135.15787941030533,,municipality_representative,low,,,ベルスト鈴蘭台 兵庫県 神戸市北区 / ベルスト鈴蘭台 兵庫県 / ベルスト鈴蘭台,unresolved,,,,,https://nominatim.openstreetmap.org/search?q=%E3%83%99%E3%83%AB%E3%82%B9%E3%83%88%E9%88%B4%E8%98%AD%E5%8F%B0&format=jsonv2&limit=5&addressdetails=1&countrycodes=jp,no_name_prefecture_matched_candidate
jcsc_pdf,https://www.jcsc.or.jp/wpjcsc/wp-content/uploads/2026/05/35212d5b060e16d7f8db21681d51d151.pdf,8,left,東京都,立川市,,ルミネ立川,24.79,24.79,1982年10月,1982.0,10.0,0.8333,,東京都|ルミネ立川,35.71420006329114,139.40535181012658,,municipality_representative,low,,,ルミネ立川 東京都 立川市,added,ルミネ立川,"ルミネ立川, 1, 曙町二丁目, 曙町, 立川市, 東京都, 190-0012, 日本",35.6983926,139.4137703,https://nominatim.openstreetmap.org/search?q=%E3%83%AB%E3%83%9F%E3%83%8D%E7%AB%8B%E5%B7%9D+%E6%9D%B1%E4%BA%AC%E9%83%BD+%E7%AB%8B%E5%B7%9D%E5%B8%82&format=jsonv2&limit=5&addressdetails=1&countrycodes=jp,
jcsc_pdf,https://www.jcsc.or.jp/wpjcsc/wp-content/uploads/2026/05/35212d5b060e16d7f8db21681d51d151.pdf,10,left,神奈川県,平塚市,,ラスカ平塚,,,1973年6月,1973.0,6.0,0.6,area_missing|prefecture_inferred_from_municipality,神奈川県|ラスカ平塚,35.34674984615385,139.33464341666667,,municipality_representative,low,,,ラスカ平塚 神奈川県 平塚市,added,ラスカ平塚,"ラスカ平塚, 浜大門通り, 紅谷町, 平塚市, 神奈川県, 254-0034, 日本",35.3281883,139.3498394,https://nominatim.openstreetmap.org/search?q=%E3%83%A9%E3%82%B9%E3%82%AB%E5%B9%B3%E5%A1%9A+%E7%A5%9E%E5%A5%88%E5%B7%9D%E7%9C%8C+%E5%B9%B3%E5%A1%9A%E5%B8%82&format=jsonv2&limit=5&addressdetails=1&countrycodes=jp,
jcsc_pdf,https://www.jcsc.or.jp/wpjcsc/wp-content/uploads/2026/05/35212d5b060e16d7f8db21681d51d151.pdf,10,left,神奈川県,平塚市,,OSC湘南シティ,,,1999年4月,1999.0,4.0,0.75,area_missing|prefecture_inferred_from_municipality,神奈川県|osc湘南シティ,35.34674984615385,139.33464341666667,,municipality_representative,low,,,OSC湘南シティ 神奈川県 平塚市,added,OSC湘南シティ 南側駐輪場,"OSC湘南シティ 南側駐輪場, 国道129号, 馬入本町, 平塚市, 神奈川県, 254-0807, 日本",35.3281220,139.3586170,https://nominatim.openstreetmap.org/search?q=OSC%E6%B9%98%E5%8D%97%E3%82%B7%E3%83%86%E3%82%A3+%E7%A5%9E%E5%A5%88%E5%B7%9D%E7%9C%8C+%E5%B9%B3%E5%A1%9A%E5%B8%82&format=jsonv2&limit=5&addressdetails=1&countrycodes=jp,
jcsc_pdf,https://www.jcsc.or.jp/wpjcsc/wp-content/uploads/2026/05/35212d5b060e16d7f8db21681d51d151.pdf,10,left,神奈川県,平塚市,,ユーユー梅屋,,,2012年9月,2012.0,9.0,0.65,area_missing|prefecture_inferred_from_municipality,神奈川県|ユーユー梅屋,35.34674984615385,139.33464341666667,,municipality_representative,low,,,ユーユー梅屋 神奈川県 平塚市 / ユーユー梅屋 神奈川県 / ユーユー梅屋,unresolved,,,,,https://nominatim.openstreetmap.org/search?q=%E3%83%A6%E3%83%BC%E3%83%A6%E3%83%BC%E6%A2%85%E5%B1%8B&format=jsonv2&limit=5&addressdetails=1&countrycodes=jp,no_name_prefecture_matched_candidate
jcsc_pdf,https://www.jcsc.or.jp/wpjcsc/wp-content/uploads/2026/05/35212d5b060e16d7f8db21681d51d151.pdf,10,left,神奈川県,平塚市,,ヤオコー平塚宮松町店,,,2013年11月,2013.0,11.0,0.65,area_missing|prefecture_inferred_from_municipality,神奈川県|ヤオコー平塚宮松町店,35.34674984615385,139.33464341666667,,municipality_representative,low,,,ヤオコー平塚宮松町店 神奈川県 平塚市 / ヤオコー平塚宮松町店 神奈川県 / ヤオコー平塚宮松町店,unresolved,,,,,https://nominatim.openstreetmap.org/search?q=%E3%83%A4%E3%82%AA%E3%82%B3%E3%83%BC%E5%B9%B3%E5%A1%9A%E5%AE%AE%E6%9D%BE%E7%94%BA%E5%BA%97&format=jsonv2&limit=5&addressdetails=1&countrycodes=jp,no_name_prefecture_matched_candidate
jcsc_pdf,https://www.jcsc.or.jp/wpjcsc/wp-content/uploads/2026/05/35212d5b060e16d7f8db21681d51d151.pdf,10,left,神奈川県,鎌倉市,,松竹大船ビル(イトーヨーカドー大船店),,,1981年6月,1981.0,6.0,0.6667,area_missing|prefecture_inferred_from_municipality,神奈川県|松竹大船ビルイトーヨーカドー大船店,35.32705554248366,139.5347371111111,,municipality_representative,low,,,松竹大船ビル(イトーヨーカドー大船店) 神奈川県 鎌倉市 / 松竹大船ビル(イトーヨーカドー大船店) 神奈川県 / 松竹大船ビル(イトーヨーカドー大船店),unresolved,,,,,https://nominatim.openstreetmap.org/search?q=%E6%9D%BE%E7%AB%B9%E5%A4%A7%E8%88%B9%E3%83%93%E3%83%AB%28%E3%82%A4%E3%83%88%E3%83%BC%E3%83%A8%E3%83%BC%E3%82%AB%E3%83%89%E3%83%BC%E5%A4%A7%E8%88%B9%E5%BA%97%29&format=jsonv2&limit=5&addressdetails=1&countrycodes=jp,no_name_prefecture_matched_candidate
jcsc_pdf,https://www.jcsc.or.jp/wpjcsc/wp-content/uploads/2026/05/35212d5b060e16d7f8db21681d51d151.pdf,10,left,神奈川県,鎌倉市,,大船ルミネウィング,,,1992年9月,1992.0,9.0,0.75,area_missing|prefecture_inferred_from_municipality,神奈川県|大船ルミネウィング,35.32705554248366,139.5347371111111,,municipality_representative,low,,,大船ルミネウィング 神奈川県 鎌倉市 / 大船ルミネウィング 神奈川県 / 大船ルミネウィング,unresolved,,,,,https://nominatim.openstreetmap.org/search?q=%E5%A4%A7%E8%88%B9%E3%83%AB%E3%83%9F%E3%83%8D%E3%82%A6%E3%82%A3%E3%83%B3%E3%82%B0&format=jsonv2&limit=5&addressdetails=1&countrycodes=jp,no_name_prefecture_matched_candidate
jcsc_pdf,https://www.jcsc.or.jp/wpjcsc/wp-content/uploads/2026/05/35212d5b060e16d7f8db21681d51d151.pdf,10,left,神奈川県,鎌倉市,,コーナン鎌倉大船モール,,,2004年12月,2004.0,12.0,0.75,area_missing|prefecture_inferred_from_municipality,神奈川県|コーナン鎌倉大船モール,35.32705554248366,139.5347371111111,,municipality_representative,low,,,コーナン鎌倉大船モール 神奈川県 鎌倉市 / コーナン鎌倉大船モール 神奈川県 / コーナン鎌倉大船モール,unresolved,,,,,https://nominatim.openstreetmap.org/search?q=%E3%82%B3%E3%83%BC%E3%83%8A%E3%83%B3%E9%8E%8C%E5%80%89%E5%A4%A7%E8%88%B9%E3%83%A2%E3%83%BC%E3%83%AB&format=jsonv2&limit=5&addressdetails=1&countrycodes=jp,no_name_prefecture_matched_candidate
jcsc_pdf,https://www.jcsc.or.jp/wpjcsc/wp-content/uploads/2026/05/35212d5b060e16d7f8db21681d51d151.pdf,10,left,神奈川県,藤沢市,,フジサワ名店ビル,,,1965年11月,1965.0,11.0,0.6667,area_missing|prefecture_inferred_from_municipality,神奈川県|フジサワ名店ビル,35.34927385308057,139.47287400473934,,municipality_representative,low,,,フジサワ名店ビル 神奈川県 藤沢市,added,フジサワ名店ビル,"フジサワ名店ビル, 遊行通り, 朝日町, 鵠沼石上, 藤沢市, 神奈川県, 251-8558, 日本",35.3386364,139.4885771,https://nominatim.openstreetmap.org/search?q=%E3%83%95%E3%82%B8%E3%82%B5%E3%83%AF%E5%90%8D%E5%BA%97%E3%83%93%E3%83%AB+%E7%A5%9E%E5%A5%88%E5%B7%9D%E7%9C%8C+%E8%97%A4%E6%B2%A2%E5%B8%82&format=jsonv2&limit=5&addressdetails=1&countrycodes=jp,
jcsc_pdf,https://www.jcsc.or.jp/wpjcsc/wp-content/uploads/2026/05/35212d5b060e16d7f8db21681d51d151.pdf,10,left,神奈川県,藤沢市,,ダイヤモンドビル,,,1966年12月,1966.0,12.0,1.0,area_missing|prefecture_inferred_from_municipality,神奈川県|ダイヤモンドビル,35.34927385308057,139.47287400473934,,municipality_representative,low,,,ダイヤモンドビル 神奈川県 藤沢市,added,ダイヤモンドビル,"ダイヤモンドビル, 遊行通り, 朝日町, 鵠沼石上, 藤沢市, 神奈川県, 251-8558, 日本",35.3383680,139.4884752,https://nominatim.openstreetmap.org/search?q=%E3%83%80%E3%82%A4%E3%83%A4%E3%83%A2%E3%83%B3%E3%83%89%E3%83%93%E3%83%AB+%E7%A5%9E%E5%A5%88%E5%B7%9D%E7%9C%8C+%E8%97%A4%E6%B2%A2%E5%B8%82&format=jsonv2&limit=5&addressdetails=1&countrycodes=jp,
jcsc_pdf,https://www.jcsc.or.jp/wpjcsc/wp-content/uploads/2026/05/35212d5b060e16d7f8db21681d51d151.pdf,10,left,神奈川県,藤沢市,,湘南沢オーパ,,,1986年3月,1986.0,3.0,0.65,area_missing|prefecture_inferred_from_municipality,神奈川県|湘南沢オーパ,35.34927385308057,139.47287400473934,,municipality_representative,low,,,湘南沢オーパ 神奈川県 藤沢市 / 湘南沢オーパ 神奈川県 / 湘南沢オーパ,unresolved,,,,,https://nominatim.openstreetmap.org/search?q=%E6%B9%98%E5%8D%97%E6%B2%A2%E3%82%AA%E3%83%BC%E3%83%91&format=jsonv2&limit=5&addressdetails=1&countrycodes=jp,no_name_prefecture_matched_candidate
jcsc_pdf,https://www.jcsc.or.jp/wpjcsc/wp-content/uploads/2026/05/35212d5b060e16d7f8db21681d51d151.pdf,10,left,神奈川県,藤沢市,,ルミネ藤沢,,,1987年2月,1987.0,2.0,0.75,area_missing|prefecture_inferred_from_municipality,神奈川県|ルミネ藤沢,35.34927385308057,139.47287400473934,,municipality_representative,low,,,ルミネ藤沢 神奈川県 藤沢市,added,ルミネ,"ルミネ, 1, 藤沢, 鵠沼橘, 藤沢市, 神奈川県, 251-0052, 日本",35.3391355,139.4869186,https://nominatim.openstreetmap.org/search?q=%E3%83%AB%E3%83%9F%E3%83%8D%E8%97%A4%E6%B2%A2+%E7%A5%9E%E5%A5%88%E5%B7%9D%E7%9C%8C+%E8%97%A4%E6%B2%A2%E5%B8%82&format=jsonv2&limit=5&addressdetails=1&countrycodes=jp,
jcsc_pdf,https://www.jcsc.or.jp/wpjcsc/wp-content/uploads/2026/05/35212d5b060e16d7f8db21681d51d151.pdf,10,left,神奈川県,藤沢市,,湘南とうきゅう,,,1996年3月,1996.0,3.0,0.75,area_missing|prefecture_inferred_from_municipality,神奈川県|湘南とうきゅう,35.34927385308057,139.47287400473934,,municipality_representative,low,,,湘南とうきゅう 神奈川県 藤沢市,added,湘南とうきゅう店,"湘南とうきゅう店, 辻堂駅遠藤線, 藤沢市, 神奈川県, 251-0861, 日本",35.3712408,139.4416215,https://nominatim.openstreetmap.org/search?q=%E6%B9%98%E5%8D%97%E3%81%A8%E3%81%86%E3%81%8D%E3%82%85%E3%81%86+%E7%A5%9E%E5%A5%88%E5%B7%9D%E7%9C%8C+%E8%97%A4%E6%B2%A2%E5%B8%82&format=jsonv2&limit=5&addressdetails=1&countrycodes=jp,
jcsc_pdf,https://www.jcsc.or.jp/wpjcsc/wp-content/uploads/2026/05/35212d5b060e16d7f8db21681d51d151.pdf,10,left,神奈川県,藤沢市,,イトーヨーカドー湘南台店,,,2002年11月,2002.0,11.0,0.75,area_missing|prefecture_inferred_from_municipality,神奈川県|イトーヨーカドー湘南台店,35.34927385308057,139.47287400473934,,municipality_representative,low,,,イトーヨーカドー湘南台店 神奈川県 藤沢市,added,イトーヨーカドー 湘南台店,"イトーヨーカドー 湘南台店, 湘南台大神伊勢原線, 石川六丁目, 藤沢市, 神奈川県, 252-0815, 日本",35.3930620,139.4471780,https://nominatim.openstreetmap.org/search?q=%E3%82%A4%E3%83%88%E3%83%BC%E3%83%A8%E3%83%BC%E3%82%AB%E3%83%89%E3%83%BC%E6%B9%98%E5%8D%97%E5%8F%B0%E5%BA%97+%E7%A5%9E%E5%A5%88%E5%B7%9D%E7%9C%8C+%E8%97%A4%E6%B2%A2%E5%B8%82&format=jsonv2&limit=5&addressdetails=1&countrycodes=jp,
jcsc_pdf,https://www.jcsc.or.jp/wpjcsc/wp-content/uploads/2026/05/35212d5b060e16d7f8db21681d51d151.pdf,10,left,神奈川県,藤沢市,,湘南モールフィル,,,2003年3月,2003.0,3.0,1.0,area_missing|prefecture_inferred_from_municipality,神奈川県|湘南モールフィル,35.34927385308057,139.47287400473934,,municipality_representative,low,,,湘南モールフィル 神奈川県 藤沢市,added,湘南モールフィル,"湘南モールフィル, 1, 辻堂新町四丁目, 藤沢市, 神奈川県, 251-0043, 日本",35.3388446,139.4646319,https://nominatim.openstreetmap.org/search?q=%E6%B9%98%E5%8D%97%E3%83%A2%E3%83%BC%E3%83%AB%E3%83%95%E3%82%A3%E3%83%AB+%E7%A5%9E%E5%A5%88%E5%B7%9D%E7%9C%8C+%E8%97%A4%E6%B2%A2%E5%B8%82&format=jsonv2&limit=5&addressdetails=1&countrycodes=jp,
jcsc_pdf,https://www.jcsc.or.jp/wpjcsc/wp-content/uploads/2026/05/35212d5b060e16d7f8db21681d51d151.pdf,10,left,神奈川県,藤沢市,,トレアージュ白旗,,,2003年4月,2003.0,4.0,0.75,area_missing|prefecture_inferred_from_municipality,神奈川県|トレアージュ白旗,35.34927385308057,139.47287400473934,,municipality_representative,low,,,トレアージュ白旗 神奈川県 藤沢市,added,トレアージュ白旗,"トレアージュ白旗, 藤沢市道403号線, 藤沢二丁目, 藤沢市, 神奈川県, 251-0002, 日本",35.3491824,139.4794505,https://nominatim.openstreetmap.org/search?q=%E3%83%88%E3%83%AC%E3%82%A2%E3%83%BC%E3%82%B8%E3%83%A5%E7%99%BD%E6%97%97+%E7%A5%9E%E5%A5%88%E5%B7%9D%E7%9C%8C+%E8%97%A4%E6%B2%A2%E5%B8%82&format=jsonv2&limit=5&addressdetails=1&countrycodes=jp,
jcsc_pdf,https://www.jcsc.or.jp/wpjcsc/wp-content/uploads/2026/05/35212d5b060e16d7f8db21681d51d151.pdf,10,left,神奈川県,藤沢市,,MrMax湘南藤沢ショッピングセンター,,,2006年6月,2006.0,6.0,1.0,area_missing|prefecture_inferred_from_municipality,神奈川県|mrmax湘南藤沢ショッピングセンター,35.34927385308057,139.47287400473934,,municipality_representative,low,,,MrMax湘南藤沢ショッピングセンター 神奈川県 藤沢市,added,MrMax湘南藤沢ショッピングセンター,"MrMax湘南藤沢ショッピングセンター, 藤沢羽鳥線, 辻堂新町四丁目, 藤沢市, 神奈川県, 251-0043, 日本",35.3403543,139.4645233,https://nominatim.openstreetmap.org/search?q=MrMax%E6%B9%98%E5%8D%97%E8%97%A4%E6%B2%A2%E3%82%B7%E3%83%A7%E3%83%83%E3%83%94%E3%83%B3%E3%82%B0%E3%82%BB%E3%83%B3%E3%82%BF%E3%83%BC+%E7%A5%9E%E5%A5%88%E5%B7%9D%E7%9C%8C+%E8%97%A4%E6%B2%A2%E5%B8%82&format=jsonv2&limit=5&addressdetails=1&countrycodes=jp,
jcsc_pdf,https://www.jcsc.or.jp/wpjcsc/wp-content/uploads/2026/05/35212d5b060e16d7f8db21681d51d151.pdf,10,left,神奈川県,藤沢市,,LUz湘南辻堂(ラズ湘南辻堂),,,2010年12月,2010.0,12.0,0.75,area_missing|prefecture_inferred_from_municipality,神奈川県|luz湘南辻堂ラズ湘南辻堂,35.34927385308057,139.47287400473934,,municipality_representative,low,,,LUz湘南辻堂(ラズ湘南辻堂) 神奈川県 藤沢市 / LUz湘南辻堂(ラズ湘南辻堂) 神奈川県 / LUz湘南辻堂(ラズ湘南辻堂),unresolved,,,,,https://nominatim.openstreetmap.org/search?q=LUz%E6%B9%98%E5%8D%97%E8%BE%BB%E5%A0%82%28%E3%83%A9%E3%82%BA%E6%B9%98%E5%8D%97%E8%BE%BB%E5%A0%82%29&format=jsonv2&limit=5&addressdetails=1&countrycodes=jp,no_name_prefecture_matched_candidate
jcsc_pdf,https://www.jcsc.or.jp/wpjcsc/wp-content/uploads/2026/05/35212d5b060e16d7f8db21681d51d151.pdf,10,left,神奈川県,藤沢市,,テラスモール湘南,,,2011年11月,2011.0,11.0,0.75,area_missing|prefecture_inferred_from_municipality,神奈川県|テラスモール湘南,35.34927385308057,139.47287400473934,,municipality_representative,low,,,テラスモール湘南 神奈川県 藤沢市,added,テラスモール湘南,"テラスモール湘南, 辻堂駅初タラ線, 辻堂神台一丁目, 藤沢市, 神奈川県, 251-0041, 日本",35.3385877,139.4462567,https://nominatim.openstreetmap.org/search?q=%E3%83%86%E3%83%A9%E3%82%B9%E3%83%A2%E3%83%BC%E3%83%AB%E6%B9%98%E5%8D%97+%E7%A5%9E%E5%A5%88%E5%B7%9D%E7%9C%8C+%E8%97%A4%E6%B2%A2%E5%B8%82&format=jsonv2&limit=5&addressdetails=1&countrycodes=jp,
jcsc_pdf,https://www.jcsc.or.jp/wpjcsc/wp-content/uploads/2026/05/35212d5b060e16d7f8db21681d51d151.pdf,10,left,神奈川県,藤沢市,,湘南T-SITE,,,2014年12月,2014.0,12.0,1.0,area_missing|prefecture_inferred_from_municipality,神奈川県|湘南tsite,35.34927385308057,139.47287400473934,,municipality_representative,low,,,湘南T-SITE 神奈川県 藤沢市 / 湘南T-SITE 神奈川県 / 湘南T-SITE,unresolved,,,,,https://nominatim.openstreetmap.org/search?q=%E6%B9%98%E5%8D%97T-SITE&format=jsonv2&limit=5&addressdetails=1&countrycodes=jp,no_name_prefecture_matched_candidate
jcsc_pdf,https://www.jcsc.or.jp/wpjcsc/wp-content/uploads/2026/05/35212d5b060e16d7f8db21681d51d151.pdf,10,left,神奈川県,小田原市,,ダイナシティイースト,,,1983年10月,1983.0,10.0,1.0,area_missing|prefecture_inferred_from_municipality,神奈川県|ダイナシティイースト,35.27306347887324,139.16953124647887,,municipality_representative,low,,,ダイナシティイースト 神奈川県 小田原市 / ダイナシティイースト 神奈川県 / ダイナシティイースト,unresolved,,,,,https://nominatim.openstreetmap.org/search?q=%E3%83%80%E3%82%A4%E3%83%8A%E3%82%B7%E3%83%86%E3%82%A3%E3%82%A4%E3%83%BC%E3%82%B9%E3%83%88&format=jsonv2&limit=5&addressdetails=1&countrycodes=jp,no_name_prefecture_matched_candidate
jcsc_pdf,https://www.jcsc.or.jp/wpjcsc/wp-content/uploads/2026/05/35212d5b060e16d7f8db21681d51d151.pdf,10,left,神奈川県,小田原市,,フレスポ小田原シティーモール,,,1999年3月,1999.0,3.0,0.75,area_missing|prefecture_inferred_from_municipality,神奈川県|フレスポ小田原シティーモール,35.27306347887324,139.16953124647887,,municipality_representative,low,,,フレスポ小田原シティーモール 神奈川県 小田原市,added,フレスポ小田原シティーモール,"フレスポ小田原シティーモール, 巡礼街道, 小八幡, 小田原市, 神奈川県, 256-8799, 日本",35.2808711,139.1938456,https://nominatim.openstreetmap.org/search?q=%E3%83%95%E3%83%AC%E3%82%B9%E3%83%9D%E5%B0%8F%E7%94%B0%E5%8E%9F%E3%82%B7%E3%83%86%E3%82%A3%E3%83%BC%E3%83%A2%E3%83%BC%E3%83%AB+%E7%A5%9E%E5%A5%88%E5%B7%9D%E7%9C%8C+%E5%B0%8F%E7%94%B0%E5%8E%9F%E5%B8%82&format=jsonv2&limit=5&addressdetails=1&countrycodes=jp,
jcsc_pdf,https://www.jcsc.or.jp/wpjcsc/wp-content/uploads/2026/05/35212d5b060e16d7f8db21681d51d151.pdf,10,left,神奈川県,小田原市,,ダイナシティ ウエスト,,,2000年9月,2000.0,9.0,1.0,area_missing|prefecture_inferred_from_municipality,神奈川県|ダイナシティウエスト,35.27306347887324,139.16953124647887,,municipality_representative,low,,,ダイナシティ ウエスト 神奈川県 小田原市 / ダイナシティ ウエスト 神奈川県 / ダイナシティ ウエスト,unresolved,,,,,https://nominatim.openstreetmap.org/search?q=%E3%83%80%E3%82%A4%E3%83%8A%E3%82%B7%E3%83%86%E3%82%A3+%E3%82%A6%E3%82%A8%E3%82%B9%E3%83%88&format=jsonv2&limit=5&addressdetails=1&countrycodes=jp,no_name_prefecture_matched_candidate
jcsc_pdf,https://www.jcsc.or.jp/wpjcsc/wp-content/uploads/2026/05/35212d5b060e16d7f8db21681d51d151.pdf,10,left,神奈川県,小田原市,,ラスカ小田原,,,2005年6月,2005.0,6.0,0.75,area_missing|prefecture_inferred_from_municipality,神奈川県|ラスカ小田原,35.27306347887324,139.16953124647887,,municipality_representative,low,,,ラスカ小田原 神奈川県 小田原市,added,ラスカ小田原,"ラスカ小田原, お城通り, 栄町一丁目, 小田原市, 神奈川県, 250-0011, 日本",35.2556715,139.1559520,https://nominatim.openstreetmap.org/search?q=%E3%83%A9%E3%82%B9%E3%82%AB%E5%B0%8F%E7%94%B0%E5%8E%9F+%E7%A5%9E%E5%A5%88%E5%B7%9D%E7%9C%8C+%E5%B0%8F%E7%94%B0%E5%8E%9F%E5%B8%82&format=jsonv2&limit=5&addressdetails=1&countrycodes=jp,
jcsc_pdf,https://www.jcsc.or.jp/wpjcsc/wp-content/uploads/2026/05/35212d5b060e16d7f8db21681d51d151.pdf,10,left,神奈川県,茅ヶ崎市,,BLiX茅ヶ崎(ブリックス茅ヶ崎),,,1979年10月,1979.0,10.0,0.8333,area_missing|prefecture_inferred_from_municipality,神奈川県|blix茅ヶ崎ブリックス茅ヶ崎,35.336998801652896,139.41119055371902,,municipality_representative,low,,,BLiX茅ヶ崎(ブリックス茅ヶ崎) 神奈川県 茅ヶ崎市 / BLiX茅ヶ崎(ブリックス茅ヶ崎) 神奈川県 / BLiX茅ヶ崎(ブリックス茅ヶ崎),unresolved,,,,,https://nominatim.openstreetmap.org/search?q=BLiX%E8%8C%85%E3%83%B6%E5%B4%8E%28%E3%83%96%E3%83%AA%E3%83%83%E3%82%AF%E3%82%B9%E8%8C%85%E3%83%B6%E5%B4%8E%29&format=jsonv2&limit=5&addressdetails=1&countrycodes=jp,no_name_prefecture_matched_candidate
jcsc_pdf,https://www.jcsc.or.jp/wpjcsc/wp-content/uploads/2026/05/35212d5b060e16d7f8db21681d51d151.pdf,10,left,神奈川県,茅ヶ崎市,,茅ヶ崎ショッピングセンター,,,1981年5月,1981.0,5.0,1.0,area_missing|prefecture_inferred_from_municipality,神奈川県|茅ヶ崎ショッピングセンター,35.336998801652896,139.41119055371902,,municipality_representative,low,,,茅ヶ崎ショッピングセンター 神奈川県 茅ヶ崎市 / 茅ヶ崎ショッピングセンター 神奈川県 / 茅ヶ崎ショッピングセンター,unresolved,,,,,https://nominatim.openstreetmap.org/search?q=%E8%8C%85%E3%83%B6%E5%B4%8E%E3%82%B7%E3%83%A7%E3%83%83%E3%83%94%E3%83%B3%E3%82%B0%E3%82%BB%E3%83%B3%E3%82%BF%E3%83%BC&format=jsonv2&limit=5&addressdetails=1&countrycodes=jp,no_name_prefecture_matched_candidate
jcsc_pdf,https://www.jcsc.or.jp/wpjcsc/wp-content/uploads/2026/05/35212d5b060e16d7f8db21681d51d151.pdf,10,left,神奈川県,茅ヶ崎市,,ラスカ茅ヶ崎,,,1985年4月,1985.0,4.0,0.75,area_missing|prefecture_inferred_from_municipality,神奈川県|ラスカ茅ヶ崎,35.336998801652896,139.41119055371902,,municipality_representative,low,,,ラスカ茅ヶ崎 神奈川県 茅ヶ崎市,added,ラスカ茅ヶ崎,"ラスカ茅ヶ崎, 茅ヶ崎停車場茅ヶ崎線(雄三通り), 東海岸北一丁目, 茅ヶ崎市, 神奈川県, 253-0053, 日本",35.3304069,139.4061633,https://nominatim.openstreetmap.org/search?q=%E3%83%A9%E3%82%B9%E3%82%AB%E8%8C%85%E3%83%B6%E5%B4%8E+%E7%A5%9E%E5%A5%88%E5%B7%9D%E7%9C%8C+%E8%8C%85%E3%83%B6%E5%B4%8E%E5%B8%82&format=jsonv2&limit=5&addressdetails=1&countrycodes=jp,
jcsc_pdf,https://www.jcsc.or.jp/wpjcsc/wp-content/uploads/2026/05/35212d5b060e16d7f8db21681d51d151.pdf,10,left,神奈川県,茅ヶ崎市,,そよら湘南茅ヶ崎,,,1995年3月,1995.0,3.0,0.75,area_missing|prefecture_inferred_from_municipality,神奈川県|そよら湘南茅ヶ崎,35.336998801652896,139.41119055371902,,municipality_representative,low,,,そよら湘南茅ヶ崎 神奈川県 茅ヶ崎市,added,そよら湘南茅ヶ崎,"そよら湘南茅ヶ崎, 国道1号, 元町, 茅ヶ崎市, 神奈川県, 253-0043, 日本",35.3347123,139.4091172,https://nominatim.openstreetmap.org/search?q=%E3%81%9D%E3%82%88%E3%82%89%E6%B9%98%E5%8D%97%E8%8C%85%E3%83%B6%E5%B4%8E+%E7%A5%9E%E5%A5%88%E5%B7%9D%E7%9C%8C+%E8%8C%85%E3%83%B6%E5%B4%8E%E5%B8%82&format=jsonv2&limit=5&addressdetails=1&countrycodes=jp,
jcsc_pdf,https://www.jcsc.or.jp/wpjcsc/wp-content/uploads/2026/05/35212d5b060e16d7f8db21681d51d151.pdf,10,left,神奈川県,茅ヶ崎市,,イオン茅ヶ崎中央ショッピングセンター,,,2000年10月,2000.0,10.0,1.0,area_missing|prefecture_inferred_from_municipality,神奈川県|イオン茅ヶ崎中央ショッピングセンター,35.336998801652896,139.41119055371902,,municipality_representative,low,,,イオン茅ヶ崎中央ショッピングセンター 神奈川県 茅ヶ崎市 / イオン茅ヶ崎中央ショッピングセンター 神奈川県 / イオン茅ヶ崎中央ショッピングセンター,unresolved,,,,,https://nominatim.openstreetmap.org/search?q=%E3%82%A4%E3%82%AA%E3%83%B3%E8%8C%85%E3%83%B6%E5%B4%8E%E4%B8%AD%E5%A4%AE%E3%82%B7%E3%83%A7%E3%83%83%E3%83%94%E3%83%B3%E3%82%B0%E3%82%BB%E3%83%B3%E3%82%BF%E3%83%BC&format=jsonv2&limit=5&addressdetails=1&countrycodes=jp,no_name_prefecture_matched_candidate
jcsc_pdf,https://www.jcsc.or.jp/wpjcsc/wp-content/uploads/2026/05/35212d5b060e16d7f8db21681d51d151.pdf,10,left,神奈川県,茅ヶ崎市,,プランチ茅ヶ崎,,,2017年3月,2017.0,3.0,0.75,area_missing|prefecture_inferred_from_municipality,神奈川県|プランチ茅ヶ崎,35.336998801652896,139.41119055371902,,municipality_representative,low,,,プランチ茅ヶ崎 神奈川県 茅ヶ崎市 / プランチ茅ヶ崎 神奈川県 / プランチ茅ヶ崎,unresolved,,,,,https://nominatim.openstreetmap.org/search?q=%E3%83%97%E3%83%A9%E3%83%B3%E3%83%81%E8%8C%85%E3%83%B6%E5%B4%8E&format=jsonv2&limit=5&addressdetails=1&countrycodes=jp,no_name_prefecture_matched_candidate
jcsc_pdf,https://www.jcsc.or.jp/wpjcsc/wp-content/uploads/2026/05/35212d5b060e16d7f8db21681d51d151.pdf,10,left,神奈川県,秦野市,,イオン茶野ショッピングセンター,,,1995年11月,1995.0,11.0,0.8333,area_missing|prefecture_inferred_from_municipality,神奈川県|イオン茶野ショッピングセンター,35.37717119811321,139.21667268867924,,municipality_representative,low,,,イオン茶野ショッピングセンター 神奈川県 秦野市 / イオン茶野ショッピングセンター 神奈川県 / イオン茶野ショッピングセンター,unresolved,,,,,https://nominatim.openstreetmap.org/search?q=%E3%82%A4%E3%82%AA%E3%83%B3%E8%8C%B6%E9%87%8E%E3%82%B7%E3%83%A7%E3%83%83%E3%83%94%E3%83%B3%E3%82%B0%E3%82%BB%E3%83%B3%E3%82%BF%E3%83%BC&format=jsonv2&limit=5&addressdetails=1&countrycodes=jp,no_name_prefecture_matched_candidate
jcsc_pdf,https://www.jcsc.or.jp/wpjcsc/wp-content/uploads/2026/05/35212d5b060e16d7f8db21681d51d151.pdf,10,left,神奈川県,厚木市,,イオン厚木店,,,1981年11月,1981.0,11.0,0.6667,area_missing|prefecture_inferred_from_municipality,神奈川県|イオン厚木店,35.452475631944445,139.34632448611111,,municipality_representative,low,,,イオン厚木店 神奈川県 厚木市,added,イオン,"イオン, 10, 一丁目, 中町, 厚木市, 神奈川県, 243-0018, 日本",35.4421543,139.3666369,https://nominatim.openstreetmap.org/search?q=%E3%82%A4%E3%82%AA%E3%83%B3%E5%8E%9A%E6%9C%A8%E5%BA%97+%E7%A5%9E%E5%A5%88%E5%B7%9D%E7%9C%8C+%E5%8E%9A%E6%9C%A8%E5%B8%82&format=jsonv2&limit=5&addressdetails=1&countrycodes=jp,
jcsc_pdf,https://www.jcsc.or.jp/wpjcsc/wp-content/uploads/2026/05/35212d5b060e16d7f8db21681d51d151.pdf,10,left,神奈川県,厚木市,,本厚木ミロード,,,1982年3月,1982.0,3.0,0.75,area_missing|prefecture_inferred_from_municipality,神奈川県|本厚木ミロード,35.452475631944445,139.34632448611111,,municipality_representative,low,,,本厚木ミロード 神奈川県 厚木市,added,小田急本厚木ミロード第一駐車場,"小田急本厚木ミロード第一駐車場, みなみ大通り, 二丁目, 旭町, 厚木市, 神奈川県, 243-0013, 日本",35.4387282,139.3670645,https://nominatim.openstreetmap.org/search?q=%E6%9C%AC%E5%8E%9A%E6%9C%A8%E3%83%9F%E3%83%AD%E3%83%BC%E3%83%89+%E7%A5%9E%E5%A5%88%E5%B7%9D%E7%9C%8C+%E5%8E%9A%E6%9C%A8%E5%B8%82&format=jsonv2&limit=5&addressdetails=1&countrycodes=jp,
jcsc_pdf,https://www.jcsc.or.jp/wpjcsc/wp-content/uploads/2026/05/35212d5b060e16d7f8db21681d51d151.pdf,10,left,神奈川県,厚木市,,アツギ・トレリス,,,1995年12月,1995.0,12.0,0.75,area_missing|prefecture_inferred_from_municipality,神奈川県|アツギトレリス,35.452475631944445,139.34632448611111,,municipality_representative,low,,,アツギ・トレリス 神奈川県 厚木市 / アツギ・トレリス 神奈川県 / アツギ・トレリス,unresolved,,,,,https://nominatim.openstreetmap.org/search?q=%E3%82%A2%E3%83%84%E3%82%AE%E3%83%BB%E3%83%88%E3%83%AC%E3%83%AA%E3%82%B9&format=jsonv2&limit=5&addressdetails=1&countrycodes=jp,no_name_prefecture_matched_candidate
jcsc_pdf,https://www.jcsc.or.jp/wpjcsc/wp-content/uploads/2026/05/35212d5b060e16d7f8db21681d51d151.pdf,10,left,神奈川県,厚木市,,アミューあつぎ,,,2014年4月,2014.0,4.0,0.75,area_missing|prefecture_inferred_from_municipality,神奈川県|アミューあつぎ,35.452475631944445,139.34632448611111,,municipality_representative,low,,,アミューあつぎ 神奈川県 厚木市,added,アミューあつぎ,"アミューあつぎ, 厚木なかちょう大通り, 二丁目, 中町, 厚木市, 神奈川県, 243-0018, 日本",35.4424143,139.3656931,https://nominatim.openstreetmap.org/search?q=%E3%82%A2%E3%83%9F%E3%83%A5%E3%83%BC%E3%81%82%E3%81%A4%E3%81%8E+%E7%A5%9E%E5%A5%88%E5%B7%9D%E7%9C%8C+%E5%8E%9A%E6%9C%A8%E5%B8%82&format=jsonv2&limit=5&addressdetails=1&countrycodes=jp,
jcsc_pdf,https://www.jcsc.or.jp/wpjcsc/wp-content/uploads/2026/05/35212d5b060e16d7f8db21681d51d151.pdf,10,left,神奈川県,厚木市,,スーパービバホーム厚木南インター店,,,2017年3月,2017.0,3.0,0.75,area_missing|prefecture_inferred_from_municipality,神奈川県|スーパービバホーム厚木南インター店,35.452475631944445,139.34632448611111,,municipality_representative,low,,,スーパービバホーム厚木南インター店 神奈川県 厚木市 / スーパービバホーム厚木南インター店 神奈川県 / スーパービバホーム厚木南インター店,unresolved,,,,,https://nominatim.openstreetmap.org/search?q=%E3%82%B9%E3%83%BC%E3%83%91%E3%83%BC%E3%83%93%E3%83%90%E3%83%9B%E3%83%BC%E3%83%A0%E5%8E%9A%E6%9C%A8%E5%8D%97%E3%82%A4%E3%83%B3%E3%82%BF%E3%83%BC%E5%BA%97&format=jsonv2&limit=5&addressdetails=1&countrycodes=jp,no_name_prefecture_matched_candidate
jcsc_pdf,https://www.jcsc.or.jp/wpjcsc/wp-content/uploads/2026/05/35212d5b060e16d7f8db21681d51d151.pdf,10,left,神奈川県,大和市,,大和プロス,,,1996年4月,1996.0,4.0,0.6667,area_missing|prefecture_inferred_from_municipality,神奈川県|大和プロス,35.476678221311474,139.454519647541,,municipality_representative,low,,,大和プロス 神奈川県 大和市 / 大和プロス 神奈川県 / 大和プロス,unresolved,,,,,https://nominatim.openstreetmap.org/search?q=%E5%A4%A7%E5%92%8C%E3%83%97%E3%83%AD%E3%82%B9&format=jsonv2&limit=5&addressdetails=1&countrycodes=jp,no_name_prefecture_matched_candidate
jcsc_pdf,https://www.jcsc.or.jp/wpjcsc/wp-content/uploads/2026/05/35212d5b060e16d7f8db21681d51d151.pdf,10,left,神奈川県,大和市,,りんかんモール,,,2011年2月,2011.0,2.0,0.75,area_missing|prefecture_inferred_from_municipality,神奈川県|りんかんモール,35.476678221311474,139.454519647541,,municipality_representative,low,,,りんかんモール 神奈川県 大和市,added,りんかんモール,"りんかんモール, 南大和相模原線, 中央林間四丁目, 大和市, 神奈川県, 242-0007, 日本",35.5036162,139.4491726,https://nominatim.openstreetmap.org/search?q=%E3%82%8A%E3%82%93%E3%81%8B%E3%82%93%E3%83%A2%E3%83%BC%E3%83%AB+%E7%A5%9E%E5%A5%88%E5%B7%9D%E7%9C%8C+%E5%A4%A7%E5%92%8C%E5%B8%82&format=jsonv2&limit=5&addressdetails=1&countrycodes=jp,
jcsc_pdf,https://www.jcsc.or.jp/wpjcsc/wp-content/uploads/2026/05/35212d5b060e16d7f8db21681d51d151.pdf,10,left,神奈川県,大和市,,イオン大和ショッピングセンター,,,2011年5月,2011.0,5.0,1.0,area_missing|prefecture_inferred_from_municipality,神奈川県|イオン大和ショッピングセンター,35.476678221311474,139.454519647541,,municipality_representative,low,,,イオン大和ショッピングセンター 神奈川県 大和市 / イオン大和ショッピングセンター 神奈川県 / イオン大和ショッピングセンター,unresolved,,,,,https://nominatim.openstreetmap.org/search?q=%E3%82%A4%E3%82%AA%E3%83%B3%E5%A4%A7%E5%92%8C%E3%82%B7%E3%83%A7%E3%83%83%E3%83%94%E3%83%B3%E3%82%B0%E3%82%BB%E3%83%B3%E3%82%BF%E3%83%BC&format=jsonv2&limit=5&addressdetails=1&countrycodes=jp,no_name_prefecture_matched_candidate
jcsc_pdf,https://www.jcsc.or.jp/wpjcsc/wp-content/uploads/2026/05/35212d5b060e16d7f8db21681d51d151.pdf,10,left,神奈川県,伊勢原市,,イトーヨーカドー伊勢原店,,,1985年10月,1985.0,10.0,0.8333,area_missing|prefecture_inferred_from_municipality,神奈川県|イトーヨーカドー伊勢原店,35.40094692753623,139.31498728985508,,municipality_representative,low,,,イトーヨーカドー伊勢原店 神奈川県 伊勢原市 / イトーヨーカドー伊勢原店 神奈川県 / イトーヨーカドー伊勢原店,unresolved,,,,,https://nominatim.openstreetmap.org/search?q=%E3%82%A4%E3%83%88%E3%83%BC%E3%83%A8%E3%83%BC%E3%82%AB%E3%83%89%E3%83%BC%E4%BC%8A%E5%8B%A2%E5%8E%9F%E5%BA%97&format=jsonv2&limit=5&addressdetails=1&countrycodes=jp,no_name_prefecture_matched_candidate
jcsc_pdf,https://www.jcsc.or.jp/wpjcsc/wp-content/uploads/2026/05/35212d5b060e16d7f8db21681d51d151.pdf,10,left,神奈川県,伊勢原市,,アクロスプラザ伊勢原,,,2006年3月,2006.0,3.0,0.75,area_missing|prefecture_inferred_from_municipality,神奈川県|アクロスプラザ伊勢原,35.40094692753623,139.31498728985508,,municipality_representative,low,,,アクロスプラザ伊勢原 神奈川県 伊勢原市 / アクロスプラザ伊勢原 神奈川県 / アクロスプラザ伊勢原,unresolved,,,,,https://nominatim.openstreetmap.org/search?q=%E3%82%A2%E3%82%AF%E3%83%AD%E3%82%B9%E3%83%97%E3%83%A9%E3%82%B6%E4%BC%8A%E5%8B%A2%E5%8E%9F&format=jsonv2&limit=5&addressdetails=1&countrycodes=jp,no_name_prefecture_matched_candidate
jcsc_pdf,https://www.jcsc.or.jp/wpjcsc/wp-content/uploads/2026/05/35212d5b060e16d7f8db21681d51d151.pdf,10,left,神奈川県,伊勢原市,,小田急マルシェ伊勢原,,,2009年4月,2009.0,4.0,0.75,area_missing|prefecture_inferred_from_municipality,神奈川県|小田急マルシェ伊勢原,35.40094692753623,139.31498728985508,,municipality_representative,low,,,小田急マルシェ伊勢原 神奈川県 伊勢原市,added,小田急マルシェ伊勢原,"小田急マルシェ伊勢原, 平塚伊勢原線, 桜台一丁目, 伊勢原市, 神奈川県, 259-1132, 日本",35.3955163,139.3131034,https://nominatim.openstreetmap.org/search?q=%E5%B0%8F%E7%94%B0%E6%80%A5%E3%83%9E%E3%83%AB%E3%82%B7%E3%82%A7%E4%BC%8A%E5%8B%A2%E5%8E%9F+%E7%A5%9E%E5%A5%88%E5%B7%9D%E7%9C%8C+%E4%BC%8A%E5%8B%A2%E5%8E%9F%E5%B8%82&format=jsonv2&limit=5&addressdetails=1&countrycodes=jp,
jcsc_pdf,https://www.jcsc.or.jp/wpjcsc/wp-content/uploads/2026/05/35212d5b060e16d7f8db21681d51d151.pdf,10,left,神奈川県,伊勢原市,,いせはらcoma (いせはらコーマ),,,2016年6月,2016.0,6.0,0.75,area_missing|prefecture_inferred_from_municipality,神奈川県|いせはらcomaいせはらコーマ,35.40094692753623,139.31498728985508,,municipality_representative,low,,,いせはらcoma (いせはらコーマ) 神奈川県 伊勢原市 / いせはらcoma (いせはらコーマ) 神奈川県 / いせはらcoma (いせはらコーマ),unresolved,,,,,https://nominatim.openstreetmap.org/search?q=%E3%81%84%E3%81%9B%E3%81%AF%E3%82%89coma+%28%E3%81%84%E3%81%9B%E3%81%AF%E3%82%89%E3%82%B3%E3%83%BC%E3%83%9E%29&format=jsonv2&limit=5&addressdetails=1&countrycodes=jp,no_name_prefecture_matched_candidate
jcsc_pdf,https://www.jcsc.or.jp/wpjcsc/wp-content/uploads/2026/05/35212d5b060e16d7f8db21681d51d151.pdf,10,left,神奈川県,海老名市,,イオン海老名ショッピングセンター,,,1979年11月,1979.0,11.0,1.0,area_missing|prefecture_inferred_from_municipality,神奈川県|イオン海老名ショッピングセンター,35.44222554368932,139.39391933980582,,municipality_representative,low,,,イオン海老名ショッピングセンター 神奈川県 海老名市 / イオン海老名ショッピングセンター 神奈川県 / イオン海老名ショッピングセンター,unresolved,,,,,https://nominatim.openstreetmap.org/search?q=%E3%82%A4%E3%82%AA%E3%83%B3%E6%B5%B7%E8%80%81%E5%90%8D%E3%82%B7%E3%83%A7%E3%83%83%E3%83%94%E3%83%B3%E3%82%B0%E3%82%BB%E3%83%B3%E3%82%BF%E3%83%BC&format=jsonv2&limit=5&addressdetails=1&countrycodes=jp,no_name_prefecture_matched_candidate
jcsc_pdf,https://www.jcsc.or.jp/wpjcsc/wp-content/uploads/2026/05/35212d5b060e16d7f8db21681d51d151.pdf,14,right,三重県,鈴鹿市,,鈴鹿ハンターショッピングセンター,"17,58g",,1973年10月,1973.0,10.0,0.875,area_parse_failed,三重県|鈴鹿ハンターショッピングセンター,34.87016446341463,136.56699817073172,,municipality_representative,low,,,鈴鹿ハンターショッピングセンター 三重県 鈴鹿市 / 鈴鹿ハンターショッピングセンター 三重県 / 鈴鹿ハンターショッピングセンター,unresolved,,,,,https://nominatim.openstreetmap.org/search?q=%E9%88%B4%E9%B9%BF%E3%83%8F%E3%83%B3%E3%82%BF%E3%83%BC%E3%82%B7%E3%83%A7%E3%83%83%E3%83%94%E3%83%B3%E3%82%B0%E3%82%BB%E3%83%B3%E3%82%BF%E3%83%BC&format=jsonv2&limit=5&addressdetails=1&countrycodes=jp,no_name_prefecture_matched_candidate
jcsc_pdf,https://www.jcsc.or.jp/wpjcsc/wp-content/uploads/2026/05/35212d5b060e16d7f8db21681d51d151.pdf,18,right,岡山県,岡山市北区,北区,イオンモール岡山,"S2,000",,2014年12月,2014.0,12.0,1.0,area_parse_failed,岡山県|イオンモール岡山,34.69374775609756,133.89983444634146,,municipality_representative,low,,,イオンモール岡山 岡山県 岡山市北区,added,イオンモール岡山,"イオンモール岡山, 1, 下石井一丁目, 寿町, 北区, 岡山市, 岡山県, 700-0907, 日本",34.6620200,133.9173537,https://nominatim.openstreetmap.org/search?q=%E3%82%A4%E3%82%AA%E3%83%B3%E3%83%A2%E3%83%BC%E3%83%AB%E5%B2%A1%E5%B1%B1+%E5%B2%A1%E5%B1%B1%E7%9C%8C+%E5%B2%A1%E5%B1%B1%E5%B8%82%E5%8C%97%E5%8C%BA&format=jsonv2&limit=5&addressdetails=1&countrycodes=jp,
jcsc_pdf,https://www.jcsc.or.jp/wpjcsc/wp-content/uploads/2026/05/35212d5b060e16d7f8db21681d51d151.pdf,19,right,山口県,山口市,,サンバークあじす,17:317,,1996年3月,1996.0,3.0,0.8333,area_parse_failed,山口県|サンバークあじす,34.1496907327044,131.46477790880505,,municipality_representative,low,,,サンバークあじす 山口県 山口市 / サンバークあじす 山口県 / サンバークあじす,unresolved,,,,,https://nominatim.openstreetmap.org/search?q=%E3%82%B5%E3%83%B3%E3%83%90%E3%83%BC%E3%82%AF%E3%81%82%E3%81%98%E3%81%99&format=jsonv2&limit=5&addressdetails=1&countrycodes=jp,no_name_prefecture_matched_candidate
jcsc_pdf,https://www.jcsc.or.jp/wpjcsc/wp-content/uploads/2026/05/35212d5b060e16d7f8db21681d51d151.pdf,19,left,岡山県,倉敷市,,ゆめタウン倉敷,,,1979年12月,1979.0,12.0,0.6667,area_missing,岡山県|ゆめタウン倉敷,34.542047363636364,133.76323049350648,,municipality_representative,low,,,ゆめタウン倉敷 岡山県 倉敷市,added,ゆめタウン,"ゆめタウン, 倉敷中央通り, 笹沖, 倉敷市, 岡山県, 710-0833, 日本",34.5788094,133.7702363,https://nominatim.openstreetmap.org/search?q=%E3%82%86%E3%82%81%E3%82%BF%E3%82%A6%E3%83%B3%E5%80%89%E6%95%B7+%E5%B2%A1%E5%B1%B1%E7%9C%8C+%E5%80%89%E6%95%B7%E5%B8%82&format=jsonv2&limit=5&addressdetails=1&countrycodes=jp,
jcsc_pdf,https://www.jcsc.or.jp/wpjcsc/wp-content/uploads/2026/05/35212d5b060e16d7f8db21681d51d151.pdf,19,left,岡山県,倉敷市,,トピア、天満屋ハピータウン児島店,,,1988年2月,1988.0,2.0,0.75,area_missing,岡山県|トピア天満屋ハピータウン児島店,34.542047363636364,133.76323049350648,,municipality_representative,low,,,トピア、天満屋ハピータウン児島店 岡山県 倉敷市 / トピア、天満屋ハピータウン児島店 岡山県 / トピア、天満屋ハピータウン児島店,unresolved,,,,,https://nominatim.openstreetmap.org/search?q=%E3%83%88%E3%83%94%E3%82%A2%E3%80%81%E5%A4%A9%E6%BA%80%E5%B1%8B%E3%83%8F%E3%83%94%E3%83%BC%E3%82%BF%E3%82%A6%E3%83%B3%E5%85%90%E5%B3%B6%E5%BA%97&format=jsonv2&limit=5&addressdetails=1&countrycodes=jp,no_name_prefecture_matched_candidate
jcsc_pdf,https://www.jcsc.or.jp/wpjcsc/wp-content/uploads/2026/05/35212d5b060e16d7f8db21681d51d151.pdf,19,left,岡山県,倉敷市,,マルナカマスカット店,,,1991年5月,1991.0,5.0,0.75,area_missing,岡山県|マルナカマスカット店,34.542047363636364,133.76323049350648,,municipality_representative,low,,,マルナカマスカット店 岡山県 倉敷市 / マルナカマスカット店 岡山県 / マルナカマスカット店,unresolved,,,,,https://nominatim.openstreetmap.org/search?q=%E3%83%9E%E3%83%AB%E3%83%8A%E3%82%AB%E3%83%9E%E3%82%B9%E3%82%AB%E3%83%83%E3%83%88%E5%BA%97&format=jsonv2&limit=5&addressdetails=1&countrycodes=jp,no_name_prefecture_matched_candidate
jcsc_pdf,https://www.jcsc.or.jp/wpjcsc/wp-content/uploads/2026/05/35212d5b060e16d7f8db21681d51d151.pdf,19,left,岡山県,倉敷市,,玉島ショッピングセンター TOPS,,,1998年12月,1998.0,12.0,1.0,area_missing,岡山県|玉島ショッピングセンターtops,34.542047363636364,133.76323049350648,,municipality_representative,low,,,玉島ショッピングセンター TOPS 岡山県 倉敷市,added,玉島ショッピングセンター TOPS前,"玉島ショッピングセンター TOPS前, 産業通り, 玉島阿賀崎一丁目, 玉島, 倉敷市, 岡山県, 713-8102, 日本",34.5520187,133.6807382,https://nominatim.openstreetmap.org/search?q=%E7%8E%89%E5%B3%B6%E3%82%B7%E3%83%A7%E3%83%83%E3%83%94%E3%83%B3%E3%82%B0%E3%82%BB%E3%83%B3%E3%82%BF%E3%83%BC+TOPS+%E5%B2%A1%E5%B1%B1%E7%9C%8C+%E5%80%89%E6%95%B7%E5%B8%82&format=jsonv2&limit=5&addressdetails=1&countrycodes=jp,
jcsc_pdf,https://www.jcsc.or.jp/wpjcsc/wp-content/uploads/2026/05/35212d5b060e16d7f8db21681d51d151.pdf,19,left,岡山県,倉敷市,,イオンモール倉敷,,,1999年9月,1999.0,9.0,0.75,area_missing,岡山県|イオンモール倉敷,34.542047363636364,133.76323049350648,,municipality_representative,low,,,イオンモール倉敷 岡山県 倉敷市,added,イオンモール倉敷,"イオンモール倉敷, 水江, 倉敷市, 岡山県, 710-8560, 日本",34.6030652,133.7460998,https://nominatim.openstreetmap.org/search?q=%E3%82%A4%E3%82%AA%E3%83%B3%E3%83%A2%E3%83%BC%E3%83%AB%E5%80%89%E6%95%B7+%E5%B2%A1%E5%B1%B1%E7%9C%8C+%E5%80%89%E6%95%B7%E5%B8%82&format=jsonv2&limit=5&addressdetails=1&countrycodes=jp,
jcsc_pdf,https://www.jcsc.or.jp/wpjcsc/wp-content/uploads/2026/05/35212d5b060e16d7f8db21681d51d151.pdf,19,left,岡山県,倉敷市,,マルナカ新倉敷店,,,2000年12月,2000.0,12.0,0.75,area_missing,岡山県|マルナカ新倉敷店,34.542047363636364,133.76323049350648,,municipality_representative,low,,,マルナカ新倉敷店 岡山県 倉敷市,added,マルナカ新倉敷店前,"マルナカ新倉敷店前, 新倉敷停車場線, 新倉敷駅前四丁目, 玉島爪崎, 倉敷市, 岡山県, 710-0253, 日本",34.5607657,133.6828277,https://nominatim.openstreetmap.org/search?q=%E3%83%9E%E3%83%AB%E3%83%8A%E3%82%AB%E6%96%B0%E5%80%89%E6%95%B7%E5%BA%97+%E5%B2%A1%E5%B1%B1%E7%9C%8C+%E5%80%89%E6%95%B7%E5%B8%82&format=jsonv2&limit=5&addressdetails=1&countrycodes=jp,
jcsc_pdf,https://www.jcsc.or.jp/wpjcsc/wp-content/uploads/2026/05/35212d5b060e16d7f8db21681d51d151.pdf,19,left,岡山県,倉敷市,,イオンタウン水会,,,2008年6月,2008.0,6.0,0.75,area_missing,岡山県|イオンタウン水会,34.542047363636364,133.76323049350648,,municipality_representative,low,,,イオンタウン水会 岡山県 倉敷市 / イオンタウン水会 岡山県 / イオンタウン水会,unresolved,,,,,https://nominatim.openstreetmap.org/search?q=%E3%82%A4%E3%82%AA%E3%83%B3%E3%82%BF%E3%82%A6%E3%83%B3%E6%B0%B4%E4%BC%9A&format=jsonv2&limit=5&addressdetails=1&countrycodes=jp,no_name_prefecture_matched_candidate
jcsc_pdf,https://www.jcsc.or.jp/wpjcsc/wp-content/uploads/2026/05/35212d5b060e16d7f8db21681d51d151.pdf,19,left,岡山県,倉敷市,,アリオ合数,,,2011年11月,2011.0,11.0,0.65,area_missing,岡山県|アリオ合数,34.542047363636364,133.76323049350648,,municipality_representative,low,,,アリオ合数 岡山県 倉敷市 / アリオ合数 岡山県 / アリオ合数,unresolved,,,,,https://nominatim.openstreetmap.org/search?q=%E3%82%A2%E3%83%AA%E3%82%AA%E5%90%88%E6%95%B0&format=jsonv2&limit=5&addressdetails=1&countrycodes=jp,no_name_prefecture_matched_candidate
jcsc_pdf,https://www.jcsc.or.jp/wpjcsc/wp-content/uploads/2026/05/35212d5b060e16d7f8db21681d51d151.pdf,19,left,岡山県,倉敷市,,三井アウトレットパーク 倉敷,,,2011年12月,2011.0,12.0,0.75,area_missing,岡山県|三井アウトレットパーク倉敷,34.542047363636364,133.76323049350648,,municipality_representative,low,,,三井アウトレットパーク 倉敷 岡山県 倉敷市,added,三井アウトレットパーク 倉敷,"三井アウトレットパーク 倉敷, 3, 倉敷市, 岡山県, 710-0813, 日本",34.6037095,133.7620065,https://nominatim.openstreetmap.org/search?q=%E4%B8%89%E4%BA%95%E3%82%A2%E3%82%A6%E3%83%88%E3%83%AC%E3%83%83%E3%83%88%E3%83%91%E3%83%BC%E3%82%AF+%E5%80%89%E6%95%B7+%E5%B2%A1%E5%B1%B1%E7%9C%8C+%E5%80%89%E6%95%B7%E5%B8%82&format=jsonv2&limit=5&addressdetails=1&countrycodes=jp,
jcsc_pdf,https://www.jcsc.or.jp/wpjcsc/wp-content/uploads/2026/05/35212d5b060e16d7f8db21681d51d151.pdf,19,left,岡山県,倉敷市,,さんすて含数,,,2015年4月,2015.0,4.0,0.65,area_missing,岡山県|さんすて含数,34.542047363636364,133.76323049350648,,municipality_representative,low,,,さんすて含数 岡山県 倉敷市 / さんすて含数 岡山県 / さんすて含数,unresolved,,,,,https://nominatim.openstreetmap.org/search?q=%E3%81%95%E3%82%93%E3%81%99%E3%81%A6%E5%90%AB%E6%95%B0&format=jsonv2&limit=5&addressdetails=1&countrycodes=jp,no_name_prefecture_matched_candidate
jcsc_pdf,https://www.jcsc.or.jp/wpjcsc/wp-content/uploads/2026/05/35212d5b060e16d7f8db21681d51d151.pdf,19,left,岡山県,津山市,,イオンモール津山,,,1996年12月,1996.0,12.0,0.6667,area_missing,岡山県|イオンモール津山,35.08426228272251,134.0147704397906,,municipality_representative,low,,,イオンモール津山 岡山県 津山市,added,イオンモール津山,"イオンモール津山, 中国自動車道, 下押入, 河辺, 津山市, 岡山県, 708-0842, 日本",35.0648161,134.0458370,https://nominatim.openstreetmap.org/search?q=%E3%82%A4%E3%82%AA%E3%83%B3%E3%83%A2%E3%83%BC%E3%83%AB%E6%B4%A5%E5%B1%B1+%E5%B2%A1%E5%B1%B1%E7%9C%8C+%E6%B4%A5%E5%B1%B1%E5%B8%82&format=jsonv2&limit=5&addressdetails=1&countrycodes=jp,
jcsc_pdf,https://www.jcsc.or.jp/wpjcsc/wp-content/uploads/2026/05/35212d5b060e16d7f8db21681d51d151.pdf,19,left,岡山県,津山市,,アルネ津山,,,1999年4月,1999.0,4.0,0.65,area_missing,岡山県|アルネ津山,35.08426228272251,134.0147704397906,,municipality_representative,low,,,アルネ津山 岡山県 津山市,added,アルネ津山,"アルネ津山, 新魚町, 津山市, 岡山県, 708-8519, 日本",35.0588498,134.0005212,https://nominatim.openstreetmap.org/search?q=%E3%82%A2%E3%83%AB%E3%83%8D%E6%B4%A5%E5%B1%B1+%E5%B2%A1%E5%B1%B1%E7%9C%8C+%E6%B4%A5%E5%B1%B1%E5%B8%82&format=jsonv2&limit=5&addressdetails=1&countrycodes=jp,
jcsc_pdf,https://www.jcsc.or.jp/wpjcsc/wp-content/uploads/2026/05/35212d5b060e16d7f8db21681d51d151.pdf,19,left,岡山県,玉野市,,ショッピングモール メルカ,,,1993年11月,1993.0,11.0,1.0,area_missing,岡山県|ショッピングモールメルカ,34.499764269662926,133.93456784269662,,municipality_representative,low,,,ショッピングモール メルカ 岡山県 玉野市,added,ショッピングモール メルカ,"ショッピングモール メルカ, 1, 宇野一丁目, 玉野市, 岡山県, 706-0011, 日本",34.4916473,133.9448994,https://nominatim.openstreetmap.org/search?q=%E3%82%B7%E3%83%A7%E3%83%83%E3%83%94%E3%83%B3%E3%82%B0%E3%83%A2%E3%83%BC%E3%83%AB+%E3%83%A1%E3%83%AB%E3%82%AB+%E5%B2%A1%E5%B1%B1%E7%9C%8C+%E7%8E%89%E9%87%8E%E5%B8%82&format=jsonv2&limit=5&addressdetails=1&countrycodes=jp,
jcsc_pdf,https://www.jcsc.or.jp/wpjcsc/wp-content/uploads/2026/05/35212d5b060e16d7f8db21681d51d151.pdf,19,left,岡山県,笠岡市,,笠岡シーサイドモール,,,1979年11月,1979.0,11.0,0.6667,area_missing,岡山県|笠岡シーサイドモール,34.497973342465755,133.50795398630137,,municipality_representative,low,,,笠岡シーサイドモール 岡山県 笠岡市,added,オーライ 笠岡シーサイドモール店,"オーライ 笠岡シーサイドモール店, 駅前通り, 住吉町, 中央町, 笠岡市, 岡山県, 714-0088, 日本",34.5032243,133.5064357,https://nominatim.openstreetmap.org/search?q=%E7%AC%A0%E5%B2%A1%E3%82%B7%E3%83%BC%E3%82%B5%E3%82%A4%E3%83%89%E3%83%A2%E3%83%BC%E3%83%AB+%E5%B2%A1%E5%B1%B1%E7%9C%8C+%E7%AC%A0%E5%B2%A1%E5%B8%82&format=jsonv2&limit=5&addressdetails=1&countrycodes=jp,
jcsc_pdf,https://www.jcsc.or.jp/wpjcsc/wp-content/uploads/2026/05/35212d5b060e16d7f8db21681d51d151.pdf,19,left,岡山県,井原市,,ゆめタウン井原,,,1992年3月,1992.0,3.0,0.6667,area_missing,岡山県|ゆめタウン井原,34.630498459016394,133.4671821147541,,municipality_representative,low,,,ゆめタウン井原 岡山県 井原市,added,ゆめタウン,"ゆめタウン, 国道313号, 下出部町一丁目, 下出部町, 井原市, 岡山県, 715-0022, 日本",34.5830615,133.4395460,https://nominatim.openstreetmap.org/search?q=%E3%82%86%E3%82%81%E3%82%BF%E3%82%A6%E3%83%B3%E4%BA%95%E5%8E%9F+%E5%B2%A1%E5%B1%B1%E7%9C%8C+%E4%BA%95%E5%8E%9F%E5%B8%82&format=jsonv2&limit=5&addressdetails=1&countrycodes=jp,
jcsc_pdf,https://www.jcsc.or.jp/wpjcsc/wp-content/uploads/2026/05/35212d5b060e16d7f8db21681d51d151.pdf,19,left,岡山県,総社市,,天満屋ハピータウンリブ総社店、リブ21,,,1984年6月,1984.0,6.0,0.6667,area_missing,岡山県|天満屋ハピータウンリブ総社店リブ21,34.68542735135135,133.73391966216215,,municipality_representative,low,,,天満屋ハピータウンリブ総社店、リブ21 岡山県 総社市 / 天満屋ハピータウンリブ総社店、リブ21 岡山県 / 天満屋ハピータウンリブ総社店、リブ21,unresolved,,,,,https://nominatim.openstreetmap.org/search?q=%E5%A4%A9%E6%BA%80%E5%B1%8B%E3%83%8F%E3%83%94%E3%83%BC%E3%82%BF%E3%82%A6%E3%83%B3%E3%83%AA%E3%83%96%E7%B7%8F%E7%A4%BE%E5%BA%97%E3%80%81%E3%83%AA%E3%83%9621&format=jsonv2&limit=5&addressdetails=1&countrycodes=jp,no_name_prefecture_matched_candidate
jcsc_pdf,https://www.jcsc.or.jp/wpjcsc/wp-content/uploads/2026/05/35212d5b060e16d7f8db21681d51d151.pdf,19,left,岡山県,高梁市,,ゆめタウン高梁,,,1990年6月,1990.0,6.0,0.6667,area_missing,岡山県|ゆめタウン高梁,34.79902897058823,133.55677615686275,,municipality_representative,low,,,ゆめタウン高梁 岡山県 高梁市,added,ゆめタウン高梁,"ゆめタウン高梁, 落合町阿部, 中組, 高梁市, 岡山県, 716-0061, 日本",34.7770854,133.5881915,https://nominatim.openstreetmap.org/search?q=%E3%82%86%E3%82%81%E3%82%BF%E3%82%A6%E3%83%B3%E9%AB%98%E6%A2%81+%E5%B2%A1%E5%B1%B1%E7%9C%8C+%E9%AB%98%E6%A2%81%E5%B8%82&format=jsonv2&limit=5&addressdetails=1&countrycodes=jp,
jcsc_pdf,https://www.jcsc.or.jp/wpjcsc/wp-content/uploads/2026/05/35212d5b060e16d7f8db21681d51d151.pdf,19,left,岡山県,高梁市,,ポルカ・天満屋ハピータウン高梁店,,,1990年11月,1990.0,11.0,0.75,area_missing,岡山県|ポルカ天満屋ハピータウン高梁店,34.79902897058823,133.55677615686275,,municipality_representative,low,,,ポルカ・天満屋ハピータウン高梁店 岡山県 高梁市 / ポルカ・天満屋ハピータウン高梁店 岡山県 / ポルカ・天満屋ハピータウン高梁店,unresolved,,,,,https://nominatim.openstreetmap.org/search?q=%E3%83%9D%E3%83%AB%E3%82%AB%E3%83%BB%E5%A4%A9%E6%BA%80%E5%B1%8B%E3%83%8F%E3%83%94%E3%83%BC%E3%82%BF%E3%82%A6%E3%83%B3%E9%AB%98%E6%A2%81%E5%BA%97&format=jsonv2&limit=5&addressdetails=1&countrycodes=jp,no_name_prefecture_matched_candidate
jcsc_pdf,https://www.jcsc.or.jp/wpjcsc/wp-content/uploads/2026/05/35212d5b060e16d7f8db21681d51d151.pdf,19,left,岡山県,新見市,,にいみショッピングタウン プラザ,,,1978年9月,1978.0,9.0,0.6667,area_missing,岡山県|にいみショッピングタウンプラザ,34.992200374999996,133.45761569642858,,municipality_representative,low,,,にいみショッピングタウン プラザ 岡山県 新見市,added,にいみショッピングタウン プラザ,"にいみショッピングタウン プラザ, 国道180号, 新見市, 岡山県, 718-8799, 日本",34.9889625,133.4613217,https://nominatim.openstreetmap.org/search?q=%E3%81%AB%E3%81%84%E3%81%BF%E3%82%B7%E3%83%A7%E3%83%83%E3%83%94%E3%83%B3%E3%82%B0%E3%82%BF%E3%82%A6%E3%83%B3+%E3%83%97%E3%83%A9%E3%82%B6+%E5%B2%A1%E5%B1%B1%E7%9C%8C+%E6%96%B0%E8%A6%8B%E5%B8%82&format=jsonv2&limit=5&addressdetails=1&countrycodes=jp,
jcsc_pdf,https://www.jcsc.or.jp/wpjcsc/wp-content/uploads/2026/05/35212d5b060e16d7f8db21681d51d151.pdf,19,left,岡山県,新見市,,サンパーク新見,,,2002年9月,2002.0,9.0,0.75,area_missing,岡山県|サンパーク新見,34.992200374999996,133.45761569642858,,municipality_representative,low,,,サンパーク新見 岡山県 新見市,added,サンパーク新見,"サンパーク新見, 正田, 新見市, 岡山県, 日本",34.9647283,133.4734705,https://nominatim.openstreetmap.org/search?q=%E3%82%B5%E3%83%B3%E3%83%91%E3%83%BC%E3%82%AF%E6%96%B0%E8%A6%8B+%E5%B2%A1%E5%B1%B1%E7%9C%8C+%E6%96%B0%E8%A6%8B%E5%B8%82&format=jsonv2&limit=5&addressdetails=1&countrycodes=jp,
jcsc_pdf,https://www.jcsc.or.jp/wpjcsc/wp-content/uploads/2026/05/35212d5b060e16d7f8db21681d51d151.pdf,19,left,岡山県,瀬戸内市,,ゆめタウン邑久,,,1994年11月,1994.0,11.0,0.7667,area_missing,岡山県|ゆめタウン邑久,34.67111395238095,134.1115701904762,,municipality_representative,low,,,ゆめタウン邑久 岡山県 瀬戸内市,added,ゆめタウン邑久,"ゆめタウン邑久, 箕輪尾張線, 邑久町山田庄, 福吉, 瀬戸内市, 岡山県, 701-4299, 日本",34.6666621,134.0930376,https://nominatim.openstreetmap.org/search?q=%E3%82%86%E3%82%81%E3%82%BF%E3%82%A6%E3%83%B3%E9%82%91%E4%B9%85+%E5%B2%A1%E5%B1%B1%E7%9C%8C+%E7%80%AC%E6%88%B8%E5%86%85%E5%B8%82&format=jsonv2&limit=5&addressdetails=1&countrycodes=jp,
jcsc_pdf,https://www.jcsc.or.jp/wpjcsc/wp-content/uploads/2026/05/35212d5b060e16d7f8db21681d51d151.pdf,19,left,岡山県,真庭市,,ゆめタウン久世,,,1993年5月,1993.0,5.0,0.6667,area_missing,岡山県|ゆめタウン久世,35.10393611267606,133.70472114084507,,municipality_representative,low,,,ゆめタウン久世,added,ゆめタウン,"ゆめタウン, 268, 邑久町尾張, 福吉, 瀬戸内市, 岡山県, 701-4221, 日本",34.6662775,134.0930529,https://nominatim.openstreetmap.org/search?q=%E3%82%86%E3%82%81%E3%82%BF%E3%82%A6%E3%83%B3%E4%B9%85%E4%B8%96&format=jsonv2&limit=5&addressdetails=1&countrycodes=jp,
jcsc_pdf,https://www.jcsc.or.jp/wpjcsc/wp-content/uploads/2026/05/35212d5b060e16d7f8db21681d51d151.pdf,19,left,岡山県,真庭市,,久世ロマンチックタウン アルティ,,,1993年12月,1993.0,12.0,0.75,area_missing,岡山県|久世ロマンチックタウンアルティ,35.10393611267606,133.70472114084507,,municipality_representative,low,,,久世ロマンチックタウン アルティ 岡山県 真庭市 / 久世ロマンチックタウン アルティ 岡山県 / 久世ロマンチックタウン アルティ,unresolved,,,,,https://nominatim.openstreetmap.org/search?q=%E4%B9%85%E4%B8%96%E3%83%AD%E3%83%9E%E3%83%B3%E3%83%81%E3%83%83%E3%82%AF%E3%82%BF%E3%82%A6%E3%83%B3+%E3%82%A2%E3%83%AB%E3%83%86%E3%82%A3&format=jsonv2&limit=5&addressdetails=1&countrycodes=jp,no_name_prefecture_matched_candidate
jcsc_pdf,https://www.jcsc.or.jp/wpjcsc/wp-content/uploads/2026/05/35212d5b060e16d7f8db21681d51d151.pdf,19,left,岡山県,美作市,,ゆめマート美作,,,1996年10月,1996.0,10.0,0.6667,area_missing,岡山県|ゆめマート美作,35.03264861805556,134.2154501875,,municipality_representative,low,,,ゆめマート美作 岡山県 美作市,added,ゆめマート美作,"ゆめマート美作, 美作奈義線, 渡里, 北山, 美作市, 岡山県, 707-0062, 日本",35.0190159,134.1593510,https://nominatim.openstreetmap.org/search?q=%E3%82%86%E3%82%81%E3%83%9E%E3%83%BC%E3%83%88%E7%BE%8E%E4%BD%9C+%E5%B2%A1%E5%B1%B1%E7%9C%8C+%E7%BE%8E%E4%BD%9C%E5%B8%82&format=jsonv2&limit=5&addressdetails=1&countrycodes=jp,
jcsc_pdf,https://www.jcsc.or.jp/wpjcsc/wp-content/uploads/2026/05/35212d5b060e16d7f8db21681d51d151.pdf,19,left,岡山県,浅口市,,天満屋ハピータウン鴨方店,,,1990年11月,1990.0,11.0,0.6,area_missing,岡山県|天満屋ハピータウン鴨方店,34.535601,133.59339471428572,,municipality_representative,low,,,天満屋ハピータウン鴨方店 岡山県 浅口市 / 天満屋ハピータウン鴨方店 岡山県 / 天満屋ハピータウン鴨方店,unresolved,,,,,https://nominatim.openstreetmap.org/search?q=%E5%A4%A9%E6%BA%80%E5%B1%8B%E3%83%8F%E3%83%94%E3%83%BC%E3%82%BF%E3%82%A6%E3%83%B3%E9%B4%A8%E6%96%B9%E5%BA%97&format=jsonv2&limit=5&addressdetails=1&countrycodes=jp,no_name_prefecture_matched_candidate
jcsc_pdf,https://www.jcsc.or.jp/wpjcsc/wp-content/uploads/2026/05/35212d5b060e16d7f8db21681d51d151.pdf,20,right,福岡県,北九州市八幡西区,八幅西区,サンリブ折用,,,1981年5月,1981.0,5.0,0.65,area_missing|municipality_missing,福岡県|サンリブ折用,33.84071799755501,130.73974754767727,,municipality_representative,low,,municipality_alias,サンリブ折用 福岡県 北九州市八幡西区 / サンリブ折用 福岡県 / サンリブ折用,unresolved,,,,,https://nominatim.openstreetmap.org/search?q=%E3%82%B5%E3%83%B3%E3%83%AA%E3%83%96%E6%8A%98%E7%94%A8&format=jsonv2&limit=5&addressdetails=1&countrycodes=jp,no_name_prefecture_matched_candidate
jcsc_pdf,https://www.jcsc.or.jp/wpjcsc/wp-content/uploads/2026/05/35212d5b060e16d7f8db21681d51d151.pdf,20,right,福岡県,北九州市八幡西区,八幅西区,サンリブ三ヶ森,,,1989年4月,1989.0,4.0,0.75,area_missing|municipality_missing,福岡県|サンリブ三ヶ森,33.84071799755501,130.73974754767727,,municipality_representative,low,,municipality_alias,サンリブ三ヶ森 福岡県 北九州市八幡西区,added,サンリブ三ヶ森,"サンリブ三ヶ森, 下上津役折尾線, 三ケ森三丁目, 八幡西区, 北九州市, 福岡県, 807-0851, 日本",33.8318819,130.7385375,https://nominatim.openstreetmap.org/search?q=%E3%82%B5%E3%83%B3%E3%83%AA%E3%83%96%E4%B8%89%E3%83%B6%E6%A3%AE+%E7%A6%8F%E5%B2%A1%E7%9C%8C+%E5%8C%97%E4%B9%9D%E5%B7%9E%E5%B8%82%E5%85%AB%E5%B9%A1%E8%A5%BF%E5%8C%BA&format=jsonv2&limit=5&addressdetails=1&countrycodes=jp,
jcsc_pdf,https://www.jcsc.or.jp/wpjcsc/wp-content/uploads/2026/05/35212d5b060e16d7f8db21681d51d151.pdf,20,right,福岡県,北九州市八幡西区,八幅西区,サンリブ木屋瀬,,,1990年11月,1990.0,11.0,0.65,area_missing|municipality_missing,福岡県|サンリブ木屋瀬,33.84071799755501,130.73974754767727,,municipality_representative,low,,municipality_alias,サンリブ木屋瀬 福岡県 北九州市八幡西区 / サンリブ木屋瀬 福岡県 / サンリブ木屋瀬,unresolved,,,,,https://nominatim.openstreetmap.org/search?q=%E3%82%B5%E3%83%B3%E3%83%AA%E3%83%96%E6%9C%A8%E5%B1%8B%E7%80%AC&format=jsonv2&limit=5&addressdetails=1&countrycodes=jp,no_name_prefecture_matched_candidate
jcsc_pdf,https://www.jcsc.or.jp/wpjcsc/wp-content/uploads/2026/05/35212d5b060e16d7f8db21681d51d151.pdf,21,left,福岡県,八女市,,ゆめタウンハ女,1283g,,2000年10月,2000.0,10.0,0.75,area_parse_failed|prefecture_inferred_from_municipality,福岡県|ゆめタウンハ女,33.20715996103896,130.6030450909091,,municipality_representative,low,,,ゆめタウンハ女 福岡県 八女市 / ゆめタウンハ女 福岡県 / ゆめタウンハ女,unresolved,,,,,https://nominatim.openstreetmap.org/search?q=%E3%82%86%E3%82%81%E3%82%BF%E3%82%A6%E3%83%B3%E3%83%8F%E5%A5%B3&format=jsonv2&limit=5&addressdetails=1&countrycodes=jp,no_name_prefecture_matched_candidate
