source_name,source_prefecture,source_municipality,result_status,matched_name,matched_prefecture,matched_municipality,address,lat,lon,source_url,notes
札幌ステラブレイス、大丸札幌店,北海道,札幌市中央区,found,札幌ステラプレイス、大丸札幌店,北海道,札幌市中央区,北海道札幌市中央区北5条西2丁目,43.067903,141.352832,https://www.google.com/maps/search/?api=1&query=%E6%9C%AD%E5%B9%8C%E3%82%B9%E3%83%86%E3%83%A9%E3%83%96%E3%83%AC%E3%82%A4%E3%82%B9%E3%80%81%E5%A4%A7%E4%B8%B8%E6%9C%AD%E5%B9%8C%E5%BA%97,CSV自治体とGoogle Maps名称検索結果が一致。OCRのブレイスはプレイスに補正
イーアスつくば,茨城県,つくば市,found,イーアスつくば,茨城県,つくば市,茨城県つくば市研究学園5丁目19,36.08458,140.083053,https://www.google.com/maps/search/?api=1&query=%E3%82%A4%E3%83%BC%E3%82%A2%E3%82%B9%E3%81%A4%E3%81%8F%E3%81%B0,CSV自治体とGoogle Maps名称検索結果が一致
JR博多シティ(アミュプラザ博多、博多阪急),愛媛県,西条市,pending_municipality_mismatch,JR博多シティ,福岡県,福岡市博多区,福岡県福岡市博多区博多駅中央街1-1,,,https://www.google.com/maps/search/?api=1&query=JR%E5%8D%9A%E5%A4%9A%E3%82%B7%E3%83%86%E3%82%A3%28%E3%82%A2%E3%83%9F%E3%83%A5%E3%83%97%E3%83%A9%E3%82%B6%E5%8D%9A%E5%A4%9A%E3%80%81%E5%8D%9A%E5%A4%9A%E9%98%AA%E6%80%A5%29,Google Maps名称検索では福岡県福岡市博多区。CSV自治体と不一致のため高速手順では保留
三井ショッピングバーク ラゾーナ川崎プラザ,神奈川県,川崎市幸区,found,三井ショッピングパーク ラゾーナ川崎プラザ,神奈川県,川崎市幸区,神奈川県川崎市幸区堀川町72-1,35.5332327,139.6959084,https://www.google.com/maps/search/?api=1&query=%E4%B8%89%E4%BA%95%E3%82%B7%E3%83%A7%E3%83%83%E3%83%94%E3%83%B3%E3%82%B0%E3%83%90%E3%83%BC%E3%82%AF+%E3%83%A9%E3%82%BE%E3%83%BC%E3%83%8A%E5%B7%9D%E5%B4%8E%E3%83%97%E3%83%A9%E3%82%B6,CSV自治体とGoogle Maps名称検索結果が一致。バークはパークに補正
三井ショッピングバーク ららぽーと富士見,埼玉県,富士見市,found,三井ショッピングパーク ららぽーと富士見,埼玉県,富士見市,埼玉県富士見市山室1-1313,35.8599309,139.5481996,https://www.google.com/maps/search/?api=1&query=%E4%B8%89%E4%BA%95%E3%82%B7%E3%83%A7%E3%83%83%E3%83%94%E3%83%B3%E3%82%B0%E3%83%90%E3%83%BC%E3%82%AF+%E3%82%89%E3%82%89%E3%81%BD%E3%83%BC%E3%81%A8%E5%AF%8C%E5%A3%AB%E8%A6%8B,CSV自治体とGoogle Maps名称検索結果が一致。バークはパークに補正
イオンモール太田,群馬県,太田市,found,イオンモール太田,群馬県,太田市,群馬県太田市石原町81,36.2936686,139.3998885,https://www.google.com/maps/search/?api=1&query=%E3%82%A4%E3%82%AA%E3%83%B3%E3%83%A2%E3%83%BC%E3%83%AB%E5%A4%AA%E7%94%B0,CSV自治体とGoogle Maps名称検索結果が一致
イオンモール東浦,愛知県,知多郡東浦町,found,イオンモール東浦,愛知県,知多郡東浦町,愛知県知多郡東浦町緒川旭13-2,34.977685,136.968525,https://www.google.com/maps/search/?api=1&query=%E3%82%A4%E3%82%AA%E3%83%B3%E3%83%A2%E3%83%BC%E3%83%AB%E6%9D%B1%E6%B5%A6,CSV自治体とGoogle Maps名称検索結果が一致
イオンモール名古屋茶屋,静岡県,静岡市葵区,pending_municipality_mismatch,イオンモール名古屋茶屋,愛知県,名古屋市港区,愛知県名古屋市港区西茶屋2丁目11,,,https://www.google.com/maps/search/?api=1&query=%E3%82%A4%E3%82%AA%E3%83%B3%E3%83%A2%E3%83%BC%E3%83%AB%E5%90%8D%E5%8F%A4%E5%B1%8B%E8%8C%B6%E5%B1%8B,Google Maps名称検索では愛知県名古屋市港区。CSV自治体と不一致のため高速手順では保留
AQA 広島センター街(アクア広島センター街)、 そごう広島店,広島県,広島市中区,found,AQA広島センター街(アクア広島センター街)、そごう広島店,広島県,広島市中区,広島県広島市中区基町6-27,34.3958726,132.4570943,https://www.google.com/maps/search/?api=1&query=AQA+%E5%BA%83%E5%B3%B6%E3%82%BB%E3%83%B3%E3%82%BF%E3%83%BC%E8%A1%97%28%E3%82%A2%E3%82%AF%E3%82%A2%E5%BA%83%E5%B3%B6%E3%82%BB%E3%83%B3%E3%82%BF%E3%83%BC%E8%A1%97%29%E3%80%81+%E3%81%9D%E3%81%94%E3%81%86%E5%BA%83%E5%B3%B6%E5%BA%97,CSV自治体とGoogle Maps名称検索結果が一致
TAKASHIMAYA TIMES SQUARE,東京都,渋谷区,found,TAKASHIMAYA TIMES SQUARE,東京都,渋谷区,東京都渋谷区千駄ヶ谷5丁目24-2,35.6875164,139.7023589,https://www.google.com/maps/search/?api=1&query=TAKASHIMAYA+TIMES+SQUARE,CSV自治体とGoogle Maps名称検索結果が一致
スーパーセンターオークワ南紀店,和歌山県,新宮市,found_google_maps_preferred,スーパーセンターオークワ南紀店,和歌山県,新宮市,和歌山県新宮市佐野3丁目11-19,33.675969,135.96988,https://www.google.com/maps/search/?api=1&query=%E3%82%B9%E3%83%BC%E3%83%91%E3%83%BC%E3%82%BB%E3%83%B3%E3%82%BF%E3%83%BC%E3%82%AA%E3%83%BC%E3%82%AF%E3%83%AF%E5%8D%97%E7%B4%80%E5%BA%97,Google Maps名称検索で施設一致。住所確認後に町丁目代表点で座標補助
三井ショッピングパーク ららぽーとTOKYO-BAY,千葉県,船橋市,found_google_maps_preferred,三井ショッピングパーク ららぽーとTOKYO-BAY,千葉県,船橋市,千葉県船橋市浜町2-1-1,35.683594,139.988524,https://www.google.com/maps/search/?api=1&query=%E4%B8%89%E4%BA%95%E3%82%B7%E3%83%A7%E3%83%83%E3%83%94%E3%83%B3%E3%82%B0%E3%83%91%E3%83%BC%E3%82%AF+%E3%82%89%E3%82%89%E3%81%BD%E3%83%BC%E3%81%A8TOKYO-BAY,Google Maps名称検索で施設一致。住所確認後に町丁目代表点で座標補助
イオンモール福原,奈良県,橿原市,found_google_maps_preferred,イオンモール橿原,奈良県,橿原市,奈良県橿原市曲川町7丁目20-1,34.506508,135.763473,https://www.google.com/maps/search/?api=1&query=%E3%82%A4%E3%82%AA%E3%83%B3%E3%83%A2%E3%83%BC%E3%83%AB%E6%A9%BF%E5%8E%9F,Google Mapsで部分一致する施設を優先。福原は橿原のOCR誤読として補正
JRセントラルタワーズ/JRゲートタワー,静岡県,静岡市,found_google_maps_preferred,JRセントラルタワーズ/JRゲートタワー,愛知県,名古屋市中村区,愛知県名古屋市中村区名駅1丁目1-4,35.170778,136.882494,https://www.google.com/maps/search/?api=1&query=JR%E3%82%BB%E3%83%B3%E3%83%88%E3%83%A9%E3%83%AB%E3%82%BF%E3%83%AF%E3%83%BC%E3%82%BA+JR%E3%82%B2%E3%83%BC%E3%83%88%E3%82%BF%E3%83%AF%E3%83%BC,Google Maps名称検索の所在地を優先し県市を補正
なんばCITY,京都府,亀岡市,found_google_maps_preferred,なんばCITY,大阪府,大阪市中央区,大阪府大阪市中央区難波5丁目1-60,34.664259,135.501411,https://www.google.com/maps/search/?api=1&query=%E3%81%AA%E3%82%93%E3%81%B0CITY,Google Maps名称検索の所在地を優先し県市を補正
mozo ワンダーシティ(モゾワンダーシティ),静岡県,静岡市,found_google_maps_preferred,mozo ワンダーシティ(モゾワンダーシティ),愛知県,名古屋市西区,愛知県名古屋市西区二方町40,35.226117,136.881835,https://www.google.com/maps/search/?api=1&query=mozo+%E3%83%AF%E3%83%B3%E3%83%80%E3%83%BC%E3%82%B7%E3%83%86%E3%82%A3,Google Maps名称検索の所在地を優先し県市を補正
ルミネ池袋・東武百貨店池袋店,千葉県,流山市,found_google_maps_preferred,ルミネ池袋・東武百貨店池袋店,東京都,豊島区,東京都豊島区西池袋1丁目11-1,35.73023,139.709358,https://www.google.com/maps/search/?api=1&query=%E3%83%AB%E3%83%9F%E3%83%8D%E6%B1%A0%E8%A2%8B+%E6%9D%B1%E6%AD%A6%E7%99%BE%E8%B2%A8%E5%BA%97%E6%B1%A0%E8%A2%8B%E5%BA%97,Google Mapsで部分一致する複合施設を優先。代表点はルミネ池袋住所
三井ショッピングバーク ららぽーと横浜,東京都,多摩市,found_google_maps_preferred,三井ショッピングパーク ららぽーと横浜,神奈川県,横浜市都筑区,神奈川県横浜市都筑区池辺町4035-1,35.523606,139.568671,https://www.google.com/maps/search/?api=1&query=%E4%B8%89%E4%BA%95%E3%82%B7%E3%83%A7%E3%83%83%E3%83%94%E3%83%B3%E3%82%B0%E3%83%91%E3%83%BC%E3%82%AF+%E3%82%89%E3%82%89%E3%81%BD%E3%83%BC%E3%81%A8%E6%A8%AA%E6%B5%9C,Google Mapsで部分一致する施設を優先。バークはパークに補正
ヨドバシカメラ マルチメディア梅田、 LINKS UMEDA,京都府,亀岡市,found_google_maps_preferred,ヨドバシカメラ マルチメディア梅田、LINKS UMEDA,大阪府,大阪市北区,大阪府大阪市北区大深町1-1,34.704761,135.494368,https://www.google.com/maps/search/?api=1&query=%E3%83%A8%E3%83%89%E3%83%90%E3%82%B7%E3%82%AB%E3%83%A1%E3%83%A9+%E3%83%9E%E3%83%AB%E3%83%81%E3%83%A1%E3%83%87%E3%82%A3%E3%82%A2%E6%A2%85%E7%94%B0+LINKS+UMEDA,Google Maps名称検索の所在地を優先し県市を補正
モラージュ三浦,埼玉県,久喜市,found_google_maps_preferred,モラージュ菖蒲,埼玉県,久喜市,埼玉県久喜市菖蒲町菖蒲6005-1,36.0749843,139.6118684,https://www.google.com/maps/search/?api=1&query=%E3%83%A2%E3%83%A9%E3%83%BC%E3%82%B8%E3%83%A5%E8%8F%96%E8%92%B2,Google Mapsで部分一致する施設を優先。三浦は菖蒲のOCR誤読として補正
神戸ハーバーランドumie (神戸ハーバーランドウミエ),大阪府,門真市,found_google_maps_preferred,神戸ハーバーランドumie (神戸ハーバーランドウミエ),兵庫県,神戸市中央区,兵庫県神戸市中央区東川崎町1丁目7-2,34.679078,135.181963,https://www.google.com/maps/search/?api=1&query=神戸ハーバーランドumie,Google Maps名称検索の所在地を優先し県市を補正
JR博多シティ(アミュプラザ博多、博多阪急),愛媛県,西条市,found_google_maps_preferred,JR博多シティ(アミュプラザ博多、博多阪急),福岡県,福岡市博多区,福岡県福岡市博多区博多駅中央街1-1,33.589783,130.420591,https://www.google.com/maps/search/?api=1&query=JR博多シティ アミュプラザ博多 博多阪急,Google Maps名称検索の所在地を優先し県市を補正
イオンモール名古屋茶屋,静岡県,静岡市,found_google_maps_preferred,イオンモール名古屋茶屋,愛知県,名古屋市港区,愛知県名古屋市港区西茶屋2丁目11,35.103726,136.824923,https://www.google.com/maps/search/?api=1&query=イオンモール名古屋茶屋,Google Maps名称検索の所在地を優先し県市を補正
三井ショッピングパーク ららぽーと福岡,愛媛県,西条市,found_google_maps_preferred,三井ショッピングパーク ららぽーと福岡,福岡県,福岡市博多区,福岡県福岡市博多区那珂6丁目23-1,33.565086,130.439711,https://www.google.com/maps/search/?api=1&query=三井ショッピングパーク ららぽーと福岡,Google Maps名称検索の所在地を優先し県市を補正
ハーバーシティ蘇我(アリオ蘇我ほか),千葉県,千葉市,found_google_maps_preferred,ハーバーシティ蘇我(アリオ蘇我ほか),千葉県,千葉市中央区,千葉県千葉市中央区川崎町52-7,35.578899,140.094327,https://www.google.com/maps/search/?api=1&query=ハーバーシティ蘇我 アリオ蘇我,Google Mapsで部分一致する施設を優先
光が丘IMA (光が丘イマ),千葉県,流山市,found_google_maps_preferred,光が丘IMA (光が丘イマ),東京都,練馬区,東京都練馬区光が丘5丁目1-1,35.761495,139.627156,https://www.google.com/maps/search/?api=1&query=光が丘IMA,Google Maps名称検索の所在地を優先し県市を補正
キャナルシティ博多,愛媛県,西条市,found_google_maps_preferred,キャナルシティ博多,福岡県,福岡市博多区,福岡県福岡市博多区住吉1丁目2,33.589768,130.411069,https://www.google.com/maps/search/?api=1&query=キャナルシティ博多,Google Maps名称検索の所在地を優先し県市を補正
まーとEXPOCITY -と エキスポシティ),大阪府,大阪市北区,found_google_maps_preferred,ららぽーとEXPOCITY,大阪府,吹田市,大阪府吹田市千里万博公園2-1,34.807748,135.533154,https://www.google.com/maps/search/?api=1&query=ららぽーとEXPOCITY,Google Mapsで部分一致する施設を優先。OCR崩れを補正
イオンモール甲府昭和,石川県,昭和町,found_google_maps_preferred,イオンモール甲府昭和,山梨県,中巨摩郡昭和町,山梨県中巨摩郡昭和町飯喰1505-1,35.622814,138.522196,https://www.google.com/maps/search/?api=1&query=イオンモール甲府昭和,Google Maps名称検索の所在地を優先し県市を補正
イオンモール鈴鹿,三重県,鈴鹿市,found_google_maps_preferred,イオンモール鈴鹿,三重県,鈴鹿市,三重県鈴鹿市庄野羽山4丁目1-2,34.871619,136.529256,https://www.google.com/maps/search/?api=1&query=イオンモール鈴鹿,Google Maps名称検索で施設一致
FKDショッピングモール 宇都宮インターパーク,栃木県,宇部宮市,found_google_maps_preferred,FKDショッピングモール 宇都宮インターパーク,栃木県,宇都宮市,栃木県宇都宮市インターパーク6丁目1-1,36.487956,139.906514,https://www.google.com/maps/search/?api=1&query=FKDショッピングモール 宇都宮インターパーク,Google Maps名称検索で施設一致。宇部宮市は宇都宮市に補正
サンシャインシティ(アルパ・ALTA(アルタ)),東京都,豊島区,found_google_maps_preferred,サンシャインシティ(アルパ・ALTA(アルタ)),東京都,豊島区,東京都豊島区東池袋3丁目1-1,35.73061,139.719445,https://www.google.com/maps/search/?api=1&query=サンシャインシティ アルパ ALTA,Google Maps名称検索で施設一致
フューチャーシティ ファポーレ,神奈川県,海老名市,found_google_maps_preferred,フューチャーシティ ファボーレ,富山県,富山市,富山県富山市婦中町下轡田165-1,36.662492,137.174967,https://www.google.com/maps/search/?api=1&query=フューチャーシティ ファボーレ,Google Mapsで部分一致する施設を優先。ファポーレはファボーレに補正
イオンモール高知,高知県,高知市,found_google_maps_preferred,イオンモール高知,高知県,高知市,高知県高知市秦南町1丁目4-8,33.5755,133.543562,https://www.google.com/maps/search/?api=1&query=イオンモール高知,Google Maps名称検索で施設一致
三井ショッピングパーク アーパンドック ららぼーと特洲,千葉県,流山市,found_google_maps_preferred,三井ショッピングパーク アーバンドック ららぽーと豊洲,東京都,江東区,東京都江東区豊洲2丁目4-9,35.655271,139.792777,https://www.google.com/maps/search/?api=1&query=三井ショッピングパーク アーバンドック ららぽーと豊洲,Google Mapsで部分一致する施設を優先。OCR崩れを補正
日本橋高島屋S.C.,千葉県,流山市,found_google_maps_preferred,日本橋高島屋S.C.,東京都,中央区,東京都中央区日本橋2丁目4-1,35.681272,139.774266,https://www.google.com/maps/search/?api=1&query=日本橋高島屋S.C.,Google Maps名称検索の所在地を優先し県市を補正
イオンモール木告川,愛知県,一宮市,found_google_maps_preferred,イオンモール木曽川,愛知県,一宮市,愛知県一宮市木曽川町黒田字南八ツケ池25-1,35.343121,136.785526,https://www.google.com/maps/search/?api=1&query=イオンモール木曽川,Google Mapsで部分一致する施設を優先。木告川は木曽川に補正
TOKIWAわさだタウン,大分県,大分市,found_google_maps_preferred,トキハわさだタウン,大分県,大分市,大分県大分市玉沢755-1,33.18956,131.583537,https://www.google.com/maps/search/?api=1&query=トキハわさだタウン,Google Mapsで部分一致する施設を優先。TOKIWAはトキハに補正
港北TOKYU S.C.,東京都,多摩市,found_google_maps_preferred,港北TOKYU S.C.,神奈川県,横浜市都筑区,神奈川県横浜市都筑区茅ケ崎中央5-1,35.546939,139.573405,https://www.google.com/maps/search/?api=1&query=港北TOKYU S.C.,Google Maps名称検索の所在地を優先し県市を補正
ピナウォーク,神奈川県,相模原市,found_google_maps_preferred,ビナウォーク,神奈川県,海老名市,神奈川県海老名市中央1丁目4-1,35.453636,139.394716,https://www.google.com/maps/search/?api=1&query=ビナウォーク,Google Mapsで部分一致する施設を優先。ピナウォークはビナウォークに補正
セブンパークアリオ柏,千葉県,柏市,found_google_maps_preferred,セブンパークアリオ柏,千葉県,柏市,千葉県柏市大島田1丁目6-1,35.8324971,140.0133380,https://www.google.com/maps/search/?api=1&query=セブンパークアリオ柏,Google Maps名称検索で施設一致
イオンモール大高,静岡県,静岡市,found_google_maps_preferred,イオンモール大高,愛知県,名古屋市緑区,愛知県名古屋市緑区南大高2丁目450,35.053516,136.947185,https://www.google.com/maps/search/?api=1&query=イオンモール大高,Google Maps名称検索の所在地を優先し県市を補正
京都高島屋S.C.,京都府,京都市,found_google_maps_preferred,京都高島屋S.C.,京都府,京都市下京区,京都府京都市下京区四条通河原町西入真町52,35.003782,135.769789,https://www.google.com/maps/search/?api=1&query=京都高島屋S.C.,Google Maps名称検索で施設一致
KITTE博多(キッテ博多)(博多マルイ ほか),愛媛県,西条市,found_google_maps_preferred,KITTE博多(キッテ博多)(博多マルイ ほか),福岡県,福岡市博多区,福岡県福岡市博多区博多駅中央街9-1,33.589783,130.420591,https://www.google.com/maps/search/?api=1&query=KITTE博多 博多マルイ,Google Maps名称検索の所在地を優先し県市を補正
たまプラーザ テラス,東京都,多摩市,found_google_maps_preferred,たまプラーザ テラス,神奈川県,横浜市青葉区,神奈川県横浜市青葉区美しが丘1丁目1-2,35.579973,139.555379,https://www.google.com/maps/search/?api=1&query=たまプラーザ テラス,Google Maps名称検索の所在地を優先し県市を補正
三井ショッピングバーク ららぽーと立川立飛,東京都,立川市,found_google_maps_preferred,三井ショッピングパーク ららぽーと立川立飛,東京都,立川市,東京都立川市泉町935-1,35.7122992,139.4174305,https://www.google.com/maps/search/?api=1&query=三井ショッピングパーク ららぽーと立川立飛,Google Mapsで部分一致する施設を優先。バークはパークに補正
と愛知東獄,滋賀県,東郷町,found_google_maps_preferred,三井ショッピングパーク ららぽーと愛知東郷,愛知県,愛知郡東郷町,愛知県愛知郡東郷町東郷中央土地区画整理事業62街区1・3,35.0993476,137.0466670,https://www.google.com/maps/search/?api=1&query=三井ショッピングパーク ららぽーと愛知東郷,Google Mapsで部分一致する施設を優先。OCR崩れを補正
御段場プレミアム・アウトレット,静岡県,御殿場市,found_google_maps_preferred,御殿場プレミアム・アウトレット,静岡県,御殿場市,静岡県御殿場市深沢1312,35.3077919,138.9650827,https://www.google.com/maps/search/?api=1&query=御殿場プレミアム・アウトレット,Google Mapsで部分一致する施設を優先。御段場は御殿場に補正
三井ショッピングバーク ららぽーと安城,愛知県,安城市,found_google_maps_preferred,三井ショッピングパーク ららぽーと安城,愛知県,安城市,愛知県安城市大東町9-30,34.9650947,137.0805238,https://www.google.com/maps/search/?api=1&query=三井ショッピングパーク ららぽーと安城,Google Mapsで部分一致する施設を優先。バークはパークに補正
一と甲子園,兵庫県,西宮市,found_google_maps_preferred,三井ショッピングパーク ららぽーと甲子園,兵庫県,西宮市,兵庫県西宮市甲子園八番町1-100,34.7185166,135.3635003,https://www.google.com/maps/search/?api=1&query=三井ショッピングパーク ららぽーと甲子園,Google Mapsで部分一致する施設を優先。OCR崩れを補正
イオンモール染名、ANQ (アンク)専門店街,三重県,桑名市,found_google_maps_preferred,イオンモール桑名、ANQ専門店街,三重県,桑名市,三重県桑名市新西方1丁目22,35.072209,136.662932,https://www.google.com/maps/search/?api=1&query=イオンモール桑名 ANQ専門店街,Google Mapsで部分一致する施設を優先。染名は桑名に補正
シーモール下関,山口県,下関市,found_google_maps_preferred,シーモール下関,山口県,下関市,山口県下関市竹崎町4丁目4-8,33.949555,130.924361,https://www.google.com/maps/search/?api=1&query=シーモール下関,Google Maps名称検索で施設一致
フェアモール福井 (アピタ、ラブリーパートナーエルパ),福井県,福井市,found_google_maps_preferred,フェアモール福井 (アピタ、ラブリーパートナーエルパ),福井県,福井市,福井県福井市大和田2丁目1212,36.09696,136.250196,https://www.google.com/maps/search/?api=1&query=フェアモール福井 アピタ ラブリーパートナーエルパ,Google Maps名称検索で施設一致
三井ショッピングパーク ららぽーと名古屋みなとアクルス,静岡県,静岡市,found_google_maps_preferred,三井ショッピングパーク ららぽーと名古屋みなとアクルス,愛知県,名古屋市港区,愛知県名古屋市港区港明2丁目3-2,35.109599,136.88337,https://www.google.com/maps/search/?api=1&query=三井ショッピングパーク ららぽーと名古屋みなとアクルス,Google Maps名称検索の所在地を優先し県市を補正
三井ショッピングバーク ららぽーと新三郷,埼玉県,三郷市,found_google_maps_preferred,三井ショッピングパーク ららぽーと新三郷,埼玉県,三郷市,埼玉県三郷市新三郷ららシティ3丁目1-1,35.860766,139.864775,https://www.google.com/maps/search/?api=1&query=三井ショッピングパーク ららぽーと新三郷,Google Mapsで部分一致する施設を優先。バークはパークに補正
千葉 県 ベリエ千葉,千葉県,千葉市,found_google_maps_preferred,ペリエ千葉,千葉県,千葉市中央区,千葉県千葉市中央区新千葉1丁目1-1,35.610491,140.11344,https://www.google.com/maps/search/?api=1&query=ペリエ千葉,Google Mapsで部分一致する施設を優先。OCR崩れを補正
(西武東戸塚S.C.、イオンスタイル東戸塚),東京都,多摩市,found_google_maps_preferred,西武東戸塚S.C.、イオンスタイル東戸塚,神奈川県,横浜市戸塚区,神奈川県横浜市戸塚区品濃町537-1,35.434555,139.559755,https://www.google.com/maps/search/?api=1&query=西武東戸塚S.C. イオンスタイル東戸塚,Google Mapsで部分一致する施設を優先し県市を補正
グンゼタウンセンター つかしん,兵庫県,尼崎市,found_google_maps_preferred,グンゼタウンセンター つかしん,兵庫県,尼崎市,兵庫県尼崎市塚口本町4丁目8-1,34.761963,135.418314,https://www.google.com/maps/search/?api=1&query=グンゼタウンセンター つかしん,Google Maps名称検索で施設一致
イオンモール東員,三重県,東員町,found_google_maps_preferred,イオンモール東員,三重県,員弁郡東員町,三重県員弁郡東員町長深510-1,35.059309,136.578508,https://www.google.com/maps/search/?api=1&query=イオンモール東員,Google Maps名称検索で施設一致。郡名付き自治体に補正
心斎橋PARCO,京都府,亀岡市,found_google_maps_preferred,心斎橋PARCO,大阪府,大阪市中央区,大阪府大阪市中央区心斎橋筋1丁目8-3,34.673453,135.501351,https://www.google.com/maps/search/?api=1&query=心斎橋PARCO,Google Maps名称検索の所在地を優先し県市を補正
イオン明石ショッピングセンター,兵庫県,明石市,found_google_maps_preferred,イオン明石ショッピングセンター,兵庫県,明石市,兵庫県明石市大久保町ゆりのき通3丁目3-1,34.678043,134.935735,https://www.google.com/maps/search/?api=1&query=イオン明石ショッピングセンター,Google Maps名称検索で施設一致
JR Cross東京店 エキント+大丸,東京都,,found_google_maps_preferred,JR東京駅 エキュート東京+大丸東京店,東京都,千代田区,東京都千代田区丸の内1丁目9-1,35.68156,139.767201,https://www.google.com/maps/search/?api=1&query=JR東京駅 エキュート東京 大丸東京店,Google Mapsで部分一致する施設を優先。OCR崩れを補正
ノースポート・モール,東京都,多摩市,found_google_maps_preferred,ノースポート・モール,神奈川県,横浜市都筑区,神奈川県横浜市都筑区中川中央1丁目25-1,35.553232,139.578386,https://www.google.com/maps/search/?api=1&query=ノースポート・モール,Google Maps名称検索の所在地を優先し県市を補正
三井ショッピングパーク ららぽーと和泉,大阪府,和泉市,found_google_maps_preferred,三井ショッピングパーク ららぽーと和泉,大阪府,和泉市,大阪府和泉市あゆみ野4丁目4-7,34.436157,135.448165,https://www.google.com/maps/search/?api=1&query=三井ショッピングパーク ららぽーと和泉,Google Maps名称検索で施設一致
LUCUA大阪(ルクア大阪),京都府,亀岡市,found_google_maps_preferred,LUCUA大阪(ルクア大阪),大阪府,大阪市北区,大阪府大阪市北区梅田3丁目1-3,34.700837,135.493878,https://www.google.com/maps/search/?api=1&query=LUCUA大阪 ルクア大阪,Google Maps名称検索の所在地を優先し県市を補正
スマーク伊多崎,群馬県,伊勢崎市,found_google_maps_preferred,スマーク伊勢崎,群馬県,伊勢崎市,群馬県伊勢崎市西小保方町368,36.343438,139.234172,https://www.google.com/maps/search/?api=1&query=スマーク伊勢崎,Google Mapsで部分一致する施設を優先。伊多崎は伊勢崎に補正
東京ソラマチ,千葉県,流山市,found_google_maps_preferred,東京ソラマチ,東京都,墨田区,東京都墨田区押上1丁目1-2,35.710776,139.813826,https://www.google.com/maps/search/?api=1&query=東京ソラマチ,Google Maps名称検索の所在地を優先し県市を補正
三井ショッピングバーク ららぽーと海老名,神奈川県,相模原市,found_google_maps_preferred,三井ショッピングパーク ららぽーと海老名,神奈川県,海老名市,神奈川県海老名市扇町13-1,35.455726,139.388738,https://www.google.com/maps/search/?api=1&query=三井ショッピングパーク ららぽーと海老名,Google Mapsで部分一致する施設を優先。バークはパークに補正し自治体も補正
イオンモール新潟田インター,新潟県,新潟市,found_google_maps_preferred,イオンモール新潟南,新潟県,新潟市江南区,新潟県新潟市江南区下早通柳田1丁目1-1,37.876559,139.080957,https://www.google.com/maps/search/?api=1&query=イオンモール新潟南,Google Mapsで部分一致する施設を優先。OCR崩れを補正
ツ ト,大阪府,泉佐野市,found_google_maps_preferred,りんくうプレミアム・アウトレット,大阪府,泉佐野市,大阪府泉佐野市りんくう往来南3-28,34.407448,135.296404,https://www.google.com/maps/search/?api=1&query=りんくうプレミアム・アウトレット,Google Mapsで部分一致する施設を優先。OCR崩れを補正
イオンモール徳島,徳島県,徳島市,found_google_maps_preferred,イオンモール徳島,徳島県,徳島市,徳島県徳島市南末広町4-1,34.060616,134.575296,https://www.google.com/maps/search/?api=1&query=イオンモール徳島,Google Maps名称検索で施設一致
三井ショッピングパーク ららぽーと相の楽,千葉県,柏市,found_google_maps_preferred,三井ショッピングパーク ららぽーと柏の葉,千葉県,柏市,千葉県柏市若柴175,35.891657,139.954,https://www.google.com/maps/search/?api=1&query=三井ショッピングパーク ららぽーと柏の葉,Google Mapsで部分一致する施設を優先。OCR崩れを補正
アミュプラザくまもと,熊本県,熊本市西区,found_google_maps_preferred,アミュプラザくまもと,熊本県,熊本市西区,熊本県熊本市西区春日3丁目15-26,32.789437,130.68798,https://www.google.com/maps/search/?api=1&query=アミュプラザくまもと,Google Maps名称検索で施設一致
イーアス春日井,愛知県,春日井市,found_google_maps_preferred,イーアス春日井,愛知県,春日井市,愛知県春日井市六軒屋町東丘22,35.258135,136.981433,https://www.google.com/maps/search/?api=1&query=イーアス春日井,Google Maps名称検索で施設一致
三井ショッピングバーク ららぽーと増田,静岡県,磐田市,found_google_maps_preferred,三井ショッピングパーク ららぽーと磐田,静岡県,磐田市,静岡県磐田市高見丘1200,34.750247,137.840972,https://www.google.com/maps/search/?api=1&query=三井ショッピングパーク ららぽーと磐田,Google Mapsで部分一致する施設を優先。OCR崩れを補正
アリオ周,大阪府,堺市,found_google_maps_preferred,アリオ鳳,大阪府,堺市西区,大阪府堺市西区鳳南町3丁199-12,34.525884,135.457282,https://www.google.com/maps/search/?api=1&query=アリオ鳳,Google Mapsで部分一致する施設を優先。OCR崩れを補正
イオンモール小牧,北海道,苫小牧市,found_google_maps_preferred,イオンモール苫小牧,北海道,苫小牧市,北海道苫小牧市柳町3丁目1-20,42.656538,141.64175,https://www.google.com/maps/search/?api=1&query=イオンモール苫小牧,Google Mapsで部分一致する施設を優先。小牧は苫小牧のOCR崩れとして補正
イオンモール品取北,鳥取県,鳥取市,found_google_maps_preferred,イオンモール鳥取北,鳥取県,鳥取市,鳥取県鳥取市晩稲348,35.524995,134.202929,https://www.google.com/maps/search/?api=1&query=イオンモール鳥取北,Google Mapsで部分一致する施設を優先。品取は鳥取のOCR崩れとして補正
MARK IS 福岡ももち,福岡県,福岡市中央区,found_google_maps_preferred,MARK IS 福岡ももち,福岡県,福岡市中央区,福岡県福岡市中央区地行浜2丁目2-1,33.595116,130.361513,https://www.google.com/maps/search/?api=1&query=MARK IS 福岡ももち,Google Maps名称検索で施設一致
大宮スカイビル,埼玉県,さいたま市大宮区,found_google_maps_preferred,大宮スカイビル,埼玉県,さいたま市大宮区,埼玉県さいたま市大宮区桜木町1丁目6-2,35.90395,139.621185,https://www.google.com/maps/search/?api=1&query=大宮スカイビル,Google Maps名称検索で施設一致
新さっぽろアークシティ サンピアザ,北海道,札幌市,found_google_maps_preferred,新さっぽろアークシティ サンピアザ,北海道,札幌市厚別区,北海道札幌市厚別区厚別中央2条5丁目7-2,43.038851,141.471799,https://www.google.com/maps/search/?api=1&query=新さっぽろアークシティ サンピアザ,Google Maps名称検索で施設一致。自治体を厚別区まで補正
京急ショッピングプラザ・ウィング上大岡、京急百貨店,東京都,多摩市,found_google_maps_preferred,京急ショッピングプラザ・ウィング上大岡、京急百貨店,神奈川県,横浜市港南区,神奈川県横浜市港南区上大岡西1丁目6-1,35.409632,139.595894,https://www.google.com/maps/search/?api=1&query=京急ショッピングプラザ ウィング上大岡 京急百貨店,Google Maps名称検索の所在地を優先し県市を補正
ダイバーシティ東京 プラザ,千葉県,流山市,found_google_maps_preferred,ダイバーシティ東京 プラザ,東京都,江東区,東京都江東区青海1丁目1-10,35.625058,139.778725,https://www.google.com/maps/search/?api=1&query=ダイバーシティ東京 プラザ,Google Maps名称検索の所在地を優先し県市を補正
GINZA SIX,千葉県,流山市,found_google_maps_preferred,GINZA SIX,東京都,中央区,東京都中央区銀座6丁目10-1,35.669261,139.764429,https://www.google.com/maps/search/?api=1&query=GINZA SIX,Google Maps名称検索の所在地を優先し県市を補正
アリオ上尾&ホーマック上尾店,埼玉県,上尾市,found_google_maps_preferred,アリオ上尾&ホーマック上尾店,埼玉県,上尾市,埼玉県上尾市壱丁目367,35.957701,139.570578,https://www.google.com/maps/search/?api=1&query=アリオ上尾 ホーマック上尾店,Google Maps名称検索で施設一致
イオンモール熱田,静岡県,静岡市,found_google_maps_preferred,イオンモール熱田,愛知県,名古屋市熱田区,愛知県名古屋市熱田区六野1丁目2-11,35.136628,136.911408,https://www.google.com/maps/search/?api=1&query=イオンモール熱田,Google Maps名称検索の所在地を優先し県市を補正
イオンモールハ千代緑が丘,千葉県,八千代市,found_google_maps_preferred,イオンモール八千代緑が丘,千葉県,八千代市,千葉県八千代市緑が丘2丁目1-3,35.725406,140.071748,https://www.google.com/maps/search/?api=1&query=イオンモール八千代緑が丘,Google Mapsで部分一致する施設を優先。OCR崩れを補正
京王聖蹟桜ケ丘ショッピングセンター,東京都,多摩市,found_google_maps_preferred,京王聖蹟桜ケ丘ショッピングセンター,東京都,多摩市,東京都多摩市関戸1丁目10-1,35.652267,139.447572,https://www.google.com/maps/search/?api=1&query=京王聖蹟桜ケ丘ショッピングセンター,Google Maps名称検索で施設一致
ガーデンモール印西 BIG HOP,千葉県,印西市,found_google_maps_preferred,ガーデンモール印西 BIG HOP,千葉県,印西市,千葉県印西市原1丁目2,35.803356,140.164151,https://www.google.com/maps/search/?api=1&query=ガーデンモール印西 BIG HOP,Google Maps名称検索で施設一致
セブンバーク天美,大阪府,松原市,found_google_maps_preferred,セブンパーク天美,大阪府,松原市,大阪府松原市天美東3丁目500,34.592903,135.542643,https://www.google.com/maps/search/?api=1&query=セブンパーク天美,Google Mapsで部分一致する施設を優先。バークはパークに補正
ポートプラザ日化 (ゆめタウン福山、天満屋ハビータウン),広島県,福山市,found_google_maps_preferred,ポートプラザ日化 (ゆめタウン福山、天満屋ハピータウン),広島県,福山市,広島県福山市入船町3丁目1-25,34.485792,133.377728,https://www.google.com/maps/search/?api=1&query=ポートプラザ日化 ゆめタウン福山 天満屋ハピータウン,Google Mapsの部分一致を優先。ハビータウンはハピータウンに補正
イオンモール高の原(サンタウンプラザこすもす館),京都府,木津川市,found_google_maps_preferred,イオンモール高の原(サンタウンプラザこすもす館),京都府,木津川市,京都府木津川市相楽台1丁目1-1,34.726128,135.790171,https://www.google.com/maps/search/?api=1&query=イオンモール高の原,Google Maps名称検索で施設一致
グランフロント大阪ショップ&レストラン,京都府,亀岡市,found_google_maps_preferred,グランフロント大阪ショップ&レストラン,大阪府,大阪市北区,大阪府大阪市北区大深町4-20,34.704761,135.494368,https://www.google.com/maps/search/?api=1&query=グランフロント大阪ショップ レストラン,Google Maps名称検索の所在地を優先し県市を補正
エミテラス所沢,群馬県,高崎市,found_google_maps_preferred,エミテラス所沢,埼玉県,所沢市,埼玉県所沢市東住吉10-1,35.784193,139.47053,https://www.google.com/maps/search/?api=1&query=エミテラス所沢,Google Maps名称検索の所在地を優先し県市を補正
ビバシティ彦根,滋賀県,彦根市,found_google_maps_preferred,ビバシティ彦根,滋賀県,彦根市,滋賀県彦根市竹ケ鼻町43-1,35.242443,136.243504,https://www.google.com/maps/search/?api=1&query=ビバシティ彦根,Google Maps名称検索で施設一致
UNICUS南古谷(ウニクス南古谷),埼玉県,川越市,found_google_maps_preferred,UNICUS南古谷(ウニクス南古谷),埼玉県,川越市,埼玉県川越市泉町3-1,35.904778,139.512687,https://www.google.com/maps/search/?api=1&query=ウニクス南古谷,Google Maps名称検索で施設一致
ゆめが丘ソラトス,東京都,多摩市,found_google_maps_preferred,ゆめが丘ソラトス,神奈川県,横浜市泉区,神奈川県横浜市泉区ゆめが丘31,35.4036768,139.4831605,https://www.google.com/maps/search/?api=1&query=ゆめが丘ソラトス,Google Maps名称検索の所在地を優先し県市を補正
アクアシティお台場,千葉県,流山市,found_google_maps_preferred,アクアシティお台場,東京都,港区,東京都港区台場1丁目7-1,35.630728,139.777935,https://www.google.com/maps/search/?api=1&query=アクアシティお台場,Google Maps名称検索の所在地を優先し県市を補正
ミーナ天神、イオンショッパーズ福岡店,愛媛県,西条市,found_google_maps_preferred,ミーナ天神、イオンショッパーズ福岡店,福岡県,福岡市中央区,福岡県福岡市中央区天神4丁目3-8,33.59458,130.39985,https://www.google.com/maps/search/?api=1&query=ミーナ天神 イオンショッパーズ福岡店,Google Maps名称検索の所在地を優先し県市を補正
新田ショッピングセンターニコ・モール,群馬県,太田市,found_google_maps_preferred,新田ショッピングセンターニコ・モール,群馬県,太田市,群馬県太田市新田市野井町592-13,36.315394,139.301952,https://www.google.com/maps/search/?api=1&query=新田ショッピングセンター ニコモール,Google Maps名称検索で施設一致
MARK IS みなとみらい,神奈川県,横浜市,found_google_maps_preferred,MARK IS みなとみらい,神奈川県,横浜市西区,神奈川県横浜市西区みなとみらい3丁目5-1,35.457124,139.630645,https://www.google.com/maps/search/?api=1&query=MARK IS みなとみらい,Google Maps名称検索で施設一致。自治体を西区まで補正
アリオ毛有,千葉県,流山市,found_google_maps_preferred,アリオ亀有,東京都,葛飾区,東京都葛飾区亀有3丁目49-3,35.765188,139.850309,https://www.google.com/maps/search/?api=1&query=アリオ亀有,Google Mapsで部分一致する施設を優先。毛有は亀有に補正し県市も補正
イオンモール四日市北,三重県,四日市,found_google_maps_preferred,イオンモール四日市北,三重県,四日市市,三重県四日市市富州原町2-40,35.009382,136.658793,https://www.google.com/maps/search/?api=1&query=イオンモール四日市北,Google Maps名称検索で施設一致。自治体を四日市市に補正
ヨコハマスカイ(マルイシティ横浜 ほか),神奈川県,横浜市,found_google_maps_preferred,ヨコハマスカイ(マルイシティ横浜ほか),神奈川県,横浜市西区,神奈川県横浜市西区高島2丁目19-12,35.463443,139.622052,https://www.google.com/maps/search/?api=1&query=ヨコハマスカイ マルイシティ横浜,Google Maps名称検索で施設一致。自治体を西区まで補正
六本木ヒルズ,千葉県,流山市,found_google_maps_preferred,六本木ヒルズ,東京都,港区,東京都港区六本木6丁目10-1,35.660329,139.730276,https://www.google.com/maps/search/?api=1&query=六本木ヒルズ,Google Maps名称検索の所在地を優先し県市を補正
基町クレドパセーラ,広島県,広島市,found_google_maps_preferred,基町クレドパセーラ,広島県,広島市中区,広島県広島市中区基町6-78,34.401095,132.456506,https://www.google.com/maps/search/?api=1&query=基町クレド パセーラ,Google Maps名称検索で施設一致。自治体を中区まで補正
アリオハ尾,大阪府,八尾市,found_google_maps_preferred,アリオ八尾,大阪府,八尾市,大阪府八尾市光町2丁目3,34.631276,135.605835,https://www.google.com/maps/search/?api=1&query=アリオ八尾,Google Mapsで部分一致する施設を優先。ハ尾は八尾に補正
イオン三好ショッピングセンター,愛知県,みよし市,found_google_maps_preferred,イオン三好ショッピングセンター,愛知県,みよし市,愛知県みよし市三好町青木91,35.092922,137.078736,https://www.google.com/maps/search/?api=1&query=イオン三好ショッピングセンター,Google Maps名称検索で施設一致。ユーザー確認済み住所を反映
ノクティプラザ(マルイファミリー満の口ほか),神奈川県,川崎市,found_google_maps_preferred,ノクティプラザ(マルイファミリー溝口ほか),神奈川県,川崎市高津区,神奈川県川崎市高津区溝口1丁目3-1,35.599801,139.613201,https://www.google.com/maps/search/?api=1&query=ノクティプラザ マルイファミリー溝口,Google Mapsで部分一致する施設を優先。満の口は溝口に補正し自治体を高津区まで補正
フォレストサイドビル(フォーリス、MitteN府中),東京都,府中市,found_google_maps_preferred,フォレストサイドビル(フォーリス、MitteN府中),東京都,府中市,東京都府中市宮町1丁目41-2,35.67123,139.481455,https://www.google.com/maps/search/?api=1&query=フォレストサイドビル フォーリス MitteN府中,Google Maps名称検索で施設一致
セレオ国分寺(国分寺マルイほか),東京都,国分寺市,found_google_maps_preferred,セレオ国分寺(国分寺マルイほか),東京都,国分寺市,東京都国分寺市南町3丁目20-3,35.698221,139.478861,https://www.google.com/maps/search/?api=1&query=セレオ国分寺 国分寺マルイ,Google Maps名称検索で施設一致
イオンモールつがる相,青森県,つがる市,found_google_maps_preferred,イオンモールつがる柏,青森県,つがる市,青森県つがる市柏稲盛幾世41,40.805096,140.419028,https://www.google.com/maps/search/?api=1&query=イオンモールつがる柏,Google Mapsで部分一致する施設を優先。相は柏に補正
住友不動産 ショッピングシティ 有明ガーデン,千葉県,流山市,found_google_maps_preferred,住友不動産 ショッピングシティ 有明ガーデン,東京都,江東区,東京都江東区有明2丁目1-8,35.636322,139.789974,https://www.google.com/maps/search/?api=1&query=住友不動産 ショッピングシティ 有明ガーデン,Google Maps名称検索の所在地を優先し県市を補正
イオンモール富士宮,静岡県,富士宮市,found_google_maps_preferred,イオンモール富士宮,静岡県,富士宮市,静岡県富士宮市浅間町1-8,35.219116,138.611282,https://www.google.com/maps/search/?api=1&query=イオンモール富士宮,Google Maps名称検索で施設一致
名古屋PARCO,静岡県,静岡市,found_google_maps_preferred,名古屋PARCO,愛知県,名古屋市中区,愛知県名古屋市中区栄3丁目29-1,35.165759,136.905971,https://www.google.com/maps/search/?api=1&query=名古屋PARCO,Google Maps名称検索の所在地を優先し県市を補正
コミュニティプラザ・コルン,埼玉県,さいたま市浦和区,found_google_maps_preferred,コミュニティプラザ・コルソ,埼玉県,さいたま市浦和区,埼玉県さいたま市浦和区高砂1丁目12-1,35.858402,139.65639,https://www.google.com/maps/search/?api=1&query=コミュニティプラザ コルソ,Google Mapsで部分一致する施設を優先。コルンはコルソに補正
福田屋ショッピングプラザ宇都宮店,栃木県,宇部宮市,found_google_maps_preferred,福田屋ショッピングプラザ宇都宮店,栃木県,宇都宮市,栃木県宇都宮市今泉町237,36.570826,139.901011,https://www.google.com/maps/search/?api=1&query=福田屋ショッピングプラザ宇都宮店,Google Maps名称検索で施設一致。宇部宮市は宇都宮市に補正
エルムの街ショッピングセンター,青森県,五所川原市,found_google_maps_preferred,エルムの街ショッピングセンター,青森県,五所川原市,青森県五所川原市大字唐笠柳藤巻517-1,40.7987313,140.4539494,https://www.google.com/maps/search/?api=1&query=エルムの街ショッピングセンター,Google Maps名称検索で施設一致。座標はOSM施設点で補助
南砂町ショッピングセンター SUNAMO,千葉県,流山市,found_google_maps_preferred,南砂町ショッピングセンター SUNAMO,東京都,江東区,東京都江東区新砂3丁目4-31,35.658814,139.837095,https://www.google.com/maps/search/?api=1&query=南砂町ショッピングセンター SUNAMO,Google Maps名称検索の所在地を優先し県市を補正
京都ヨドバシ,京都府,京都市,found_google_maps_preferred,京都ヨドバシ,京都府,京都市下京区,京都府京都市下京区東塩小路町590-2,34.987182,135.758744,https://www.google.com/maps/search/?api=1&query=京都ヨドバシ,Google Maps名称検索で施設一致。自治体を下京区まで補正
イオンスタイル新浦安,千葉県,浦安市,found_google_maps_preferred,イオンスタイル新浦安,千葉県,浦安市,千葉県浦安市入船1丁目4-1,35.649062,139.913799,https://www.google.com/maps/search/?api=1&query=イオンスタイル新浦安,Google Maps名称検索で施設一致
福岡三越、ラシック福岡天神,福岡県,福岡市中央区,found_google_maps_preferred,福岡三越、ラシック福岡天神,福岡県,福岡市中央区,福岡県福岡市中央区天神2丁目1-1,33.58939,130.398043,https://www.google.com/maps/search/?api=1&query=福岡三越 ラシック福岡天神,Google Maps名称検索で施設一致
イオンモール新瑞橋,静岡県,静岡市,found_google_maps_preferred,イオンモール新瑞橋,愛知県,名古屋市南区,愛知県名古屋市南区菊住1丁目7-10,35.114868,136.935239,https://www.google.com/maps/search/?api=1&query=イオンモール新瑞橋,Google Maps名称検索の所在地を優先し県市を補正
モザイクモール港北,東京都,多摩市,found_google_maps_preferred,モザイクモール港北,神奈川県,横浜市都筑区,神奈川県横浜市都筑区中川中央1丁目31-1,35.553232,139.578386,https://www.google.com/maps/search/?api=1&query=モザイクモール港北,Google Maps名称検索の所在地を優先し県市を補正
イオン釧路店,北海道,釧路町,found_google_maps_preferred,イオン釧路店,北海道,釧路郡釧路町,北海道釧路郡釧路町桂木1丁目1-7,43.009038,144.404962,https://www.google.com/maps/search/?api=1&query=イオン釧路店,Google Maps名称検索で施設一致。自治体を郡付き表記に補正
イオンモール Nagoya Noritake Garden,静岡県,静岡市,found_google_maps_preferred,イオンモール Nagoya Noritake Garden,愛知県,名古屋市西区,愛知県名古屋市西区則武新町3丁目1-17,35.179598,136.879398,https://www.google.com/maps/search/?api=1&query=イオンモール Nagoya Noritake Garden,Google Maps名称検索の所在地を優先し県市を補正
GRAND TREE MUSASHIKOSUGI (グランツリー武蔵小杉),神奈川県,川崎市,found_google_maps_preferred,GRAND TREE MUSASHIKOSUGI (グランツリー武蔵小杉),神奈川県,川崎市中原区,神奈川県川崎市中原区新丸子東3丁目1135-1,35.574728,139.6612,https://www.google.com/maps/search/?api=1&query=GRAND TREE MUSASHIKOSUGI グランツリー武蔵小杉,Google Maps名称検索で施設一致。自治体を中原区まで補正
ラザウォーク甲斐双業,山梨県,甲斐市,found_google_maps_preferred,ラザウォーク甲斐双葉,山梨県,甲斐市,山梨県甲斐市志田字柿木645-1,35.684539,138.483786,https://www.google.com/maps/search/?api=1&query=ラザウォーク甲斐双葉,Google Mapsで部分一致する施設を優先。双業は双葉に補正
上越ウイングマーケットセンター,新潟県,上越市,found_google_maps_preferred,上越ウイングマーケットセンター,新潟県,上越市,新潟県上越市富岡3458,37.144209,138.260769,https://www.google.com/maps/search/?api=1&query=上越ウイングマーケットセンター,Google Maps名称検索で施設一致
ビバモールさいたま新都心,埼玉県,さいたま市浦和区,found_google_maps_preferred,ビバモールさいたま新都心,埼玉県,さいたま市浦和区,埼玉県さいたま市浦和区上木崎1丁目13-1,35.886622,139.637589,https://www.google.com/maps/search/?api=1&query=ビバモールさいたま新都心,Google Maps名称検索で施設一致
大宮西口DOMショッピングセンター(大宮西口ドムショッピングセンター),埼玉県,さいたま市大宮区,found_google_maps_preferred,大宮西口DOMショッピングセンター,埼玉県,さいたま市大宮区,埼玉県さいたま市大宮区桜木町2丁目3,35.907878,139.618836,https://www.google.com/maps/search/?api=1&query=大宮西口DOMショッピングセンター,Google Maps名称検索で施設一致
ゆめタウン出州,島根県,出雲市,found_google_maps_preferred,ゆめタウン出雲,島根県,出雲市,島根県出雲市大塚町650-1,35.378919,132.751742,https://www.google.com/maps/search/?api=1&query=ゆめタウン出雲,Google Mapsで部分一致する施設を優先。出州は出雲に補正
和歌山ミオ北館、近鉄百貨店和歌山店,和歌山県,和歌山市,found_google_maps_preferred,和歌山ミオ北館、近鉄百貨店和歌山店,和歌山県,和歌山市,和歌山県和歌山市美園町5丁目61,34.23099,135.190817,https://www.google.com/maps/search/?api=1&query=和歌山ミオ 近鉄百貨店和歌山店,Google Maps名称検索で施設一致
千住ミルディス(北千住マルイほか),千葉県,流山市,found_google_maps_preferred,千住ミルディス(北千住マルイほか),東京都,足立区,東京都足立区千住3丁目92,35.751635,139.802709,https://www.google.com/maps/search/?api=1&query=千住ミルディス 北千住マルイ,Google Maps名称検索の所在地を優先し県市を補正
MARK IS 静岡,長野県,茅野市,found_google_maps_preferred,MARK IS 静岡,静岡県,静岡市葵区,静岡県静岡市葵区柚木1026,34.982402,138.408165,https://www.google.com/maps/search/?api=1&query=MARK IS 静岡,Google Maps名称検索の所在地を優先し県市を補正
土岐プレミアム・アウトレット,岐阜県,土岐市,found_google_maps_preferred,土岐プレミアム・アウトレット,岐阜県,土岐市,岐阜県土岐市土岐ヶ丘1丁目2,35.341779,137.165355,https://www.google.com/maps/search/?api=1&query=土岐プレミアム・アウトレット,Google Maps名称検索で施設一致
イトーヨーカドー四街道店,千葉県,四街道市,found_google_maps_preferred,イトーヨーカドー四街道店,千葉県,四街道市,千葉県四街道市中央5,35.668167,140.165724,https://www.google.com/maps/search/?api=1&query=イトーヨーカドー四街道店,Google Maps名称検索で施設一致
イオン近江八体ショッピングセンター,滋賀県,近江八阪市,found_google_maps_preferred,イオン近江八幡ショッピングセンター,滋賀県,近江八幡市,滋賀県近江八幡市鷹飼町南3丁目7,35.121863,136.103323,https://www.google.com/maps/search/?api=1&query=イオン近江八幡ショッピングセンター,Google Mapsで部分一致する施設を優先。八体/八阪は八幡に補正
イオン板橋ショッピングセンター,千葉県,流山市,found_google_maps_preferred,イオン板橋ショッピングセンター,東京都,板橋区,東京都板橋区徳丸2丁目6-1,35.772017,139.660952,https://www.google.com/maps/search/?api=1&query=イオン板橋ショッピングセンター,Google Maps名称検索の所在地を優先し県市を補正
浦和PARCO,埼玉県,さいたま市浦和区,found_google_maps_preferred,浦和PARCO,埼玉県,さいたま市浦和区,埼玉県さいたま市浦和区東高砂町11-1,35.857958,139.659645,https://www.google.com/maps/search/?api=1&query=浦和PARCO,Google Maps名称検索で施設一致
三井アウトレットバーク 岡崎,愛知県,岡崎市,found_google_maps_preferred,三井アウトレットパーク 岡崎,愛知県,岡崎市,愛知県岡崎市舞木町金森200,34.90028,137.250916,https://www.google.com/maps/search/?api=1&query=三井アウトレットパーク%20岡崎,Google Mapsで部分一致する施設を優先。バークをパークに補正
松江片倉フィラチャー (イオン松江ショッピングセンター),島根県,松江市,found_google_maps_preferred,イオン松江ショッピングセンター,島根県,松江市,島根県松江市東朝日町151,35.463811,133.072758,https://www.google.com/maps/search/?api=1&query=イオン松江ショッピングセンター,Google Mapsで部分一致する施設を優先。松江片倉フィラチャーはイオン松江SCとして補正
アピタ島田、エンチョー島田店,静岡県,島田市,found_google_maps_preferred,アピタ島田、エンチョー島田店,静岡県,島田市,静岡県島田市宝来町8-2,34.827408,138.186433,https://www.google.com/maps/search/?api=1&query=アピタ島田 エンチョー島田店,Google Maps名称検索で施設一致
オリナス錦糸町,千葉県,流山市,found_google_maps_preferred,オリナス錦糸町,東京都,墨田区,東京都墨田区太平4丁目1-2,35.701441,139.816912,https://www.google.com/maps/search/?api=1&query=オリナス錦糸町,Google Maps名称検索の所在地を優先し県市を補正
イオン春日井ショッピングセンター,愛知県,春日井市,found_google_maps_preferred,イオン春日井ショッピングセンター,愛知県,春日井市,愛知県春日井市柏井町4丁目17,35.236863,136.963175,https://www.google.com/maps/search/?api=1&query=イオン春日井ショッピングセンター,Google Maps名称検索で施設一致
イオンモール明和,三重県,明和町,found_google_maps_preferred,イオンモール明和,三重県,多気郡明和町,三重県多気郡明和町中村1223,34.584361,136.615389,https://www.google.com/maps/search/?api=1&query=イオンモール明和,Google Maps名称検索で施設一致。自治体を郡付き表記に補正
イオンモール谷,宮城県,富谷市,found_google_maps_preferred,イオンモール富谷,宮城県,富谷市,宮城県富谷市大清水1丁目33-1,38.368102,140.875596,https://www.google.com/maps/search/?api=1&query=イオンモール富谷,Google Mapsで部分一致する施設を優先。谷は富谷に補正
ACLE ークル),大阪府,泉佐野市,found_google_maps_preferred,りんくうプレジャータウンSEACLE,大阪府,泉佐野市,大阪府泉佐野市りんくう往来南3,34.407448,135.296404,https://www.google.com/maps/search/?api=1&query=りんくうプレジャータウンSEACLE,Google Mapsで部分一致する施設を優先。OCR欠落をSEACLEとして補正
アリオ北砂,千葉県,流山市,found_google_maps_preferred,アリオ北砂,東京都,江東区,東京都江東区北砂2丁目17-1,35.681245,139.826232,https://www.google.com/maps/search/?api=1&query=アリオ北砂,Google Maps名称検索の所在地を優先し県市を補正
Colette・Mare(コレットマーレ) ヒューリックみなとみらい ショッピングタウン,神奈川県,横浜市,found_google_maps_preferred,Colette・Mare(コレットマーレ) ヒューリックみなとみらい ショッピングタウン,神奈川県,横浜市中区,神奈川県横浜市中区桜木町1丁目1-7,35.452155,139.631304,https://www.google.com/maps/search/?api=1&query=Colette Mare コレットマーレ,Google Maps名称検索で施設一致。自治体を中区まで補正
イオンモールとなみ,山梨県,,found_google_maps_preferred,イオンモールとなみ,富山県,砺波市,富山県砺波市中神1丁目174,36.641636,136.94766,https://www.google.com/maps/search/?api=1&query=イオンモールとなみ,Google Maps名称検索の所在地を優先し県市を補正
筑紫野ベレッサ,福岡県,筑紫野市,found_google_maps_preferred,筑紫野ベレッサ,福岡県,筑紫野市,福岡県筑紫野市美しが丘南1丁目12-1,33.446337,130.543236,https://www.google.com/maps/search/?api=1&query=筑紫野ベレッサ,Google Maps名称検索で施設一致
イオンモール新発田,新潟県,新発田市,found_google_maps_preferred,イオンモール新発田,新潟県,新発田市,新潟県新発田市住吉町5丁目11-5,37.943682,139.309551,https://www.google.com/maps/search/?api=1&query=イオンモール新発田,Google Maps名称検索で施設一致
bono相模大野(ボーノ相模大野),神奈川県,相模原市南区,found_google_maps_preferred,bono相模大野(ボーノ相模大野),神奈川県,相模原市南区,神奈川県相模原市南区相模大野3丁目2-1,35.531884,139.435436,https://www.google.com/maps/search/?api=1&query=bono相模大野 ボーノ相模大野,Google Maps名称検索で施設一致
ゆみーる鉄取ショッピングセンター,千葉県,千葉市,found_google_maps_preferred,ゆみーる鎌取ショッピングセンター,千葉県,千葉市緑区,千葉県千葉市緑区おゆみ野3丁目16-1,35.560667,140.176948,https://www.google.com/maps/search/?api=1&query=ゆみーる鎌取ショッピングセンター,Google Mapsで部分一致する施設を優先。鉄取は鎌取に補正
北上ツインモールプラザ,岩手県,北上市,found_google_maps_preferred,北上ツインモールプラザ,岩手県,北上市,岩手県北上市本通り2丁目2-1,39.288761,141.116559,https://www.google.com/maps/search/?api=1&query=北上ツインモールプラザ,Google Maps名称検索で施設一致
立川商島屋S.C.,東京都,立川市,found_google_maps_preferred,立川高島屋S.C.,東京都,立川市,東京都立川市曙町2丁目39-3,35.700542,139.415657,https://www.google.com/maps/search/?api=1&query=立川高島屋S.C.,Google Mapsで部分一致する施設を優先。商島屋は高島屋に補正
イオンモール出,島根県,出雲市,found_google_maps_preferred,イオンモール出雲,島根県,出雲市,島根県出雲市渡橋町1066,35.367615,132.74558,https://www.google.com/maps/search/?api=1&query=イオンモール出雲,Google Mapsで部分一致する施設を優先。出は出雲に補正
京阪シティモール,京都府,亀岡市,found_google_maps_preferred,京阪シティモール,大阪府,大阪市中央区,大阪府大阪市中央区天満橋京町1-1,34.690284,135.516073,https://www.google.com/maps/search/?api=1&query=京阪シティモール,Google Maps名称検索の所在地を優先し県市を補正
三井アウトレットパーク マリンビア神戸,兵庫県,神戸市,found_google_maps_preferred,三井アウトレットパーク マリンピア神戸,兵庫県,神戸市垂水区,兵庫県神戸市垂水区海岸通12-2,34.627203,135.04578,https://www.google.com/maps/search/?api=1&query=三井アウトレットパーク マリンピア神戸,Google Mapsで部分一致する施設を優先。マリンビアはマリンピアに補正
新静岡セノバ,長野県,茅野市,found_google_maps_preferred,新静岡セノバ,静岡県,静岡市葵区,静岡県静岡市葵区鷹匠1丁目1-1,34.976268,138.387805,https://www.google.com/maps/search/?api=1&query=新静岡セノバ,Google Maps名称検索の所在地を優先し県市を補正
ビバモール加須,埼玉県,加須市,found_google_maps_preferred,ビバモール加須,埼玉県,加須市,埼玉県加須市下高柳1丁目29,36.111195,139.608483,https://www.google.com/maps/search/?api=1&query=ビバモール加須,Google Maps名称検索で施設一致
町田東急ツインズ,東京都,町田市,found_google_maps_preferred,町田東急ツインズ,東京都,町田市,東京都町田市原町田6丁目4-1,35.544021,139.447457,https://www.google.com/maps/search/?api=1&query=町田東急ツインズ,Google Maps名称検索で施設一致
二子玉川ライズ・ショッピングセンター,東京都,,found_google_maps_preferred,二子玉川ライズ・ショッピングセンター,東京都,世田谷区,東京都世田谷区玉川2丁目21-1,35.61415,139.628396,https://www.google.com/maps/search/?api=1&query=二子玉川ライズ・ショッピングセンター,Google Maps名称検索で施設一致。市区町村欠損を補完
アコス ショッピングセンター (アコス専門店街、草加マルイ),埼玉県,草加市,found_google_maps_preferred,アコス ショッピングセンター (アコス専門店街、草加マルイ),埼玉県,草加市,埼玉県草加市高砂2丁目7-1,35.828142,139.805352,https://www.google.com/maps/search/?api=1&query=アコス ショッピングセンター 草加マルイ,Google Maps名称検索で施設一致
いわきエブリア,福島県,いわき市,found_google_maps_preferred,いわきエブリア,福島県,いわき市,福島県いわき市鹿島町米田日渡5,36.993457,140.904966,https://www.google.com/maps/search/?api=1&query=いわきエブリア,Google Maps名称検索で施設一致
ASTA (アスタ),東京都,西東京市,found_google_maps_preferred,ASTA (アスタ),東京都,西東京市,東京都西東京市田無町2丁目1-1,35.728348,139.543477,https://www.google.com/maps/search/?api=1&query=ASTA アスタ,Google Maps名称検索で施設一致
港南台バーズ,東京都,多摩市,found_google_maps_preferred,港南台バーズ,神奈川県,横浜市港南区,神奈川県横浜市港南区港南台3丁目1-3,35.377385,139.578222,https://www.google.com/maps/search/?api=1&query=港南台バーズ,Google Maps名称検索の所在地を優先し県市を補正
アリオ西新井,千葉県,流山市,found_google_maps_preferred,アリオ西新井,東京都,足立区,東京都足立区西新井栄町1丁目20-1,35.774025,139.788795,https://www.google.com/maps/search/?api=1&query=アリオ西新井,Google Maps名称検索の所在地を優先し県市を補正
イオンモール奈良美ヶ丘,奈良県,生駒市,found_google_maps_preferred,イオンモール奈良登美ヶ丘,奈良県,生駒市,奈良県生駒市鹿畑町3027,34.731414,135.739362,https://www.google.com/maps/search/?api=1&query=イオンモール奈良登美ヶ丘,Google Mapsで部分一致する施設を優先。奈良美ヶ丘は奈良登美ヶ丘に補正
浜松プラザ,静岡県,浜松市中央区,found_google_maps_preferred,浜松プラザ,静岡県,浜松市中央区,静岡県浜松市中央区上西町1020-1,34.723351,137.758961,https://www.google.com/maps/search/?api=1&query=浜松プラザ,Google Maps名称検索で施設一致。代表点は旧浜松市東区上西町の町丁目座標
フジグラン亜信、ダイキEX重信,愛媛県,東温市,found_google_maps_preferred,フジグラン重信、DCM重信店,愛媛県,東温市,愛媛県東温市野田3丁目1-13,33.794556,132.835071,https://www.google.com/maps/search/?api=1&query=フジグラン重信 DCM重信店,Google Mapsで部分一致する施設を優先。亜信は重信、ダイキはDCMとして補正
博多リバレインモール by TAKASHIMAYA,愛媛県,西条市,found_google_maps_preferred,博多リバレインモール by TAKASHIMAYA,福岡県,福岡市博多区,福岡県福岡市博多区下川端町3-1,33.59576,130.406025,https://www.google.com/maps/search/?api=1&query=博多リバレインモール by TAKASHIMAYA,Google Maps名称検索の所在地を優先し県市を補正
総曲輪フェリオ,神奈川県,海老名市,found_google_maps_preferred,総曲輪フェリオ,富山県,富山市,富山県富山市総曲輪3丁目8-6,36.689744,137.213547,https://www.google.com/maps/search/?api=1&query=総曲輪フェリオ,Google Maps名称検索の所在地を優先し県市を補正
ゆめタウンハ代,熊本県,熊本市西区,found_google_maps_preferred,ゆめタウン八代,熊本県,八代市,熊本県八代市建馬町3-1,32.50587,130.586197,https://www.google.com/maps/search/?api=1&query=ゆめタウン八代,Google Mapsで部分一致する施設を優先。ハ代は八代に補正
赤羽バルロード3・イトーヨーカドー赤羽店,千葉県,流山市,found_google_maps_preferred,赤羽パルロード3・イトーヨーカドー赤羽店,東京都,北区,東京都北区赤羽西1丁目7-1,35.777376,139.718953,https://www.google.com/maps/search/?api=1&query=赤羽パルロード3 イトーヨーカドー赤羽店,Google Mapsで部分一致する施設を優先。バルロードはパルロードに補正し県市も補正
ゆめタウン下松、星プラザ,山口県,下松市,found_google_maps_preferred,ゆめタウン下松、星プラザ,山口県,下松市,山口県下松市中央町21-3,34.017719,131.862645,https://www.google.com/maps/search/?api=1&query=ゆめタウン下松 星プラザ,Google Maps名称検索で施設一致
みなとみらい東急スクエア,神奈川県,横浜市,found_google_maps_preferred,みなとみらい東急スクエア,神奈川県,横浜市西区,神奈川県横浜市西区みなとみらい2丁目3-2,35.455154,139.631835,https://www.google.com/maps/search/?api=1&query=みなとみらい東急スクエア,Google Maps名称検索で施設一致。自治体を西区まで補正
キャスパ,兵庫県,姫路市,found_google_maps_preferred,キャスパ,兵庫県,姫路市,兵庫県姫路市西駅前町88,34.828722,134.688132,https://www.google.com/maps/search/?api=1&query=キャスパ 姫路,Google Maps名称検索で施設一致
トビレックプラザ,千葉県,流山市,found_google_maps_preferred,トピレックプラザ,東京都,江東区,東京都江東区南砂6丁目7-15,35.671933,139.83502,https://www.google.com/maps/search/?api=1&query=トピレックプラザ,Google Mapsで部分一致する施設を優先。トビレックはトピレックに補正し県市も補正
フェアモール松任,石川県,白山市,found_google_maps_preferred,フェアモール松任,石川県,白山市,石川県白山市幸明町280,36.515989,136.578022,https://www.google.com/maps/search/?api=1&query=フェアモール松任,Google Maps名称検索で施設一致
アルカキット錦糸町,千葉県,流山市,found_google_maps_preferred,アルカキット錦糸町,東京都,墨田区,東京都墨田区錦糸2丁目2-1,35.698388,139.812637,https://www.google.com/maps/search/?api=1&query=アルカキット錦糸町,Google Maps名称検索の所在地を優先し県市を補正
サンロードシティSC,鹿児島県,錦町,found_google_maps_preferred,サンロードシティSC,鹿児島県,鹿屋市,鹿児島県鹿屋市旭原町3591-4,31.406851,130.882786,https://www.google.com/maps/search/?api=1&query=サンロードシティSC 鹿屋,Google Maps名称検索で施設一致。自治体を鹿屋市に補正
三井アウトレットバーク 札幌北広品,北海道,北広島市,found_google_maps_preferred,三井アウトレットパーク 札幌北広島,北海道,北広島市,北海道北広島市大曲幸町3丁目7-6,42.970482,141.472126,https://www.google.com/maps/search/?api=1&query=三井アウトレットパーク 札幌北広島,Google Mapsで部分一致する施設を優先。バーク/北広品はパーク/北広島に補正
ランドマークプラザ、クイーンズタワーA,神奈川県,横浜市,found_google_maps_preferred,ランドマークプラザ、クイーンズタワーA,神奈川県,横浜市西区,神奈川県横浜市西区みなとみらい2丁目2-1,35.455154,139.631835,https://www.google.com/maps/search/?api=1&query=ランドマークプラザ クイーンズタワーA,Google Maps名称検索で施設一致。自治体を西区まで補正
ベイドリーム清水,長野県,茅野市,found_google_maps_preferred,ベイドリーム清水,静岡県,静岡市清水区,静岡県静岡市清水区駒越北町8-1,34.983645,138.497787,https://www.google.com/maps/search/?api=1&query=ベイドリーム清水,Google Maps名称検索の所在地を優先し県市を補正
アリオ。西,千葉県,流山市,found_google_maps_preferred,アリオ葛西,東京都,江戸川区,東京都江戸川区東葛西9丁目3-3,35.6544,139.883949,https://www.google.com/maps/search/?api=1&query=アリオ葛西,Google Mapsで部分一致する施設を優先。OCR崩れを葛西として補正
ミオカ,東京都,多摩市,found_google_maps_preferred,mioka,神奈川県,横浜市港南区,神奈川県横浜市港南区上大岡西1丁目18-3,35.409632,139.595894,https://www.google.com/maps/search/?api=1&query=mioka 上大岡,Google Maps名称検索の所在地を優先し県市を補正
イオンモール福岡伊部,福岡県,福岡市西区,found_google_maps_preferred,イオンモール福岡伊都,福岡県,福岡市西区,福岡県福岡市西区北原1丁目2-1,33.578281,130.257087,https://www.google.com/maps/search/?api=1&query=イオンモール福岡伊都,Google Mapsで部分一致する施設を優先。伊部は伊都に補正
ホームズ葛西店,千葉県,流山市,found_google_maps_preferred,ホームズ葛西店,東京都,江戸川区,東京都江戸川区東葛西9丁目3-6,35.6544,139.883949,https://www.google.com/maps/search/?api=1&query=ホームズ葛西店,Google Maps名称検索の所在地を優先し県市を補正
イオン仙台中山店,宮城県,仙台市,found_google_maps_preferred,イオン仙台中山店,宮城県,仙台市泉区,宮城県仙台市泉区南中山1丁目35-40,38.301207,140.828782,https://www.google.com/maps/search/?api=1&query=イオン仙台中山店,Google Maps名称検索で施設一致。自治体を泉区まで補正
瓦日JFLAG,香川県,高松市,found_google_maps_preferred,瓦町FLAG,香川県,高松市,香川県高松市常磐町1丁目3-1,34.338695,134.051157,https://www.google.com/maps/search/?api=1&query=瓦町FLAG,Google Mapsで部分一致する施設を優先。瓦日は瓦町に補正
tonarieつくばスクエア(トナリエつくばスクエア),茨城県,つくば市,found_google_maps_preferred,tonarieつくばスクエア(トナリエつくばスクエア),茨城県,つくば市,茨城県つくば市吾妻1丁目6-1,36.081534,140.112938,https://www.google.com/maps/search/?api=1&query=tonarieつくばスクエア,Google Maps名称検索で施設一致
イオン上田ショッピングセンター,長野県,上田市,found_google_maps_preferred,イオン上田ショッピングセンター,長野県,上田市,長野県上田市常田2丁目12-18,36.394562,138.257027,https://www.google.com/maps/search/?api=1&query=イオン上田ショッピングセンター,Google Maps名称検索で施設一致
ワルツ所沢(西武所沢S.C.ほか),埼玉県,所沢市,found_google_maps_preferred,ワルツ所沢(西武所沢S.C.ほか),埼玉県,所沢市,埼玉県所沢市日吉町12-1,35.787257,139.471101,https://www.google.com/maps/search/?api=1&query=ワルツ所沢 西武所沢S.C.,Google Maps名称検索で施設一致
デックス東京ビーチ,千葉県,流山市,found_google_maps_preferred,デックス東京ビーチ,東京都,港区,東京都港区台場1丁目6-1,35.630728,139.777935,https://www.google.com/maps/search/?api=1&query=デックス東京ビーチ,Google Maps名称検索の所在地を優先し県市を補正
字士シティモール,熊本県,宇土市,found_google_maps_preferred,宇土シティモール,熊本県,宇土市,熊本県宇土市善道寺町綾織95,32.684438,130.668616,https://www.google.com/maps/search/?api=1&query=宇土シティモール,Google Mapsで部分一致する施設を優先。字士は宇土に補正
イオン橋本店,神奈川県,相模原市,found_google_maps_preferred,イオン橋本店,神奈川県,相模原市緑区,神奈川県相模原市緑区橋本6丁目2-1,35.597929,139.34269,https://www.google.com/maps/search/?api=1&query=イオン橋本店,Google Maps名称検索で施設一致。自治体を緑区まで補正
ビバモール裏屋川1,大阪府,寝屋川市,found_google_maps_preferred,ビバモール寝屋川,大阪府,寝屋川市,大阪府寝屋川市寝屋南2丁目22-1,34.767223,135.651817,https://www.google.com/maps/search/?api=1&query=ビバモール寝屋川,Google Mapsで部分一致する施設を優先。裏屋川は寝屋川に補正
LACHIC (ラシック)、名古屋栄三越,静岡県,静岡市,found_google_maps_preferred,LACHIC (ラシック)、名古屋栄三越,愛知県,名古屋市中区,愛知県名古屋市中区栄3丁目6-1,35.165759,136.905971,https://www.google.com/maps/search/?api=1&query=LACHIC 名古屋栄三越,Google Maps名称検索の所在地を優先し県市を補正
Pia Do (ピアドゥ),青森県,八戸市,found_google_maps_preferred,Pia Do (ピアドゥ),青森県,八戸市,青森県八戸市沼館4丁目7-112,40.529141,141.497283,https://www.google.com/maps/search/?api=1&query=Pia Do ピアドゥ 八戸,Google Maps名称検索で施設一致
カインズモール名古屋みなと,静岡県,静岡市,found_google_maps_preferred,カインズモール名古屋みなと,愛知県,名古屋市港区,愛知県名古屋市港区一州町1-3,35.08951,136.867146,https://www.google.com/maps/search/?api=1&query=カインズモール名古屋みなと,Google Maps名称検索の所在地を優先し県市を補正
星が丘テラス、星ヶ丘三越,愛知県,名古屋市,found_google_maps_preferred,星が丘テラス、星ヶ丘三越,愛知県,名古屋市千種区,愛知県名古屋市千種区星が丘元町16-50,35.160549,136.98452,https://www.google.com/maps/search/?api=1&query=星が丘テラス 星ヶ丘三越,Google Maps名称検索で施設一致。自治体を千種区まで補正
セントラルスクエア静岡,長野県,茅野市,found_google_maps_preferred,セントラルスクエア静岡,静岡県,静岡市駿河区,静岡県静岡市駿河区石田1丁目5-1,34.961192,138.400132,https://www.google.com/maps/search/?api=1&query=セントラルスクエア静岡,Google Maps名称検索の所在地を優先し県市を補正
フレスボ鳥栖,佐賀県,鳥栖市,found_google_maps_preferred,フレスポ鳥栖,佐賀県,鳥栖市,佐賀県鳥栖市本鳥栖町537-1,33.377241,130.519361,https://www.google.com/maps/search/?api=1&query=フレスポ鳥栖,Google Mapsで部分一致する施設を優先。ボはポに補正
ヨドバシ横浜,神奈川県,横浜市,found_google_maps_preferred,ヨドバシ横浜,神奈川県,横浜市西区,神奈川県横浜市西区北幸1丁目2-7,35.467075,139.619367,https://www.google.com/maps/search/?api=1&query=ヨドバシ横浜,Google Maps名称検索で施設一致。自治体を西区まで補正
イッツポナンザシティヨシヅヤ津島本店,愛知県,津島市,found_google_maps_preferred,イッツボナンザシティヨシヅヤ津島本店,愛知県,津島市,愛知県津島市津島北新開351,35.175252,136.747041,https://www.google.com/maps/search/?api=1&query=イッツボナンザシティ ヨシヅヤ津島本店,Google Mapsで部分一致する施設を優先。ポナンザはボナンザに補正
ベイシア前橋南モール,群馬県,前橋市,found_google_maps_preferred,ベイシア前橋南モール,群馬県,前橋市,群馬県前橋市新堀町893,36.324988,139.097654,https://www.google.com/maps/search/?api=1&query=ベイシア前橋南モール,Google Maps名称検索で施設一致
イオンモール部城駅前,宮崎県,都城市,found_google_maps_preferred,イオンモール都城駅前,宮崎県,都城市,宮崎県都城市栄町4672-5,31.73512,131.07734,https://www.google.com/maps/search/?api=1&query=イオンモール都城駅前,Google Mapsで部分一致する施設を優先。部城は都城に補正
ポートウォークみなと,静岡県,静岡市,found_google_maps_preferred,ポートウォークみなと,愛知県,名古屋市港区,愛知県名古屋市港区当知2丁目1501,35.108333,136.849004,https://www.google.com/maps/search/?api=1&query=ポートウォークみなと,Google Maps名称検索の所在地を優先し県市を補正
アトレ川越(アトレマルヒロ),埼玉県,川越市,found_google_maps_preferred,アトレ川越(アトレマルヒロ),埼玉県,川越市,埼玉県川越市脇田町105,35.908277,139.483291,https://www.google.com/maps/search/?api=1&query=アトレ川越 アトレマルヒロ,Google Maps名称検索で施設一致
徳 島 県 アミコ,徳島県,徳島市,found_google_maps_preferred,アミコ,徳島県,徳島市,徳島県徳島市元町1丁目24,34.073116,134.550238,https://www.google.com/maps/search/?api=1&query=アミコ 徳島,Google Mapsで部分一致する施設を優先。OCR崩れを補正
アピタ長久手店,愛知県,長久手市,found_google_maps_preferred,アピタ長久手店,愛知県,長久手市,愛知県長久手市戸田谷901-1,35.173565,137.037488,https://www.google.com/maps/search/?api=1&query=アピタ長久手店,Google Maps名称検索で施設一致
ゆめタウンシティモール,熊本県,熊本市西区,found_google_maps_preferred,あらおシティモール,熊本県,荒尾市,熊本県荒尾市緑ケ丘1丁目1-1,32.982769,130.470473,https://www.google.com/maps/search/?api=1&query=あらおシティモール,Google Mapsで部分一致する施設を優先。施設名と自治体を補正
アピタ松阪三雲店,三重県,松阪市,found_google_maps_preferred,アピタ松阪三雲店,三重県,松阪市,三重県松阪市市場庄町1266-1,34.605665,136.514567,https://www.google.com/maps/search/?api=1&query=アピタ松阪三雲店,Google Maps名称検索で施設一致
イオンハ代ショッピングセンター,熊本県,熊本市西区,found_google_maps_preferred,イオン八代ショッピングセンター,熊本県,八代市,熊本県八代市沖町六番割3987-3,32.524759,130.585034,https://www.google.com/maps/search/?api=1&query=イオン八代ショッピングセンター,Google Mapsで部分一致する施設を優先。ハ代を八代に補正し自治体も補正
カエデウォーク長津田,東京都,多摩市,found_google_maps_preferred,アピタ長津田店,神奈川県,横浜市緑区,神奈川県横浜市緑区長津田みなみ台4丁目7-1,35.519448,139.499194,https://www.google.com/maps/search/?api=1&query=アピタ長津田店,Google Mapsで部分一致する施設を優先。施設名と県市を補正
テラスウォークー3,愛知県,一宮市,found_google_maps_preferred,テラスウォーク一宮,愛知県,一宮市,愛知県一宮市両郷町1丁目2,35.311356,136.81647,https://www.google.com/maps/search/?api=1&query=テラスウォーク一宮,Google Mapsで部分一致する施設を優先。OCR崩れを補正
プラザモールなかま,福岡県,中間市,found_google_maps_preferred,プラザモールなかま,福岡県,中間市,福岡県中間市上蓮花寺1丁目1-1,33.823564,130.723483,https://www.google.com/maps/search/?api=1&query=プラザモールなかま,Google Maps名称検索で施設一致
さくら野百貨店弘前店・ラフォルテ,青森県,弘前市,found_google_maps_preferred,さくら野百貨店弘前店・ラフォルテ,青森県,弘前市,青森県弘前市城東北3丁目10-1,40.607147,140.496246,https://www.google.com/maps/search/?api=1&query=さくら野百貨店弘前店 ラフォルテ,Google Maps名称検索で施設一致。座標は国土地理院住所検索で確認
アル・プラザ城陽,京都府,城陽市,found_google_maps_preferred,アル・プラザ城陽,京都府,城陽市,京都府城陽市富野荒見田112,34.841684,135.783548,https://www.google.com/maps/search/?api=1&query=アル・プラザ城陽,Google Maps名称検索で施設一致
函館昭和タウンプラザ,北海道,函館市,found_google_maps_preferred,函館昭和タウンプラザ,北海道,函館市,北海道函館市昭和1丁目29-2,41.818691,140.740799,https://www.google.com/maps/search/?api=1&query=函館昭和タウンプラザ,Google Maps名称検索で施設一致。座標は国土地理院住所検索で確認
ボールスターショッピングセンター,北海道,函館市,found_google_maps_preferred,ポールスターショッピングセンター,北海道,函館市,北海道函館市港町1丁目2-1,41.801758,140.73204,https://www.google.com/maps/search/?api=1&query=ポールスターショッピングセンター 函館,Google Mapsで部分一致する施設を優先。ボールスターはポールスターに補正
フレスポ函館戸蔵,北海道,函館市,found_google_maps_preferred,フレスポ函館戸倉,北海道,函館市,北海道函館市戸倉町130-1,41.779366,140.800323,https://www.google.com/maps/search/?api=1&query=フレスポ函館戸倉,Google Mapsで部分一致する施設を優先。戸蔵は戸倉に補正
長崎屋小樽店、ドン・キホーテ小樽店,北海道,小樽市,found_google_maps_preferred,長崎屋小樽店・ドン・キホーテ小樽店,北海道,小樽市,北海道小樽市稲穂2丁目20-1,43.197433,140.995193,https://www.google.com/maps/search/?api=1&query=ドン・キホーテ小樽店 長崎屋小樽店,Google Maps名称検索で施設一致。座標は国土地理院住所検索で確認
ショッピングセンターア・モール(豊岡ショッピングセンター),北海道,旭川市,found_google_maps_preferred,アモールショッピングセンター,北海道,旭川市,北海道旭川市豊岡3条2丁目2-19,43.760452,142.39325,https://www.google.com/maps/search/?api=1&query=アモールショッピングセンター 旭川,Google Mapsで部分一致する施設を優先。施設名を補正
さっぽろ地下街オーロラタウン・ポールタウン,北海道,札幌市,found_google_maps_preferred,さっぽろ地下街オーロラタウン・ポールタウン,北海道,札幌市中央区,北海道札幌市中央区大通西3丁目,43.06086,141.352753,https://www.google.com/maps/search/?api=1&query=さっぽろ地下街 オーロラタウン ポールタウン,Google Maps名称検索で施設一致。自治体を中央区まで補正
ウエスタン川端ショッピングセンター,北海道,旭川市,found_google_maps_preferred,ウエスタン川端,北海道,旭川市,北海道旭川市川端町7条10丁目1-53,43.782455,142.339035,https://www.google.com/maps/search/?api=1&query=ウエスタン川端,Google Mapsで部分一致する施設を優先
コープさっぽろShena店(コープさっぽろシーナ店),北海道,旭川市,found_google_maps_preferred,コープさっぽろShena店(コープさっぽろシーナ店),北海道,旭川市,北海道旭川市永山3条15丁目1-7,43.805702,142.42659,https://www.google.com/maps/search/?api=1&query=コープさっぽろシーナ店,Google Maps名称検索で施設一致
アビア,北海道,札幌市,found_google_maps_preferred,APIA(アピア),北海道,札幌市中央区,北海道札幌市中央区北5条西4丁目,43.067341,141.349518,https://www.google.com/maps/search/?api=1&query=APIA アピア 札幌,Google Mapsで部分一致する施設を優先。アビアはアピアに補正し自治体を中央区まで補正
東光ストア円山店,北海道,札幌市,found_google_maps_preferred,東光ストア円山店,北海道,札幌市中央区,北海道札幌市中央区北1条西24丁目4-1,43.058517,141.32103,https://www.google.com/maps/search/?api=1&query=東光ストア円山店,Google Maps名称検索で施設一致。自治体を中央区まで補正
PIVOT CROSS,北海道,札幌市,found_google_maps_preferred,PIVOT CROSS,北海道,札幌市中央区,北海道札幌市中央区南1条西2丁目9-1,43.059025,141.354935,https://www.google.com/maps/search/?api=1&query=PIVOT CROSS 札幌,Google Maps名称検索で施設一致。自治体を中央区まで補正
MEGAドン・キホーテ旭川店(旭川春光ショッピングセンター),北海道,旭川市,found_google_maps_preferred,MEGAドン・キホーテ旭川店(旭川春光ショッピングセンター),北海道,旭川市,北海道旭川市春光1条8丁目1-65,43.798004,142.378662,https://www.google.com/maps/search/?api=1&query=MEGAドン・キホーテ旭川店,Google Maps名称検索で施設一致
コーブさっぽろ東光店,北海道,旭川市,found_google_maps_preferred,コープさっぽろ東光店,北海道,旭川市,北海道旭川市豊岡1条5丁目1-5,43.755665,142.40358,https://www.google.com/maps/search/?api=1&query=コープさっぽろ東光店,Google Mapsで部分一致する施設を優先。コーブはコープに補正
maruyame Class,北海道,札幌市,found_google_maps_preferred,マルヤマクラス,北海道,札幌市中央区,北海道札幌市中央区南1条西27丁目1-1,43.055416,141.318375,https://www.google.com/maps/search/?api=1&query=マルヤマクラス,Google Mapsで部分一致する施設を優先。施設名と自治体を補正
ODORI BISSE(大通ピッセ),北海道,札幌市,found_google_maps_preferred,ODORI BISSE(大通ビッセ),北海道,札幌市中央区,北海道札幌市中央区大通西3丁目7,43.061562,141.352661,https://www.google.com/maps/search/?api=1&query=ODORI BISSE 大通ビッセ,Google Mapsで部分一致する施設を優先。ピッセはビッセに補正
三井ショッピングパークアーパン 赤れんがテラス,北海道,札幌市,found_google_maps_preferred,三井ショッピングパーク アーバン 赤れんが テラス,北海道,札幌市中央区,北海道札幌市中央区北2条西4丁目1,43.063679,141.350494,https://www.google.com/maps/search/?api=1&query=赤れんがテラス,Google Mapsで部分一致する施設を優先。アーパンはアーバンに補正
MEGAドン・キホーテ室蘭中島店,北海道,室蘭市,found_google_maps_preferred,MEGAドン・キホーテ室蘭中島店,北海道,室蘭市,北海道室蘭市中島町1丁目19-11,42.354328,141.017853,https://www.google.com/maps/search/?api=1&query=MEGAドン・キホーテ室蘭中島店,Google Maps名称検索で施設一致
イオン室蘭店,北海道,室蘭市,found_google_maps_preferred,イオン室蘭店,北海道,室蘭市,北海道室蘭市東町2丁目4-32,42.344242,141.025787,https://www.google.com/maps/search/?api=1&query=イオン室蘭店,Google Maps名称検索で施設一致
イオン札幌麻生店,北海道,札幌市,found_google_maps_preferred,イオン札幌麻生店,北海道,札幌市北区,北海道札幌市北区北39条西4丁目1-5,43.106503,141.339767,https://www.google.com/maps/search/?api=1&query=イオン札幌麻生店,Google Maps名称検索で施設一致。自治体を北区まで補正
MORUE中島(モル工中島),北海道,室蘭市,found_google_maps_preferred,MORUE中島(モルエ中島),北海道,室蘭市,北海道室蘭市中島本町1丁目4-4,42.35384,141.012665,https://www.google.com/maps/search/?api=1&query=MORUE中島 モルエ中島,Google Mapsで部分一致する施設を優先。モル工はモルエに補正
コープさっぽろあいの里店,北海道,札幌市,found_google_maps_preferred,コープさっぽろあいの里店,北海道,札幌市北区,北海道札幌市北区あいの里1条5丁目2,43.157181,141.398102,https://www.google.com/maps/search/?api=1&query=コープさっぽろあいの里店,Google Maps名称検索で施設一致。自治体を北区まで補正
コープさっぽろ桜ヶ岡店,北海道,釧路市,found_google_maps_preferred,コープさっぽろ桜ヶ岡店,北海道,釧路市,北海道釧路市桜ケ岡4丁目2-22,42.965584,144.424973,https://www.google.com/maps/search/?api=1&query=コープさっぽろ桜ヶ岡店,Google Maps名称検索で施設一致
あいの里ショッピングセンターi-MALL,北海道,札幌市,found_google_maps_preferred,あいの里ショッピングセンター i-MALL,北海道,札幌市北区,北海道札幌市北区あいの里1条5丁目2-3,43.157181,141.398102,https://www.google.com/maps/search/?api=1&query=あいの里ショッピングセンター i-MALL,Google Maps名称検索で施設一致。自治体を北区まで補正
釧路和商市場,北海道,釧路市,found_google_maps_preferred,釧路和商市場,北海道,釧路市,北海道釧路市黒金町13丁目25,42.989204,144.379898,https://www.google.com/maps/search/?api=1&query=釧路和商市場,Google Maps名称検索で施設一致
CiiNA CiiNA屯田(シーナシーナ屯田),北海道,札幌市,found_google_maps_preferred,CiiNA CiiNA屯田(シーナシーナ屯田),北海道,札幌市北区,北海道札幌市北区屯田8条3丁目5-1,43.139366,141.342178,https://www.google.com/maps/search/?api=1&query=CiiNA CiiNA屯田,Google Maps名称検索で施設一致。自治体を北区まで補正
釧路フィッシャーマンズワーフ MOO (ムー),北海道,釧路市,found_google_maps_preferred,釧路フィッシャーマンズワーフMOO,北海道,釧路市,北海道釧路市錦町2丁目4,42.981762,144.383026,https://www.google.com/maps/search/?api=1&query=釧路フィッシャーマンズワーフMOO,Google Maps名称検索で施設一致
東光ストア麻生店,北海道,札幌市,found_google_maps_preferred,東光ストア麻生店,北海道,札幌市北区,北海道札幌市北区北40条西4丁目2-15,43.108521,141.338486,https://www.google.com/maps/search/?api=1&query=東光ストア麻生店,Google Maps名称検索で施設一致。自治体を北区まで補正
フレスポ釧路文苑,北海道,釧路市,found_google_maps_preferred,フレスポ釧路文苑,北海道,釧路市,北海道釧路市文苑2丁目48-11,43.019424,144.379028,https://www.google.com/maps/search/?api=1&query=フレスポ釧路文苑,Google Maps名称検索で施設一致
イオン札幌栄町店,北海道,札幌市,found_google_maps_preferred,イオン札幌栄町店,北海道,札幌市東区,北海道札幌市東区北42条東16丁目1-5,43.113583,141.367203,https://www.google.com/maps/search/?api=1&query=イオン札幌栄町店,Google Maps名称検索で施設一致。自治体を東区まで補正
イオン札幌元町ショッピングセンター,北海道,札幌市,found_google_maps_preferred,イオン札幌元町ショッピングセンター,北海道,札幌市東区,北海道札幌市東区北31条東15丁目1-1,43.101254,141.36908,https://www.google.com/maps/search/?api=1&query=イオン札幌元町ショッピングセンター,Google Maps名称検索で施設一致。自治体を東区まで補正
エスタ希広,北海道,帯広市,found_google_maps_preferred,エスタ帯広,北海道,帯広市,北海道帯広市西2条南12丁目4,42.918098,143.202881,https://www.google.com/maps/search/?api=1&query=エスタ帯広,Google Mapsで部分一致する施設を優先。希広は帯広に補正
ショッピングランドいっきゅう,北海道,帯広市,found_google_maps_preferred,ショッピングランドいっきゅう,北海道,帯広市,北海道帯広市西19条南2丁目30,42.918907,143.151901,https://www.google.com/maps/search/?api=1&query=ショッピングランドいっきゅう 帯広,Google Maps名称検索で施設一致
コープさっぽろLUCY店,北海道,札幌市,found_google_maps_preferred,コープさっぽろLUCY店,北海道,札幌市白石区,北海道札幌市白石区栄通18丁目5-35,43.028027,141.43457,https://www.google.com/maps/search/?api=1&query=コープさっぽろLUCY店,Google Maps名称検索で施設一致。自治体を白石区まで補正
新西広帯ショッピングセンター(びあざフクハラ西帯広店),北海道,帯広市,found_google_maps_preferred,ぴあざフクハラ西帯広店,北海道,帯広市,北海道帯広市西23条南3丁目62-3,42.915733,143.125443,https://www.google.com/maps/search/?api=1&query=ぴあざフクハラ西帯広店,Google Mapsで部分一致する施設を優先。施設名OCRを補正
イオン札幌平岸店,北海道,札幌市,found_google_maps_preferred,イオン札幌平岸店,北海道,札幌市豊平区,北海道札幌市豊平区平岸2条10丁目3-28,43.029812,141.367508,https://www.google.com/maps/search/?api=1&query=イオン札幌平岸店,Google Maps名称検索で施設一致。自治体を豊平区まで補正
ショッピングセンターメッセ(北見メッセ),北海道,北見市,found_google_maps_preferred,ショッピングセンターメッセ(北見メッセ),北海道,北見市,北海道北見市中央三輪5丁目423-5,43.796436,143.856415,https://www.google.com/maps/search/?api=1&query=北見メッセ,Google Maps名称検索で施設一致
東光ストア平店,北海道,札幌市,found_google_maps_preferred,東光ストア平岸ターミナル店,北海道,札幌市豊平区,北海道札幌市豊平区平岸2条7丁目4-35,43.034798,141.367599,https://www.google.com/maps/search/?api=1&query=東光ストア平岸ターミナル店,Google Mapsで部分一致する施設を優先。平店は平岸ターミナル店に補正
アーパンサイトミュンヘン大橋,北海道,札幌市,found_google_maps_preferred,アーバンサイトミュンヘン大橋,北海道,札幌市豊平区,北海道札幌市豊平区平岸1条22丁目2-15,43.014954,141.357422,https://www.google.com/maps/search/?api=1&query=アーバンサイトミュンヘン大橋,Google Mapsで部分一致する施設を優先。アーパンはアーバンに補正
であえーる岩見沢(ポルタビル),北海道,岩見沢市,found_google_maps_preferred,であえーる岩見沢(ポルタビル),北海道,岩見沢市,北海道岩見沢市4条西3丁目1,43.202549,141.764221,https://www.google.com/maps/search/?api=1&query=であえーる岩見沢 ポルタビル,Google Maps名称検索で施設一致
イオン札幌西岡店,北海道,札幌市,found_google_maps_preferred,イオン札幌西岡店,北海道,札幌市豊平区,北海道札幌市豊平区西岡3条3丁目4-1,43.018963,141.387299,https://www.google.com/maps/search/?api=1&query=イオン札幌西岡店,Google Maps名称検索で施設一致。自治体を豊平区まで補正
イオン岩見沢店,北海道,岩見沢市,found_google_maps_preferred,イオン岩見沢店,北海道,岩見沢市,北海道岩見沢市大和4条8丁目1,43.184727,141.741516,https://www.google.com/maps/search/?api=1&query=イオン岩見沢店,Google Maps名称検索で施設一致
ザ・ビッグ 平店,北海道,札幌市,found_google_maps_preferred,ザ・ビッグ平岡店,北海道,札幌市清田区,北海道札幌市清田区平岡2条5丁目2-50,42.994843,141.453903,https://www.google.com/maps/search/?api=1&query=ザ・ビッグ平岡店,Google Mapsで部分一致する施設を優先。平店は平岡店に補正
プランチ札幌月寒,北海道,札幌市,found_google_maps_preferred,BRANCH札幌月寒,北海道,札幌市豊平区,北海道札幌市豊平区月寒東3条11丁目1-24,43.028351,141.409714,https://www.google.com/maps/search/?api=1&query=BRANCH札幌月寒,Google Mapsで部分一致する施設を優先。プランチはBRANCHに補正
CIiNA CIiNA福住(シーナシーナ福住),北海道,札幌市,found_google_maps_preferred,CiiNA CiiNA福住(シーナシーナ福住),北海道,札幌市豊平区,北海道札幌市豊平区福住2条1丁目2-5,43.020599,141.404022,https://www.google.com/maps/search/?api=1&query=CiiNA CiiNA福住,Google Maps名称検索で施設一致。自治体を豊平区まで補正
MEGAドン・キホーテ苫小牧店,北海道,苫小牧市,found_google_maps_preferred,MEGAドン・キホーテ苫小牧店,北海道,苫小牧市,北海道苫小牧市木場町1丁目6-1,42.640896,141.596252,https://www.google.com/maps/search/?api=1&query=MEGAドン・キホーテ苫小牧店,Google Maps名称検索で施設一致
コープさっぽろSocia店(コープさっぽろソシア店),北海道,札幌市,found_google_maps_preferred,コープさっぽろSocia店(コープさっぽろソシア店),北海道,札幌市南区,北海道札幌市南区川沿5条2丁目3-10,42.991539,141.334381,https://www.google.com/maps/search/?api=1&query=コープさっぽろソシア店,Google Maps名称検索で施設一致。自治体を南区まで補正
コープさっぽろスティ店,北海道,苫小牧市,found_google_maps_preferred,コープさっぽろステイ店,北海道,苫小牧市,北海道苫小牧市三光町5丁目6-4,42.654007,141.614822,https://www.google.com/maps/search/?api=1&query=コープさっぽろステイ店,Google Mapsで部分一致する施設を優先。スティはステイに補正
イオン札幌藻岩店,北海道,札幌市,found_google_maps_preferred,イオン札幌藻岩店,北海道,札幌市南区,北海道札幌市南区川沿2条2丁目1-1,42.999588,141.33757,https://www.google.com/maps/search/?api=1&query=イオン札幌藻岩店,Google Maps名称検索で施設一致。自治体を南区まで補正
コーブさっぽろ蘇野店,北海道,札幌市,found_google_maps_preferred,コープさっぽろ藤野店,北海道,札幌市南区,北海道札幌市南区藤野3条6丁目2-1,42.961494,141.297699,https://www.google.com/maps/search/?api=1&query=コープさっぽろ藤野店,Google Mapsで部分一致する施設を優先。コーブ/蘇野をコープ/藤野に補正
西條百貨店稚内店,北海道,稚内市,found_google_maps_preferred,西條百貨店稚内店,北海道,稚内市,北海道稚内市大黒4丁目7-1,45.39756,141.692337,https://www.google.com/maps/search/?api=1&query=西條百貨店稚内店,Google Maps名称検索で施設一致
東光ストア豚野店,北海道,札幌市,found_google_maps_preferred,東光ストア豊平店,北海道,札幌市豊平区,北海道札幌市豊平区豊平6条9丁目1-18,43.045853,141.373413,https://www.google.com/maps/search/?api=1&query=東光ストア豊平店,Google Mapsで部分一致する施設を優先。豚野を豊平に補正
イオン江別店,北海道,江別市,found_google_maps_preferred,イオン江別店,北海道,江別市,北海道江別市幸町35,43.096985,141.53363,https://www.google.com/maps/search/?api=1&query=イオン江別店,Google Maps名称検索で施設一致
ビッグハウス野幌店,北海道,江別市,found_google_maps_preferred,ビッグハウス野幌店,北海道,江別市,北海道江別市東野幌本町35-2,43.087788,141.533813,https://www.google.com/maps/search/?api=1&query=ビッグハウス野幌店,Google Maps名称検索で施設一致
アクロスプラザ札幌南,北海道,札幌市,found_google_maps_preferred,アクロスプラザ札幌南,北海道,札幌市南区,北海道札幌市南区石山2条9丁目7-58,42.959721,141.313705,https://www.google.com/maps/search/?api=1&query=アクロスプラザ札幌南,Google Maps名称検索で施設一致。自治体を南区まで補正
イオン札幌琴似店,北海道,札幌市,found_google_maps_preferred,イオン札幌琴似店,北海道,札幌市西区,北海道札幌市西区琴似2条4丁目2-2,43.076523,141.303467,https://www.google.com/maps/search/?api=1&query=イオン札幌琴似店,Google Maps名称検索で施設一致。自治体を西区まで補正
西條百貨店士別店,北海道,士別市,found_google_maps_preferred,西條百貨店士別店,北海道,士別市,北海道士別市大通東16丁目3143,44.165623,142.396698,https://www.google.com/maps/search/?api=1&query=西條百貨店士別店,Google Maps名称検索で施設一致
イオン札幌西町店,北海道,札幌市,found_google_maps_preferred,イオン札幌西町店,北海道,札幌市西区,北海道札幌市西区西町南6丁目1-1,43.078339,141.28978,https://www.google.com/maps/search/?api=1&query=イオン札幌西町店,Google Maps名称検索で施設一致。自治体を西区まで補正
西條百貨店名寄店,北海道,名寄市,found_google_maps_preferred,西條百貨店名寄店,北海道,名寄市,北海道名寄市西4条南8丁目1,44.348251,142.458038,https://www.google.com/maps/search/?api=1&query=西條百貨店名寄店,Google Maps名称検索で施設一致
CiiNA CIiINA琴似(シーナシーナ琴似),北海道,札幌市,found_google_maps_preferred,CiiNA CiiNA琴似(シーナシーナ琴似),北海道,札幌市西区,北海道札幌市西区琴似2条1丁目4-1,43.080605,141.306793,https://www.google.com/maps/search/?api=1&query=CiiNA CiiNA琴似,Google Mapsで部分一致する施設を優先。CIiINAをCiiNAに補正
名寄徳田ショッピングセンター,北海道,名寄市,found_google_maps_preferred,名寄徳田ショッピングセンター,北海道,名寄市,北海道名寄市徳田80-1,44.338459,142.452606,https://www.google.com/maps/search/?api=1&query=名寄徳田ショッピングセンター,Google Maps名称検索で施設一致
イオン三笠ショッピングセンター(イオンスーパーセンター三笠店),北海道,三笠市,found_google_maps_preferred,イオン三笠ショッピングセンター(イオンスーパーセンター三笠店),北海道,三笠市,北海道三笠市岡山1059-1,43.2439,141.804733,https://www.google.com/maps/search/?api=1&query=イオンスーパーセンター三笠店,Google Maps名称検索で施設一致
新さっぽろアークシティ デュオ,北海道,札幌市,found_google_maps_preferred,新さっぽろアークシティ デュオ,北海道,札幌市厚別区,北海道札幌市厚別区厚別中央2条5丁目6-2,43.038906,141.471161,https://www.google.com/maps/search/?api=1&query=新さっぽろアークシティ デュオ,Google Maps名称検索で施設一致。自治体を厚別区まで補正
イオン千城店,北海道,千歳市,found_google_maps_preferred,イオン千歳店,北海道,千歳市,北海道千歳市栄町6丁目51,42.828999,141.64827,https://www.google.com/maps/search/?api=1&query=イオン千歳店,Google Mapsで部分一致する施設を優先。千城を千歳に補正
イオン札幌厚別店,北海道,札幌市,found_google_maps_preferred,イオン札幌厚別店,北海道,札幌市厚別区,北海道札幌市厚別区厚別西4条6丁目700-126,43.053806,141.469086,https://www.google.com/maps/search/?api=1&query=イオン札幌厚別店,Google Maps名称検索で施設一致。自治体を厚別区まで補正
CAPO大谷地(キャポ大谷地),北海道,札幌市,found_google_maps_preferred,CAPO大谷地(キャポ大谷地),北海道,札幌市厚別区,北海道札幌市厚別区大谷地東3丁目3-20,43.026966,141.453415,https://www.google.com/maps/search/?api=1&query=CAPO大谷地,Google Maps名称検索で施設一致。自治体を厚別区まで補正
新千歳空港旅客ターミナルビル Fleur(新千歳空港旅客ターミナルビルフルール),北海道,千歳市,found_google_maps_preferred,新千歳空港旅客ターミナルビルFleur,北海道,千歳市,北海道千歳市美々987-22,42.787346,141.678482,https://www.google.com/maps/search/?api=1&query=新千歳空港旅客ターミナルビル Fleur,Google Maps名称検索で施設一致
BiVi新さっぽろ(ビビ新さっぽろ),北海道,札幌市,found_google_maps_preferred,BiVi新さっぽろ(ビビ新さっぽろ),北海道,札幌市厚別区,北海道札幌市厚別区厚別中央1条6丁目3-3,43.038914,141.474167,https://www.google.com/maps/search/?api=1&query=BiVi新さっぽろ,Google Maps名称検索で施設一致。自治体を厚別区まで補正
イオン滝川店,北海道,滝川市,found_google_maps_preferred,イオン滝川店,北海道,滝川市,北海道滝川市東町2丁目25-3,43.55415,141.931564,https://www.google.com/maps/search/?api=1&query=イオン滝川店,Google Maps名称検索で施設一致
ラッキー星営駅前店,北海道,札幌市,found_google_maps_preferred,ラッキー星置駅前店,北海道,札幌市手稲区,北海道札幌市手稲区星置1条2丁目1-1,43.132622,141.210953,https://www.google.com/maps/search/?api=1&query=ラッキー星置駅前店,Google Mapsで部分一致する施設を優先。星営を星置に補正
イオン登別店,北海道,登別市,found_google_maps_preferred,イオン登別店,北海道,登別市,北海道登別市若山町4丁目33-1,42.381599,141.06871,https://www.google.com/maps/search/?api=1&query=イオン登別店,Google Maps名称検索で施設一致
イオンスーパーセンター手稲山口店,北海道,札幌市,found_google_maps_preferred,イオンスーパーセンター手稲山口店,北海道,札幌市手稲区,北海道札幌市手稲区明日風6丁目1-1,43.141628,141.233948,https://www.google.com/maps/search/?api=1&query=イオンスーパーセンター手稲山口店,Google Maps名称検索で施設一致。自治体を手稲区まで補正
クロスモール新発寒,北海道,札幌市,found_google_maps_preferred,クロスモール新発寒,北海道,札幌市手稲区,北海道札幌市手稲区新発寒2条1丁目1-1,43.106483,141.273376,https://www.google.com/maps/search/?api=1&query=クロスモール新発寒,Google Maps名称検索で施設一致。自治体を手稲区まで補正
イオン札幌清田店,北海道,札幌市,found_google_maps_preferred,イオン札幌清田店,北海道,札幌市清田区,北海道札幌市清田区平岡1条1丁目1-3,42.998013,141.442932,https://www.google.com/maps/search/?api=1&query=イオン札幌清田店,Google Maps名称検索で施設一致。自治体を清田区まで補正
ルミネ平岡(コープさっぽろ平岡店),北海道,札幌市,found_google_maps_preferred,ルミネ平岡(コープさっぽろ平岡店),北海道,札幌市清田区,北海道札幌市清田区平岡公園東3丁目1-5,43.010578,141.472565,https://www.google.com/maps/search/?api=1&query=コープさっぽろ平岡店,Google Maps名称検索で施設一致。自治体を清田区まで補正
イオンタウン平岡,北海道,札幌市,found_google_maps_preferred,イオンタウン平岡,北海道,札幌市清田区,北海道札幌市清田区平岡2条5丁目2-45,42.994843,141.453903,https://www.google.com/maps/search/?api=1&query=イオンタウン平岡,Google Maps名称検索で施設一致。自治体を清田区まで補正
コーブさっぽろ湯川店,北海道,函館市,found_google_maps_preferred,コープさっぽろ湯川店,北海道,函館市,北海道函館市湯川町1丁目34-15,41.78196,140.781952,https://www.google.com/maps/search/?api=1&query=コープさっぽろ湯川店,Google Mapsで部分一致する施設を優先。コーブをコープに補正
フレスポ石狩南,北海道,石狩市,found_google_maps_preferred,フレスポ石狩南,北海道,石狩市,北海道石狩市樽川9条1丁目,43.144142,141.275955,https://www.google.com/maps/search/?api=1&query=フレスポ石狩南,Google Maps名称検索で施設一致
金森洋物館(金森赤レンガ倉庫),北海道,函館市,found_google_maps_preferred,金森洋物館(金森赤レンガ倉庫),北海道,函館市,北海道函館市末広町13-9,41.766468,140.716721,https://www.google.com/maps/search/?api=1&query=金森洋物館 金森赤レンガ倉庫,Google Maps名称検索で施設一致
イオン石狩緑苑台ショッピングセンター(イオンスーパーセンター石狩緑苑台店),北海道,石狩市,found_google_maps_preferred,イオン石狩緑苑台ショッピングセンター(イオンスーパーセンター石狩緑苑台店),北海道,石狩市,北海道石狩市緑苑台中央1丁目2,43.159218,141.334625,https://www.google.com/maps/search/?api=1&query=イオンスーパーセンター石狩緑苑台店,Google Maps名称検索で施設一致
遠野ショッピングセンターとぴあ,岩手県,遠野市,found_google_maps_preferred,遠野ショッピングセンターとぴあ,岩手県,遠野市,岩手県遠野市新穀町1-11,39.331238,141.532394,https://www.google.com/maps/search/?api=1&query=遠野ショッピングセンターとぴあ,Google Maps名称検索で施設一致
スーパーセンタートライアル上磯店,北海道,北斗市,found_google_maps_preferred,スーパーセンタートライアル上磯店,北海道,北斗市,北海道北斗市七重浜7丁目14-1,41.819221,140.697205,https://www.google.com/maps/search/?api=1&query=スーパーセンタートライアル上磯店,Google Maps名称検索で施設一致
イオン一関店,岩手県,一関市,found_google_maps_preferred,イオン一関店,岩手県,一関市,岩手県一関市山目泥田89-1,38.936832,141.112656,https://www.google.com/maps/search/?api=1&query=イオン一関店,Google Maps名称検索で施設一致
イオン余市店,北海道,余市町,found_google_maps_preferred,イオン余市店,北海道,余市町,北海道余市郡余市町黒川町12丁目62-1,43.185375,140.798279,https://www.google.com/maps/search/?api=1&query=イオン余市店,Google Maps名称検索で施設一致
千ショッピングモール エスピア,岩手県,一関市,found_google_maps_preferred,千厩ショッピングモール エスピア,岩手県,一関市,岩手県一関市千厩町千厩東小田90,38.907784,141.328522,https://www.google.com/maps/search/?api=1&query=千厩ショッピングモール エスピア,Google Mapsで部分一致する施設を優先。千を千厩に補正
イオンスーパーセンターー関店,岩手県,一関市,found_google_maps_preferred,イオンスーパーセンター一関店,岩手県,一関市,岩手県一関市狐禅寺石ノ瀬11-1,38.93935,141.153656,https://www.google.com/maps/search/?api=1&query=イオンスーパーセンター一関店,Google Mapsで部分一致する施設を優先。ー関を一関に補正
ショッピングセンター ニコア,岩手県,二戸市,found_google_maps_preferred,ショッピングセンター ニコア,岩手県,二戸市,岩手県二戸市米沢荒谷25,40.283394,141.294067,https://www.google.com/maps/search/?api=1&query=ショッピングセンター ニコア,Google Maps名称検索で施設一致
ぴあざフクハラ音更店,北海道,河東郡音更町,found_google_maps_preferred,ぴあざフクハラ音更店,北海道,河東郡音更町,北海道河東郡音更町木野大通東16丁目1,42.968624,143.207886,https://www.google.com/maps/search/?api=1&query=ぴあざフクハラ音更店,Google Maps名称検索で施設一致
ダイイチオーケー店,北海道,河東郡音更町,found_google_maps_preferred,ダイイチオーケー店,北海道,河東郡音更町,北海道河東郡音更町木野大通西17丁目1-4,42.970699,143.206314,https://www.google.com/maps/search/?api=1&query=ダイイチオーケー店,Google Maps名称検索で施設一致
イオン前沢ショッピングセンター,岩手県,奥州市,found_google_maps_preferred,イオン前沢ショッピングセンター,岩手県,奥州市,岩手県奥州市前沢向田2丁目85,39.052135,141.129639,https://www.google.com/maps/search/?api=1&query=イオン前沢ショッピングセンター,Google Maps名称検索で施設一致
カルチャーバークあてるい,岩手県,奥州市,found_google_maps_preferred,カルチャーパークあてるい,岩手県,奥州市,岩手県奥州市水沢佐倉河東沖ノ目123,39.148163,141.155319,https://www.google.com/maps/search/?api=1&query=カルチャーパークあてるい,Google Mapsで部分一致する施設を優先。バークをパークに補正
ダイイチめむろ店,北海道,芽室町,found_google_maps_preferred,ダイイチめむろ店,北海道,芽室町,北海道河西郡芽室町東6条9丁目1,42.920731,143.05658,https://www.google.com/maps/search/?api=1&query=ダイイチめむろ店,Google Maps名称検索で施設一致
ぴあざフクハラ札内店,北海道,幕別町,found_google_maps_preferred,ぴあざフクハラ札内店,北海道,幕別町,北海道中川郡幕別町札内青葉町308-23,42.915497,143.261948,https://www.google.com/maps/search/?api=1&query=ぴあざフクハラ札内店,Google Maps名称検索で施設一致
盛岡南ショッピングセンター NACS (盛岡南ショッピングセンターナックス),北海道,紫波町,found_google_maps_preferred,盛岡南ショッピングセンターNACS,岩手県,紫波町,岩手県紫波郡紫波町桜町1丁目12-1,39.549068,141.164307,https://www.google.com/maps/search/?api=1&query=盛岡南ショッピングセンター NACS,Google Maps名称検索の所在地を優先し県を補正
矢巾ショッピングセンター・ショッピングモールアルコ,北海道,矢巾町,found_google_maps_preferred,矢巾ショッピングセンター・ショッピングモールアルコ,岩手県,矢巾町,岩手県紫波郡矢巾町南矢幅第7地割425-3,39.611671,141.152756,https://www.google.com/maps/search/?api=1&query=ショッピングモールアルコ 矢巾,Google Maps名称検索の所在地を優先し県を補正
シーサイドタウンマスト,北海道,大槌町,found_google_maps_preferred,シーサイドタウンマスト,岩手県,大槌町,岩手県上閉伊郡大槌町小鎚第27地割3-4,39.354195,141.894043,https://www.google.com/maps/search/?api=1&query=シーサイドタウンマスト,Google Maps名称検索の所在地を優先し県を補正
ラビナ、&LOVINA,青森県,青森市,found_google_maps_preferred,ラビナ・LOVINA,青森県,青森市,青森県青森市柳川1丁目2-3,40.827938,140.734375,https://www.google.com/maps/search/?api=1&query=ラビナ LOVINA 青森,Google Maps名称検索で施設一致
フェスティバルシティ・アウガ,青森県,青森市,found_google_maps_preferred,フェスティバルシティ・アウガ,青森県,青森市,青森県青森市新町1丁目3-7,40.827438,140.736465,https://www.google.com/maps/search/?api=1&query=フェスティバルシティ アウガ,Google Maps名称検索で施設一致
Shop&Wander AER (ショップ&ワンダーアエル),宮城県,仙台市,found_google_maps_preferred,Shop&Wander AER(ショップ&ワンダーアエル),宮城県,仙台市青葉区,宮城県仙台市青葉区中央1丁目3-1,38.262653,140.881424,https://www.google.com/maps/search/?api=1&query=Shop%26Wander AER,Google Maps名称検索で施設一致。自治体を青葉区まで補正
ラ・セラ東バイバスSC(ユニバース東バイバス店),青森県,青森市,found_google_maps_preferred,ラ・セラ東バイパスSC(ユニバース東バイバス店),青森県,青森市,青森県青森市八重田4丁目2-1,40.827374,140.800034,https://www.google.com/maps/search/?api=1&query=ラ・セラ東バイパスSC,Google Maps名称検索で施設一致
ドリームタウンALi(ドリームタウンアリー),青森県,青森市,found_google_maps_preferred,ドリームタウンALi(ドリームタウンアリー),青森県,青森市,青森県青森市浜田3丁目1-1,40.799294,140.748611,https://www.google.com/maps/search/?api=1&query=ドリームタウンALi,Google Maps名称検索で施設一致
kurax (クラックス),宮城県,仙台市,found_google_maps_preferred,kurax(仙台クラックス),宮城県,仙台市青葉区,宮城県仙台市青葉区一番町3丁目3-1,38.259792,140.872086,https://www.google.com/maps/search/?api=1&query=kurax 仙台クラックス,Google Maps名称検索で施設一致。自治体を青葉区まで補正
仙台PARCO本館,宮城県,仙台市,found_google_maps_preferred,仙台PARCO本館,宮城県,仙台市青葉区,宮城県仙台市青葉区中央1丁目2-3,38.261703,140.881943,https://www.google.com/maps/search/?api=1&query=仙台PARCO本館,Google Maps名称検索で施設一致。自治体を青葉区まで補正
CiiNA CiiNA弘前(シーナシーナ弘前),青森県,弘前市,found_google_maps_preferred,CiiNA CiiNA弘前(シーナシーナ弘前),青森県,弘前市,青森県弘前市駅前3丁目2-1,40.599476,140.480881,https://www.google.com/maps/search/?api=1&query=CiiNA CiiNA弘前,Google Maps名称検索で施設一致
弘前アプリーズ,青森県,弘前市,found_google_maps_preferred,弘前アプリーズ,青森県,弘前市,青森県弘前市表町2-11,40.598759,140.485107,https://www.google.com/maps/search/?api=1&query=弘前アプリーズ,Google Maps名称検索で施設一致
宮城野ショッピングプラザ(みやぎ生協幸町店),宮城県,仙台市,found_google_maps_preferred,宮城野ショッピングプラザ(みやぎ生協幸町店),宮城県,仙台市宮城野区,宮城県仙台市宮城野区大梶7-10,38.272846,140.900482,https://www.google.com/maps/search/?api=1&query=宮城野ショッピングプラザ みやぎ生協幸町店,Google Maps名称検索で施設一致。自治体を宮城野区まで補正
イオンタウン弘前安原,青森県,弘前市,found_google_maps_preferred,イオンタウン弘前安原,青森県,弘前市,青森県弘前市泉野1丁目4-5,40.575947,140.491959,https://www.google.com/maps/search/?api=1&query=イオンタウン弘前安原,Google Maps名称検索で施設一致
イオン仙台幸町店,宮城県,仙台市,found_google_maps_preferred,イオン仙台幸町店,宮城県,仙台市宮城野区,宮城県仙台市宮城野区幸町5丁目10-1,38.273418,140.902939,https://www.google.com/maps/search/?api=1&query=イオン仙台幸町店,Google Maps名称検索で施設一致。自治体を宮城野区まで補正
イオンタウン弘前の口,青森県,弘前市,found_google_maps_preferred,イオンタウン弘前樋の口,青森県,弘前市,青森県弘前市樋の口2丁目9-6,40.602436,140.445007,https://www.google.com/maps/search/?api=1&query=イオンタウン弘前樋の口,Google Mapsで部分一致する施設を優先。の口を樋の口に補正
三井アウトレットバーク 仙台港,宮城県,仙台市,found_google_maps_preferred,三井アウトレットパーク 仙台港,宮城県,仙台市宮城野区,宮城県仙台市宮城野区中野3丁目7-2,38.272797,140.987885,https://www.google.com/maps/search/?api=1&query=三井アウトレットパーク 仙台港,Google Mapsで部分一致する施設を優先。バークをパークに補正し自治体を宮城野区まで補正
ファッションバル ヴィアノヴァ,青森県,八戸市,found_google_maps_preferred,ファッションパル ヴィアノヴァ,青森県,八戸市,青森県八戸市十三日町1,40.508873,141.488846,https://www.google.com/maps/search/?api=1&query=ファッションパル ヴィアノヴァ,Google Mapsで部分一致する施設を優先。バルをパルに補正
フォレオせんだい 宮の杜,宮城県,仙台市,found_google_maps_preferred,フォレオせんだい宮の杜,宮城県,仙台市宮城野区,宮城県仙台市宮城野区東仙台4丁目14-7,38.277847,140.90834,https://www.google.com/maps/search/?api=1&query=フォレオせんだい宮の杜,Google Maps名称検索で施設一致。自治体を宮城野区まで補正
金木タウンセンター NOA (金木タウンセンターノア),青森県,五所川原市,on_hold,,,,,,,,Google Maps/住所検索で番地精度の座標を確認できず保留
釣取ショッピングセンター (イオンスーパーセンター約取店),宮城県,仙台市,found_google_maps_preferred,鈎取ショッピングセンター(イオンスーパーセンター鈎取店),宮城県,仙台市太白区,宮城県仙台市太白区鈎取本町1丁目21-1,38.218777,140.837982,https://www.google.com/maps/search/?api=1&query=イオンスーパーセンター鈎取店,Google Mapsで部分一致する施設を優先。釣取/約取を鈎取に補正
三井ショッピングバーク ララガーデン長町,宮城県,仙台市,found_google_maps_preferred,三井ショッピングパーク ララガーデン長町,宮城県,仙台市太白区,宮城県仙台市太白区長町7丁目20-5,38.225822,140.876862,https://www.google.com/maps/search/?api=1&query=ララガーデン長町,Google Mapsで部分一致する施設を優先。バークをパークに補正
イオン十和田ショッピングセンター (イオンスーパーセンター十和田店),青森県,十和田市,found_google_maps_preferred,イオン十和田ショッピングセンター(イオンスーパーセンター十和田店),青森県,十和田市,青森県十和田市相坂六日町山166-1,40.602962,141.257843,https://www.google.com/maps/search/?api=1&query=イオンスーパーセンター十和田店,Google Maps名称検索で施設一致
アクロスプラザ宮沢西,宮城県,仙台市,found_google_maps_preferred,アクロスプラザ富沢西,宮城県,仙台市太白区,宮城県仙台市太白区富沢西3丁目1-1,38.21199,140.856171,https://www.google.com/maps/search/?api=1&query=アクロスプラザ富沢西,Google Mapsで部分一致する施設を優先。宮沢西を富沢西に補正
ビードル・プラザ,青森県,三沢市,found_google_maps_preferred,ビードル・プラザ,青森県,三沢市,青森県三沢市松園町3丁目10-1,40.676052,141.363541,https://www.google.com/maps/search/?api=1&query=ビードル・プラザ,Google Maps名称検索で施設一致
フレスボ宮沢,宮城県,仙台市,found_google_maps_preferred,フレスポ富沢,宮城県,仙台市太白区,宮城県仙台市太白区富沢,38.2134923,140.8569831,https://www.google.com/maps/search/?api=1&query=フレスポ富沢,Google Mapsで部分一致する施設を優先。フレスボ宮沢をフレスポ富沢に補正。座標はOSM施設点
ヨークタウン市名坂 アクロスプラザ,宮城県,仙台市,found_google_maps_preferred,ヨークタウン市名坂 アクロスプラザ,宮城県,仙台市泉区,宮城県仙台市泉区市名坂中道100-9,38.315636,140.905823,https://www.google.com/maps/search/?api=1&query=ヨークタウン市名坂 アクロスプラザ,Google Maps名称検索で施設一致。自治体を泉区まで補正
イオン葮崎店,宮城県,藤崎町,found_google_maps_preferred,イオン藤崎店,青森県,藤崎町,青森県南津軽郡藤崎町西豊田1丁目7-1,40.657146,140.50148,https://www.google.com/maps/search/?api=1&query=イオン藤崎店,Google Mapsで部分一致する施設を優先。県と葮崎を藤崎に補正
泉パークタウンタビオ,宮城県,仙台市,found_google_maps_preferred,泉パークタウン タピオ,宮城県,仙台市泉区,宮城県仙台市泉区寺岡6丁目5-1,38.342945,140.836349,https://www.google.com/maps/search/?api=1&query=泉パークタウン タピオ,Google Mapsで部分一致する施設を優先。タビオをタピオに補正
イオン七戸ショッピングセンター (イオン七戸十和田駅前店),宮城県,七戸町,found_google_maps_preferred,イオン七戸ショッピングセンター(イオン七戸十和田駅前店),青森県,七戸町,青森県上北郡七戸町荒熊内67-990,40.721512,141.143494,https://www.google.com/maps/search/?api=1&query=イオン七戸十和田駅前店,Google Maps名称検索の所在地を優先し県を補正
プランチ仙台,宮城県,仙台市,found_google_maps_preferred,BRANCH仙台,宮城県,仙台市泉区,宮城県仙台市泉区長命ケ丘2丁目21-1,38.310078,140.845657,https://www.google.com/maps/search/?api=1&query=BRANCH仙台,Google Mapsで部分一致する施設を優先。プランチをBRANCHに補正
サンエー石巻あけぼの店,宮城県,石巻市,found_google_maps_preferred,みやぎ生協 石巻あけぼの店,宮城県,石巻市,宮城県石巻市あけぼの1丁目1-2,38.447914,141.274323,https://www.google.com/maps/search/?api=1&query=みやぎ生協 石巻あけぼの店,Google Mapsで部分一致する施設を優先。現施設名へ補正
イオンタウン塩釜,宮城県,塩竈市,found_google_maps_preferred,イオンタウン塩釜,宮城県,塩竈市,宮城県塩竈市海岸通15-100,38.318813,141.02449,https://www.google.com/maps/search/?api=1&query=イオンタウン塩釜,Google Maps名称検索で施設一致
イオン気仙沼店,宮城県,気仙沼市,found_google_maps_preferred,イオン気仙沼店,宮城県,気仙沼市,宮城県気仙沼市赤岩舘下6-1,38.889332,141.572861,https://www.google.com/maps/search/?api=1&query=イオン気仙沼店,Google Maps名称検索で施設一致
フェザン,岩手県,盛岡市,found_google_maps_preferred,フェザン,岩手県,盛岡市,岩手県盛岡市盛岡駅前通1-44,39.696392,141.139297,https://www.google.com/maps/search/?api=1&query=フェザン 盛岡,Google Maps名称検索で施設一致
セラビ白石,宮城県,白石市,found_google_maps_preferred,セラビ白石,宮城県,白石市,宮城県白石市八幡町11-1,37.998901,140.612137,https://www.google.com/maps/search/?api=1&query=セラビ白石,Google Maps名称検索で施設一致
盛岡南ショッピングセンターサンサ,岩手県,盛岡市,found_google_maps_preferred,盛岡南ショッピングセンターサンサ,岩手県,盛岡市,岩手県盛岡市津志田西2丁目17-50,39.661804,141.148636,https://www.google.com/maps/search/?api=1&query=盛岡南ショッピングセンターサンサ,Google Maps名称検索で施設一致
イオン多賀城店,宮城県,多賀城市,found_google_maps_preferred,イオン多賀城店,宮城県,多賀城市,宮城県多賀城市町前4丁目1-1,38.282185,141.003723,https://www.google.com/maps/search/?api=1&query=イオン多賀城店,Google Maps名称検索で施設一致
セラビ岩沼(みやぎ生協岩沼店),宮城県,岩沼市,found_google_maps_preferred,セラビ岩沼(みやぎ生協岩沼店),宮城県,岩沼市,宮城県岩沼市梶橋2-30,38.12368,140.872421,https://www.google.com/maps/search/?api=1&query=セラビ岩沼 みやぎ生協岩沼店,Google Maps名称検索で施設一致
イオン盛岡渋民ショッピングセンター (イオンスーパーセンター 盛岡渋民店),岩手県,盛岡市,found_google_maps_preferred,イオン盛岡渋民ショッピングセンター(イオンスーパーセンター盛岡渋民店),岩手県,盛岡市,岩手県盛岡市渋民鶴飼20-1,39.850121,141.172653,https://www.google.com/maps/search/?api=1&query=イオンスーパーセンター盛岡渋民店,Google Maps名称検索で施設一致
加賀野ショッピングセンター(みやぎ生協加野店),宮城県,登米市,found_google_maps_preferred,加賀野ショッピングセンター(みやぎ生協加賀野店),宮城県,登米市,宮城県登米市中田町石森加賀野3丁目6-1,38.696835,141.211014,https://www.google.com/maps/search/?api=1&query=みやぎ生協加賀野店,Google Mapsで部分一致する施設を優先。加野を加賀野に補正
イオンタウン金成,宮城県,栗原市,found_google_maps_preferred,イオンタウン金成,宮城県,栗原市,宮城県栗原市金成小迫荒崎22,38.803516,141.068192,https://www.google.com/maps/search/?api=1&query=イオンタウン金成,Google Maps名称検索で施設一致
フレスポつきだてショッピングセンター,宮城県,栗原市,found_google_maps_preferred,フレスポつきだてショッピングセンター,宮城県,栗原市,宮城県栗原市築館宮野中央2丁目3-3,38.747833,141.017746,https://www.google.com/maps/search/?api=1&query=フレスポつきだてショッピングセンター,Google Maps名称検索で施設一致
イオンスーパーセンター栗原志波姫店,宮城県,栗原市,found_google_maps_preferred,イオンスーパーセンター栗原志波姫店,宮城県,栗原市,宮城県栗原市志波姫新熊谷11,38.74873,141.068619,https://www.google.com/maps/search/?api=1&query=イオンスーパーセンター栗原志波姫店,Google Maps名称検索で施設一致
宮古市魚市場,岩手県,宮古市,found_google_maps_preferred,宮古市魚市場,岩手県,宮古市,岩手県宮古市臨港通2-1,39.640514,141.967743,https://www.google.com/maps/search/?api=1&query=宮古市魚市場,Google Maps名称検索で施設一致
南三陸ショッピングセンターサンリア,岩手県,大船渡市,found_google_maps_preferred,南三陸ショッピングセンターサンリア,岩手県,大船渡市,岩手県大船渡市盛町町10-11,39.087811,141.70932,https://www.google.com/maps/search/?api=1&query=南三陸ショッピングセンターサンリア,Google Maps名称検索で施設一致
イオン古川店,宮城県,大崎市,found_google_maps_preferred,イオン古川店,宮城県,大崎市,宮城県大崎市古川旭2丁目2-1,38.568005,140.971512,https://www.google.com/maps/search/?api=1&query=イオン古川店,Google Maps名称検索で施設一致
CiiNA CiNA花巻(シーナシーナ花巻),岩手県,花巻市,found_google_maps_preferred,CiiNA CiiNA花巻(シーナシーナ花巻),岩手県,花巻市,岩手県花巻市下小舟渡118-1,39.393429,141.117859,https://www.google.com/maps/search/?api=1&query=CiiNA CiiNA花巻,Google Mapsで部分一致する施設を優先。CiNAをCiiNAに補正
リオーネふるかわ,宮城県,大崎市,found_google_maps_preferred,リオーネふるかわ,宮城県,大崎市,宮城県大崎市古川台町9-20,38.573895,140.963531,https://www.google.com/maps/search/?api=1&query=リオーネふるかわ,Google Maps名称検索で施設一致
みやぎ生協明石台店,宮城県,富谷市,found_google_maps_preferred,みやぎ生協明石台店,宮城県,富谷市,宮城県富谷市明石台6丁目1-39,38.349548,140.895691,https://www.google.com/maps/search/?api=1&query=みやぎ生協明石台店,Google Maps名称検索で施設一致
江釣子ショッピングセンター パル,岩手県,北上市,found_google_maps_preferred,江釣子ショッピングセンター パル,岩手県,北上市,岩手県北上市北鬼柳19地割68,39.293438,141.093399,https://www.google.com/maps/search/?api=1&query=江釣子ショッピングセンター パル,Google Maps名称検索で施設一致
シーズンズウォーク フォルテ,岩手県,大河原町,found_google_maps_preferred,シーズンズウォーク フォルテ,宮城県,大河原町,宮城県柴田郡大河原町小島2-1,38.065529,140.737625,https://www.google.com/maps/search/?api=1&query=シーズンズウォーク フォルテ,Google Maps名称検索の所在地を優先し県を補正
イオンタウン北上,岩手県,北上市,found_google_maps_preferred,イオンタウン北上,岩手県,北上市,岩手県北上市里分4地割77,39.294781,141.135483,https://www.google.com/maps/search/?api=1&query=イオンタウン北上,Google Maps名称検索で施設一致
イオンタウン米田,岩手県,柴田町,found_google_maps_preferred,イオンタウン柴田,宮城県,柴田町,宮城県柴田郡柴田町上名生新大原194-1,38.061893,140.795456,https://www.google.com/maps/search/?api=1&query=イオンタウン柴田,Google Mapsで部分一致する施設を優先。米田を柴田に補正し県も補正
ヨークタウン野田,岩手県,大河原町,found_google_maps_preferred,ヨークタウン大河原,宮城県,大河原町,宮城県柴田郡大河原町広表22-3,38.046448,140.716064,https://www.google.com/maps/search/?api=1&query=ヨークタウン大河原,Google Mapsで部分一致する施設を優先。野田を大河原に補正し県も補正
亘理ショッピングセンター,岩手県,亘理町,found_google_maps_preferred,亘理ショッピングセンター,宮城県,亘理町,宮城県亘理郡亘理町逢隈高屋柴北100,38.042278,140.876511,https://www.google.com/maps/search/?api=1&query=亘理ショッピングセンター,Google Maps名称検索の所在地を優先し県を補正
AXC (アックス),岩手県,大河原町,found_google_maps_preferred,AXC(アックス),福島県,福島市,福島県福島市栄町11-25,37.75386,140.463394,https://www.google.com/maps/search/?api=1&query=AXC アックス 福島,Google Maps名称検索の所在地を優先し県市を補正
MAXふくしま,岩手県,大河原町,found_google_maps_preferred,MAXふくしま,福島県,福島市,福島県福島市曽根田町1-18,37.758915,140.460648,https://www.google.com/maps/search/?api=1&query=MAXふくしま,Google Maps名称検索の所在地を優先し県市を補正
ヨークベニマル門田店,福島県,会津若松市,found_google_maps_preferred,ヨークベニマル門田店,福島県,会津若松市,福島県会津若松市天神町22-11,37.480587,139.934814,https://www.google.com/maps/search/?api=1&query=ヨークベニマル門田店,Google Maps名称検索で施設一致
MEGAドン・キホーテUNY 会津若松店,福島県,会津若松市,found_google_maps_preferred,MEGAドン・キホーテUNY会津若松店,福島県,会津若松市,福島県会津若松市幕内南町9-10,37.484039,139.904449,https://www.google.com/maps/search/?api=1&query=MEGAドン・キホーテUNY会津若松店,Google Maps名称検索で施設一致
吉岡ショッピングモール(ヨークベニマル大和吉岡店),岩手県,大和町,found_google_maps_preferred,吉岡ショッピングモール(ヨークベニマル大和吉岡店),宮城県,大和町,宮城県黒川郡大和町吉岡まほろば1丁目6-25,38.437904,140.881668,https://www.google.com/maps/search/?api=1&query=ヨークベニマル大和吉岡店,Google Maps名称検索の所在地を優先し県を補正
エスパル部山店,福島県,郡山市,found_google_maps_preferred,S-PAL郡山(エスパル郡山),福島県,郡山市,福島県郡山市燧田195,37.397964,140.388947,https://www.google.com/maps/search/?api=1&query=S-PAL郡山,Google Mapsで部分一致する施設を優先。部山を郡山に補正
イオン涌谷ショッピングセンター (イオンスーパーセンター涌谷店),岩手県,涌谷町,found_google_maps_preferred,イオン涌谷ショッピングセンター(イオンスーパーセンター涌谷店),宮城県,涌谷町,宮城県遠田郡涌谷町涌谷洞ヶ崎5,38.536823,141.147507,https://www.google.com/maps/search/?api=1&query=イオンスーパーセンター涌谷店,Google Maps名称検索の所在地を優先し県を補正
郡山駅食品館ピボット,福島県,郡山市,found_google_maps_preferred,郡山駅食品館ピボット,福島県,郡山市,福島県郡山市燧田195,37.397964,140.388947,https://www.google.com/maps/search/?api=1&query=郡山駅食品館ピボット,Google Maps名称検索で施設一致
MOLTI (モルティ),福島県,郡山市,found_google_maps_preferred,MOLTI(モルティ),福島県,郡山市,福島県郡山市駅前2丁目11-1,37.399582,140.387833,https://www.google.com/maps/search/?api=1&query=MOLTI モルティ 郡山,Google Maps名称検索で施設一致
ATi郡山(アティ郡山),福島県,郡山市,found_google_maps_preferred,ATi郡山(アティ郡山),福島県,郡山市,福島県郡山市駅前1丁目16-7,37.397274,140.387558,https://www.google.com/maps/search/?api=1&query=ATi郡山,Google Maps名称検索で施設一致
イオン土崎港店,秋田県,秋田市,found_google_maps_preferred,イオン土崎港店,秋田県,秋田市,秋田県秋田市土崎港南2丁目3-41,39.747196,140.073059,https://www.google.com/maps/search/?api=1&query=イオン土崎港店,Google Maps名称検索で施設一致
泉ショッピングセンター(ヨークベニマルいわき泉店),福島県,いわき市,on_hold,,,,,,,,地理院住所検索は町域代表、Nominatim施設検索は該当なしのため保留
いわき片倉フィラチャー(イオンいわき店),福島県,いわき市,found_google_maps_preferred,いわき片倉フィラチャー(イオンいわき店),福島県,いわき市,福島県いわき市平三倉68-1,37.050594,140.898773,https://www.google.com/maps/search/?api=1&query=イオンいわき店 片倉フィラチャー,Google Maps名称検索で施設一致
ドン・キホーテ秋田店,秋田県,秋田市,found_google_maps_preferred,ドン・キホーテ秋田店,秋田県,秋田市,秋田県秋田市旭北錦町4-58,39.71389,140.1091,https://www.google.com/maps/search/?api=1&query=ドン・キホーテ秋田店,Google Maps名称検索で施設一致
MEGAドン・キホーテ ラバークいわき店,福島県,いわき市,found_google_maps_preferred,MEGAドン・キホーテ ラパークいわき店,福島県,いわき市,福島県いわき市中央台飯野4丁目1,37.012367,140.916183,https://www.google.com/maps/search/?api=1&query=MEGAドン・キホーテ ラパークいわき店,Google Mapsで部分一致する施設を優先。ラバークをラパークに補正
イオン秋田中央店,秋田県,秋田市,found_google_maps_preferred,イオン秋田中央店,秋田県,秋田市,秋田県秋田市楢山川口境5-11,39.704174,140.109818,https://www.google.com/maps/search/?api=1&query=イオン秋田中央店,Google Maps名称検索で施設一致
いわき・ら・ら・ミュウ(いわき市観光物産センター),福島県,いわき市,found_google_maps_preferred,いわき・ら・ら・ミュウ(いわき市観光物産センター),福島県,いわき市,福島県いわき市小名浜辰巳町43-1,36.945614,140.903778,https://www.google.com/maps/search/?api=1&query=いわき・ら・ら・ミュウ,Google Maps名称検索で施設一致
イオンタウン茨品,秋田県,秋田市,found_google_maps_preferred,イオンタウン茨島,秋田県,秋田市,秋田県秋田市茨島4丁目3-18,39.699375,140.101685,https://www.google.com/maps/search/?api=1&query=イオンタウン茨島,Google Mapsで部分一致する施設を優先。茨品を茨島に補正
イオン能代店,秋田県,能代市,found_google_maps_preferred,イオン能代店,秋田県,能代市,秋田県能代市柳町11-1,40.209644,140.025208,https://www.google.com/maps/search/?api=1&query=イオン能代店,Google Maps名称検索で施設一致
ヨークベニマル須賀川西店,福島県,須賀川市,on_hold,,,,,,,,地理院住所検索は町域代表、Nominatim施設検索は該当なしのため保留
イオンスーパーセンター横手南店,秋田県,横手市,found_google_maps_preferred,イオンスーパーセンター横手南店,秋田県,横手市,秋田県横手市婦気大堤中田4-1,39.29538,140.552887,https://www.google.com/maps/search/?api=1&query=イオンスーパーセンター横手南店,Google Maps名称検索で施設一致
イオンタウン塩川,福島県,喜多方市,found_google_maps_preferred,イオンタウン塩川,福島県,喜多方市,福島県喜多方市塩川町小府根曽谷田1,37.6171,139.893646,https://www.google.com/maps/search/?api=1&query=イオンタウン塩川,Google Maps名称検索で施設一致
南相馬ジャスモール (イオンスーパーセンター南相馬店ほか),福島県,南相馬市,found_google_maps_preferred,南相馬ジャスモール(イオンスーパーセンター南相馬店),福島県,南相馬市,福島県南相馬市原町区大木戸金場77,37.638374,140.943939,https://www.google.com/maps/search/?api=1&query=南相馬ジャスモール イオンスーパーセンター南相馬店,Google Maps名称検索で施設一致
大館海モール,秋田県,大館市,found_google_maps_preferred,大館樹海モール,秋田県,大館市,秋田県大館市大田面238,40.286366,140.576981,https://www.google.com/maps/search/?api=1&query=大館樹海モール,Google Mapsで部分一致する施設を優先。海を樹海に補正
イオン白河西郷店,岩手県,西郷村,found_google_maps_preferred,イオン白河西郷店,福島県,西郷村,福島県西白河郡西郷村小田倉岩下11-1,37.121616,140.17749,https://www.google.com/maps/search/?api=1&query=イオン白河西郷店,Google Maps名称検索の所在地を優先し県を補正
リリオ地有・リリオ壱番館・弐番館・参番館,千葉県,流山市,found_google_maps_preferred,リリオ亀有・リリオ壱番館・弐番館・参番館,東京都,葛飾区,東京都葛飾区亀有3丁目26-1,35.766182,139.848404,https://www.google.com/maps/search/?api=1&query=リリオ亀有,Google Mapsで部分一致する施設を優先。地有を亀有に補正し所在地も補正
イオンモール山形南,山形県,山形市,found_google_maps_preferred,イオンモール山形南,山形県,山形市,山形県山形市若宮3丁目7-8,38.225933,140.307709,https://www.google.com/maps/search/?api=1&query=イオンモール山形南,Google Maps名称検索で施設一致
アピタ字部宮店,栃木県,宇都宮市,found_google_maps_preferred,アピタ宇都宮店,栃木県,宇都宮市,栃木県宇都宮市江曽島本町22-7,36.532841,139.86731,https://www.google.com/maps/search/?api=1&query=アピタ宇都宮店,Google Mapsで部分一致する施設を優先。字部宮を宇都宮に補正
アピタ大和郡山店,奈良県,大和郡山市,found_google_maps_preferred,アピタ大和郡山店,奈良県,大和郡山市,奈良県大和郡山市田中町517,34.641472,135.769363,https://www.google.com/maps/search/?api=1&query=アピタ大和郡山店,Google Maps名称検索で施設一致。地理院住所検索は町域代表点
ルララこうほく,東京都,多摩市,found_google_maps_preferred,ルララこうほく,神奈川県,横浜市都筑区,神奈川県横浜市都筑区中川中央2丁目2-1,35.548828,139.577881,https://www.google.com/maps/search/?api=1&query=ルララこうほく,Google Maps名称検索の所在地を優先し県市を補正
イトーヨーカドー木場店,千葉県,流山市,found_google_maps_preferred,イトーヨーカドー木場店,東京都,江東区,東京都江東区木場1丁目5-30,35.666195,139.804977,https://www.google.com/maps/search/?api=1&query=イトーヨーカドー木場店,Google Maps名称検索の所在地を優先し県市を補正
天王寺ミオ本館,大阪府,大阪市天王寺区,found_google_maps_preferred,天王寺ミオ本館,大阪府,大阪市天王寺区,大阪府大阪市天王寺区悲田院町10-39,34.647064,135.513474,https://www.google.com/maps/search/?api=1&query=天王寺ミオ本館,Google Maps名称検索で施設一致
新宿西口ハルク,千葉県,流山市,found_google_maps_preferred,新宿西口ハルク,東京都,新宿区,東京都新宿区西新宿1丁目5-1,35.6926,139.699112,https://www.google.com/maps/search/?api=1&query=新宿西口ハルク,Google Maps名称検索の所在地を優先し県市を補正
ホテルニューオータニ ザ・メインショッピングアーケード,東京都,千代田区,found_google_maps_preferred,ホテルニューオータニ ザ・メインショッピングアーケード,東京都,千代田区,東京都千代田区紀尾井町4-1,35.680435,139.734283,https://www.google.com/maps/search/?api=1&query=ホテルニューオータニ ザ・メインショッピングアーケード,Google Maps名称検索で施設一致
イオン鎌ヶ谷ショッピングセンター,千葉県,鎌ヶ谷市,found_google_maps_preferred,イオン鎌ヶ谷ショッピングセンター,千葉県,鎌ケ谷市,千葉県鎌ケ谷市新鎌ケ谷2丁目7-1,35.779705,140.001373,https://www.google.com/maps/search/?api=1&query=イオン鎌ヶ谷ショッピングセンター,Google Maps名称検索で施設一致。自治体表記を鎌ケ谷市へ統一
イオン高松東店,香川県,高松市,found_google_maps_preferred,イオン高松東店,香川県,高松市,香川県高松市福岡町3丁目8-5,34.346199,134.071442,https://www.google.com/maps/search/?api=1&query=イオン高松東店,Google Maps名称検索で施設一致
CoCoLo新潟(ココロ新潟),新潟県,新潟市中央区,found_google_maps_preferred,CoCoLo新潟(ココロ新潟),新潟県,新潟市中央区,新潟県新潟市中央区花園1丁目1-1,37.913288,139.060867,https://www.google.com/maps/search/?api=1&query=CoCoLo新潟,Google Maps名称検索で施設一致
パティオ可児ショッピングプラザ,岐阜県,可児市,found_google_maps_preferred,パティオ可児ショッピングプラザ,岐阜県,可児市,岐阜県可児市下恵土5750,35.414951,137.050491,https://www.google.com/maps/search/?api=1&query=パティオ可児ショッピングプラザ,Google Maps名称検索で施設一致
アビタタウンけいはんな,京都府,相楽郡精華町,found_google_maps_preferred,アピタタウンけいはんな,京都府,精華町,京都府相楽郡精華町精華台9丁目2-4,34.745991,135.770935,https://www.google.com/maps/search/?api=1&query=アピタタウンけいはんな,Google Mapsで部分一致する施設を優先。アビタをアピタに補正
カビル21・ヤマトヤシキ加古川店,兵庫県,神戸市中央区,found_google_maps_preferred,カピル21・ヤマトヤシキ加古川店,兵庫県,加古川市,兵庫県加古川市加古川町篠原町21-8,34.76627,134.838898,https://www.google.com/maps/search/?api=1&query=カピル21 ヤマトヤシキ加古川店,Google Mapsで部分一致する施設を優先。カビルをカピルに補正し市も補正
港北みなも,東京都,多摩市,found_google_maps_preferred,港北みなも,神奈川県,横浜市都筑区,神奈川県横浜市都筑区中川中央2丁目7-1,35.550484,139.575485,https://www.google.com/maps/search/?api=1&query=港北みなも,Google Maps名称検索の所在地を優先し県市を補正
tonarie宇都宮(トナリエ宇部宮),栃木県,宇都宮市,found_google_maps_preferred,tonarie宇都宮(トナリエ宇都宮),栃木県,宇都宮市,栃木県宇都宮市駅前通り1丁目4-6,36.55999,139.897095,https://www.google.com/maps/search/?api=1&query=tonarie宇都宮,Google Mapsで部分一致する施設を優先。宇部宮を宇都宮に補正
野田阪神ウイステ,大阪府,大阪市福島区,found_google_maps_preferred,野田阪神ウイステ,大阪府,大阪市福島区,大阪府大阪市福島区海老江1丁目1-23,34.694946,135.474945,https://www.google.com/maps/search/?api=1&query=野田阪神ウイステ,Google Maps名称検索で施設一致
相模大野ステーションスクエア,神奈川県,横浜市南区,found_google_maps_preferred,相模大野ステーションスクエア,神奈川県,相模原市南区,神奈川県相模原市南区相模大野3丁目8-1,35.531628,139.436768,https://www.google.com/maps/search/?api=1&query=相模大野ステーションスクエア,Google Maps名称検索の所在地を優先し市区を補正
島忠ホームズ寝屋川店,大阪府,寝屋川市,found_google_maps_preferred,島忠ホームズ寝屋川店,大阪府,寝屋川市,大阪府寝屋川市日新町3-15,34.781967,135.620316,https://www.google.com/maps/search/?api=1&query=島忠ホームズ寝屋川店,Google Maps名称検索で施設一致
プリオ(プリオ、プリオI),愛知県,豊川市,found_google_maps_preferred,プリオ(プリオ、プリオII),愛知県,豊川市,愛知県豊川市諏訪3丁目133,34.825825,137.3703,https://www.google.com/maps/search/?api=1&query=プリオ 豊川,Google Maps名称検索で施設一致。プリオII表記へ補正
ビバモール足利込(スーパービバホーム足利込店),栃木県,足利市,found_google_maps_preferred,ビバモール足利堀込(スーパービバホーム足利堀込店),栃木県,足利市,栃木県足利市堀込町250-1,36.311665,139.43869,https://www.google.com/maps/search/?api=1&query=ビバモール足利堀込,Google Mapsで部分一致する施設を優先。足利込を足利堀込に補正。地理院住所検索は町域代表点
ゆめタウン夢彩部,長崎県,長崎市,found_google_maps_preferred,ゆめタウン夢彩都,長崎県,長崎市,長崎県長崎市元船町10-1,32.74733,129.87117,https://www.google.com/maps/search/?api=1&query=ゆめタウン夢彩都,Google Mapsで部分一致する施設を優先。夢彩部を夢彩都に補正
三井ショッピングバーク ララガーデン川口,埼玉県,川口市,found_google_maps_preferred,三井ショッピングパーク ララガーデン川口,埼玉県,川口市,埼玉県川口市宮町18-9,35.806213,139.699142,https://www.google.com/maps/search/?api=1&query=三井ショッピングパーク ララガーデン川口,Google Mapsで部分一致する施設を優先。バークをパークに補正
アビタ新潟西店,新潟県,新潟市西区,found_google_maps_preferred,アピタ新潟西店,新潟県,新潟市西区,新潟県新潟市西区小新5丁目7-21,37.88055,139.00354,https://www.google.com/maps/search/?api=1&query=アピタ新潟西店,Google Mapsで部分一致する施設を優先。アビタをアピタに補正
島忠ホームズ新山下店,神奈川県,横浜市中区,found_google_maps_preferred,島忠ホームズ新山下店,神奈川県,横浜市中区,神奈川県横浜市中区新山下2丁目12-34,35.439762,139.661041,https://www.google.com/maps/search/?api=1&query=島忠ホームズ新山下店,Google Maps名称検索で施設一致
川崎DICE,神奈川県,川崎市川崎区,found_google_maps_preferred,川崎DICE,神奈川県,川崎市川崎区,神奈川県川崎市川崎区駅前本町8,35.531353,139.70015,https://www.google.com/maps/search/?api=1&query=川崎DICE,Google Maps名称検索で施設一致
キテラタウン調布,東京都,調布市,found_google_maps_preferred,キテラタウン調布,東京都,調布市,東京都調布市菊野台1丁目33-3,35.657658,139.568146,https://www.google.com/maps/search/?api=1&query=キテラタウン調布,Google Maps名称検索で施設一致
イオン延岡ショッピングセンター,宮崎県,延岡市,found_google_maps_preferred,イオン延岡ショッピングセンター,宮崎県,延岡市,宮崎県延岡市旭町2丁目2-1,32.572296,131.670319,https://www.google.com/maps/search/?api=1&query=イオン延岡ショッピングセンター,Google Maps名称検索で施設一致
ヒルズウォーク徳ガーデンズ,静岡県,静岡市葵区,found_google_maps_preferred,ヒルズウォーク徳重ガーデンズ,愛知県,名古屋市緑区,愛知県名古屋市緑区元徳重1丁目505,35.094334,136.999252,https://www.google.com/maps/search/?api=1&query=ヒルズウォーク徳重ガーデンズ,Google Mapsで部分一致する施設を優先。徳を徳重に補正し所在地も補正
マロニエゲート銀座,千葉県,流山市,found_google_maps_preferred,マロニエゲート銀座,東京都,中央区,東京都中央区銀座2丁目2-14,35.674366,139.765305,https://www.google.com/maps/search/?api=1&query=マロニエゲート銀座,Google Maps名称検索の所在地を優先し県市を補正
ラスパ街詳,愛知県,海部郡蟹江町,found_google_maps_preferred,ラスパ蟹江,愛知県,蟹江町,愛知県海部郡蟹江町桜1丁目212,35.142822,136.794113,https://www.google.com/maps/search/?api=1&query=ラスパ蟹江,Google Mapsで部分一致する施設を優先。街詳を蟹江に補正。地理院住所検索は町域代表点
VIA MALL (アピタ江南西店),愛知県,江南市,found_google_maps_preferred,VIA MALL(アピタ江南西店),愛知県,江南市,愛知県江南市松竹町上野205,35.342606,136.855438,https://www.google.com/maps/search/?api=1&query=VIA MALL アピタ江南西店,Google Maps名称検索で施設一致
イオン豊川店,愛知県,豊川市,found_google_maps_preferred,イオン豊川店,愛知県,豊川市,愛知県豊川市開運通2丁目31,34.828495,137.384583,https://www.google.com/maps/search/?api=1&query=イオン豊川店,Google Maps名称検索で施設一致
センチュリーRIVA (イオン三田ウッディタウン店),兵庫県,三田市,found_google_maps_preferred,センチュリーRIVA(イオン三田ウッディタウン店),兵庫県,三田市,兵庫県三田市けやき台1丁目6-2,34.907997,135.186249,https://www.google.com/maps/search/?api=1&query=イオン三田ウッディタウン店,Google Maps名称検索で施設一致
イオン守山ショッピングセンター,静岡県,静岡市葵区,found_google_maps_preferred,イオン守山ショッピングセンター,愛知県,名古屋市守山区,愛知県名古屋市守山区笹ヶ根3丁目1228,35.234779,137.003998,https://www.google.com/maps/search/?api=1&query=イオン守山店,Google Maps名称検索の所在地を優先し県市を補正
イオン高槻店,大阪府,高槻市,found_google_maps_preferred,イオン高槻店,大阪府,高槻市,大阪府高槻市萩之庄3丁目47-2,34.859531,135.644958,https://www.google.com/maps/search/?api=1&query=イオン高槻店,Google Maps名称検索で施設一致
有楽町イトシア(有楽町マルイ、イトシアプラザほかり,東京都,千代田区,found_google_maps_preferred,有楽町イトシア(有楽町マルイ、イトシアプラザほか),東京都,千代田区,東京都千代田区有楽町2丁目7-1,35.674213,139.763657,https://www.google.com/maps/search/?api=1&query=有楽町イトシア,Google Mapsで部分一致する施設を優先。括弧崩れを補正
イオンスタイル新百合ヶ丘,神奈川県,川崎市麻生区,found_google_maps_preferred,イオンスタイル新百合ヶ丘,神奈川県,川崎市麻生区,神奈川県川崎市麻生区上麻生1丁目19,35.602306,139.506775,https://www.google.com/maps/search/?api=1&query=イオンスタイル新百合ヶ丘,Google Maps名称検索で施設一致
イオン那覇ショッピングセンター,沖縄県,那覇市,found_google_maps_preferred,イオン那覇ショッピングセンター,沖縄県,那覇市,沖縄県那覇市金城5丁目10-2,26.196909,127.665909,https://www.google.com/maps/search/?api=1&query=イオン那覇ショッピングセンター,Google Maps名称検索で施設一致
ゆめタウンサンピアン,熊本県,熊本市東区,found_google_maps_preferred,ゆめタウンサンピアン,熊本県,熊本市東区,熊本県熊本市東区上南部2丁目2-2,32.826042,130.763504,https://www.google.com/maps/search/?api=1&query=ゆめタウンサンピアン,Google Maps名称検索で施設一致
イオンタウン周南,広島県,竹原市,found_google_maps_preferred,イオンタウン周南,山口県,周南市,山口県周南市古市1丁目4-1,34.069324,131.759857,https://www.google.com/maps/search/?api=1&query=イオンタウン周南,Google Maps名称検索の所在地を優先し県市を補正
イトーヨーカドー武蔵境店,東京都,武蔵野市,found_google_maps_preferred,イトーヨーカドー武蔵境店,東京都,武蔵野市,東京都武蔵野市境南町2丁目2-20,35.701035,139.545349,https://www.google.com/maps/search/?api=1&query=イトーヨーカドー武蔵境店,Google Maps名称検索で施設一致
イオン上越店,新潟県,上越市,found_google_maps_preferred,イオン上越店,新潟県,上越市,新潟県上越市富岡3457,37.152672,138.257858,https://www.google.com/maps/search/?api=1&query=イオン上越店,Google Maps名称検索で施設一致
くりえいと宗像(サンリブ、サウスゾーン),福岡県,宗像市,found_google_maps_preferred,くりえいと宗像(サンリブ、サウスゾーン),福岡県,宗像市,福岡県宗像市くりえいと1丁目5-1,33.811687,130.564194,https://www.google.com/maps/search/?api=1&query=くりえいと宗像,Google Maps名称検索で施設一致
UNICUS上里(ウニクス上里),埼玉県,児玉郡上里町,found_google_maps_preferred,UNICUS上里(ウニクス上里),埼玉県,上里町,埼玉県児玉郡上里町七本木2272-1,36.23835,139.152908,https://www.google.com/maps/search/?api=1&query=UNICUS上里,Google Maps名称検索で施設一致
表参道ヒルズ,東京都,渋谷区,found_google_maps_preferred,表参道ヒルズ,東京都,渋谷区,東京都渋谷区神宮前4丁目12-10,35.667229,139.708557,https://www.google.com/maps/search/?api=1&query=表参道ヒルズ,Google Maps名称検索で施設一致
イオン海浜務張店,千葉県,千葉市美浜区,found_google_maps_preferred,イオン海浜幕張店,千葉県,千葉市美浜区,千葉県千葉市美浜区ひび野1丁目3,35.651863,140.045303,https://www.google.com/maps/search/?api=1&query=イオン海浜幕張店,Google Mapsで部分一致する施設を優先。海浜務張を海浜幕張に補正
ATC Os (アジア太平洋トレードセンターオズ),大阪府,大阪市住之江区,found_google_maps_preferred,ATC O's(アジア太平洋トレードセンターオズ),大阪府,大阪市住之江区,大阪府大阪市住之江区南港北2丁目1-10,34.638329,135.412613,https://www.google.com/maps/search/?api=1&query=ATC O's,Google Maps名称検索で施設一致。O's表記へ補正
トコトコスクエア,群馬県,高崎市,found_google_maps_preferred,トコトコスクエア,埼玉県,所沢市,埼玉県所沢市東町5-22,35.789097,139.470337,https://www.google.com/maps/search/?api=1&query=トコトコスクエア,Google Maps名称検索の所在地を優先し県市を補正
イオン長浜ショッピングセンター,滋賀県,長浜市,found_google_maps_preferred,イオン長浜ショッピングセンター,滋賀県,長浜市,滋賀県長浜市山階町271-1,35.393379,136.289932,https://www.google.com/maps/search/?api=1&query=イオン長浜ショッピングセンター,Google Maps名称検索で施設一致。地理院住所検索は町域代表点
ザ・ビッグ昭品店,東京都,昭島市,found_google_maps_preferred,ザ・ビッグ昭島店,東京都,昭島市,東京都昭島市宮沢町500-1,35.716248,139.373199,https://www.google.com/maps/search/?api=1&query=ザ・ビッグ昭島店,Google Mapsで部分一致する施設を優先。昭品を昭島に補正
西代ショッピングセンター,茨城県,稲敷市,found_google_maps_preferred,パルナ稲敷ショッピングセンター,茨城県,稲敷市,茨城県稲敷市西代1495,35.918892,140.487762,https://www.google.com/maps/search/?api=1&query=パルナ稲敷ショッピングセンター,Google Mapsで部分一致する施設を優先
イオン新潟東店,新潟県,新潟市東区,found_google_maps_preferred,イオン新潟東店,新潟県,新潟市東区,新潟県新潟市東区大形本町3丁目1-2,37.924152,139.113754,https://www.google.com/maps/search/?api=1&query=イオン新潟東店,Google Maps名称検索で施設一致
APITAパワー新潟番田店,新潟県,新潟市江南区,found_google_maps_preferred,アピタパワー新潟亀田店,新潟県,新潟市江南区,新潟県新潟市江南区鵜ノ子4丁目466,37.871838,139.089905,https://www.google.com/maps/search/?api=1&query=アピタパワー新潟亀田店,Google Mapsで部分一致する施設を優先。番田を亀田に補正。地理院住所検索は町域代表点
ブルメールHAT神戸,大阪府,門真市,found_google_maps_preferred,ブルメールHAT神戸,兵庫県,神戸市中央区,兵庫県神戸市中央区脇浜海岸通2丁目2-2,34.699646,135.214935,https://www.google.com/maps/search/?api=1&query=ブルメールHAT神戸,Google Maps名称検索の所在地を優先し県市を補正
イオン金沢八景店,神奈川県,横浜市金沢区,found_google_maps_preferred,イオン金沢八景店,神奈川県,横浜市金沢区,神奈川県横浜市金沢区泥亀1丁目27-1,35.333851,139.622452,https://www.google.com/maps/search/?api=1&query=イオン金沢八景店,Google Maps名称検索で施設一致
吹田さんくす,大阪府,吹田市,found_google_maps_preferred,吹田さんくす,大阪府,吹田市,大阪府吹田市朝日町2,34.763054,135.525436,https://www.google.com/maps/search/?api=1&query=吹田さんくす,Google Maps名称検索で施設一致
SENRITOよみうり(センリトよみうり) (イオンSENRITO専門館含む),大阪府,豊中市,found_google_maps_preferred,SENRITOよみうり(センリトよみうり),大阪府,豊中市,大阪府豊中市新千里東町1丁目1-3,34.808811,135.494156,https://www.google.com/maps/search/?api=1&query=SENRITOよみうり,Google Maps名称検索で施設一致
ハイパーモールMERX新習志野 (ハイパーモールメルクス新習志野),千葉県,習志野市,found_google_maps_preferred,ハイパーモールMERX新習志野(ハイパーモールメルクス新習志野),千葉県,習志野市,千葉県習志野市茜浜2丁目2-1,35.666122,140.012436,https://www.google.com/maps/search/?api=1&query=ハイパーモールMERX新習志野,Google Maps名称検索で施設一致
ゆめタウン三非,香川県,三豊市,found_google_maps_preferred,ゆめタウン三豊,香川県,三豊市,香川県三豊市豊中町本山甲22,34.145252,133.699081,https://www.google.com/maps/search/?api=1&query=ゆめタウン三豊,Google Mapsで部分一致する施設を優先。三非を三豊に補正
サプラスクエアサプラ,茨城県,龍ヶ崎市,found_google_maps_preferred,サプラスクエアサプラ,茨城県,龍ケ崎市,茨城県龍ケ崎市小柴5丁目1-2,35.93317,140.160172,https://www.google.com/maps/search/?api=1&query=サプラスクエアサプラ,Google Maps名称検索で施設一致
スーパービバホーム八王子多摩美大前店,東京都,八王子市,found_google_maps_preferred,スーパービバホーム八王子多摩美大前店,東京都,八王子市,東京都八王子市鑓水2丁目108-1,35.611221,139.356369,https://www.google.com/maps/search/?api=1&query=スーパービバホーム八王子多摩美大前店,Google Maps名称検索で施設一致。地理院住所検索は町域代表点
ショッピングシティ ベル,福井県,福井市,found_google_maps_preferred,ショッピングシティ ベル,福井県,福井市,福井県福井市花堂南2丁目16-1,36.033581,136.212296,https://www.google.com/maps/search/?api=1&query=ショッピングシティ ベル,Google Maps名称検索で施設一致
イオンスタイル造田,愛知県,豊田市,found_google_maps_preferred,イオンスタイル豊田,愛知県,豊田市,愛知県豊田市広路町1丁目1,35.078384,137.160065,https://www.google.com/maps/search/?api=1&query=イオンスタイル豊田,Google Mapsで部分一致する施設を優先。造田を豊田に補正
三井ショッピングパーク ララガーデン春日部,埼玉県,春日部市,found_google_maps_preferred,三井ショッピングパーク ララガーデン春日部,埼玉県,春日部市,埼玉県春日部市南1丁目1-1,35.97744,139.754761,https://www.google.com/maps/search/?api=1&query=三井ショッピングパーク ララガーデン春日部,Google Maps名称検索で施設一致
楽天地ビル(錦糸町PARCO ほか),千葉県,流山市,found_google_maps_preferred,楽天地ビル(錦糸町PARCOほか),東京都,墨田区,東京都墨田区江東橋4丁目27-14,35.696064,139.815231,https://www.google.com/maps/search/?api=1&query=楽天地ビル 錦糸町PARCO,Google Maps名称検索の所在地を優先し県市を補正
熊谷片倉フィラチャー(イオン谷店),埼玉県,熊谷市,found_google_maps_preferred,熊谷片倉フィラチャー(イオン熊谷店),埼玉県,熊谷市,埼玉県熊谷市本石2丁目135,36.145382,139.378525,https://www.google.com/maps/search/?api=1&query=イオン熊谷店,Google Mapsで部分一致する施設を優先。イオン谷をイオン熊谷に補正
イトーヨーカドー川崎店、LICOPA川崎(リコパ|崎),神奈川県,川崎市川崎区,found_google_maps_preferred,イトーヨーカドー川崎店・LICOPA川崎,神奈川県,川崎市川崎区,神奈川県川崎市川崎区小田栄2丁目2-1,35.515194,139.707886,https://www.google.com/maps/search/?api=1&query=LICOPA川崎 イトーヨーカドー川崎店,Google Maps名称検索で施設一致。括弧崩れを補正
阪急大井町ガーデン,東京都,品川区,found_google_maps_preferred,阪急大井町ガーデン,東京都,品川区,東京都品川区大井1丁目50-5,35.606041,139.734039,https://www.google.com/maps/search/?api=1&query=阪急大井町ガーデン,Google Maps名称検索で施設一致
青葉台東急スクエアSouth,東京都,多摩市,found_google_maps_preferred,青葉台東急スクエア,神奈川県,横浜市青葉区,神奈川県横浜市青葉区青葉台2丁目1-1,35.542065,139.515961,https://www.google.com/maps/search/?api=1&query=青葉台東急スクエア,Google Maps名称検索の所在地を優先し県市を補正
ビバモール名古屋南,静岡県,静岡市葵区,found_google_maps_preferred,ビバモール名古屋南,愛知県,名古屋市南区,愛知県名古屋市南区豊田5丁目21-1,35.100487,136.913666,https://www.google.com/maps/search/?api=1&query=ビバモール名古屋南,Google Maps名称検索の所在地を優先し県市を補正
ビバモール酸錦町,埼玉県,蕨市,found_google_maps_preferred,ビバモール蕨錦町,埼玉県,蕨市,埼玉県蕨市錦町1丁目12-1,35.822811,139.677795,https://www.google.com/maps/search/?api=1&query=ビバモール蕨錦町,Google Mapsで部分一致する施設を優先。酸錦町を蕨錦町に補正
グリナード永山1号館,東京都,多摩市,found_google_maps_preferred,グリナード永山1号館,東京都,多摩市,東京都多摩市永山1丁目4,35.629246,139.448135,https://www.google.com/maps/search/?api=1&query=グリナード永山,Google Maps名称検索で施設一致
ヨドバシ博多,愛媛県,西条市,found_google_maps_preferred,ヨドバシ博多,福岡県,福岡市博多区,福岡県福岡市博多区博多駅中央街6-12,33.588547,130.42218,https://www.google.com/maps/search/?api=1&query=ヨドバシ博多,Google Maps名称検索の所在地を優先し県市を補正
麻布台ヒルズ,千葉県,流山市,found_google_maps_preferred,麻布台ヒルズ,東京都,港区,東京都港区麻布台1丁目3-1,35.661549,139.740921,https://www.google.com/maps/search/?api=1&query=麻布台ヒルズ,Google Maps名称検索の所在地を優先し県市を補正
丸井錦糸町店,千葉県,流山市,found_google_maps_preferred,丸井錦糸町店,東京都,墨田区,東京都墨田区江東橋3丁目9-10,35.695351,139.813736,https://www.google.com/maps/search/?api=1&query=丸井錦糸町店,Google Maps名称検索の所在地を優先し県市を補正
店,愛知県,日進市,on_hold,,,,,,,,施設名が「店」のみでGoogle Maps名称検索に使える固有名がないため保留
ニュウマン高輪,千葉県,流山市,found_google_maps_preferred,ニュウマン高輪,東京都,港区,東京都港区高輪2丁目21-1,35.635559,139.739594,https://www.google.com/maps/search/?api=1&query=ニュウマン高輪,Google Maps名称検索の所在地を優先し県市を補正
シュロアモール筑紫野,福岡県,筑紫野市,found_google_maps_preferred,シュロアモール筑紫野,福岡県,筑紫野市,福岡県筑紫野市原田836-4,33.44191,130.535904,https://www.google.com/maps/search/?api=1&query=シュロアモール筑紫野,Google Maps名称検索で施設一致
イオンモール北大路,大阪府,大阪市北区,found_google_maps_preferred,イオンモール北大路,京都府,京都市北区,京都府京都市北区小山北上総町49-1,35.044804,135.758087,https://www.google.com/maps/search/?api=1&query=イオンモール北大路,Google Maps名称検索の所在地を優先し県市を補正
イオンスタイル品川シーサイド,東京都,品川区,found_google_maps_preferred,イオンスタイル品川シーサイド,東京都,品川区,東京都品川区東品川4丁目12-5,35.611347,139.748322,https://www.google.com/maps/search/?api=1&query=イオンスタイル品川シーサイド,Google Maps名称検索で施設一致
スーパービバホーム豊洲店,千葉県,流山市,found_google_maps_preferred,スーパービバホーム豊洲店,東京都,江東区,東京都江東区豊洲3丁目4-8,35.655907,139.798172,https://www.google.com/maps/search/?api=1&query=スーパービバホーム豊洲店,Google Maps名称検索の所在地を優先し県市を補正
バティオ、イオン袋井店,静岡県,袋井市,found_google_maps_preferred,パティオ・イオン袋井店,静岡県,袋井市,静岡県袋井市上山梨4丁目1-1,34.786018,137.90184,https://www.google.com/maps/search/?api=1&query=イオン袋井店,Google Mapsで部分一致する施設を優先。バティオをパティオに補正
イオン福岡ショッピングセンター,福岡県,糟屋郡志免町,found_google_maps_preferred,イオンモール福岡,福岡県,粕屋町,福岡県糟屋郡粕屋町酒殿字老ノ木192-1,33.596455,130.480286,https://www.google.com/maps/search/?api=1&query=イオンモール福岡,Google Mapsで部分一致する施設を優先。所在地を粕屋町に補正
イズミヤショッピングセンター西神戸,大阪府,門真市,found_google_maps_preferred,イズミヤショッピングセンター西神戸,兵庫県,神戸市西区,兵庫県神戸市西区竜が岡1丁目21-1,34.710915,134.940308,https://www.google.com/maps/search/?api=1&query=イズミヤショッピングセンター西神戸,Google Maps名称検索の所在地を優先し県市を補正
三井アウトレットバーク 幕張,千葉県,千葉市美浜区,found_google_maps_preferred,三井アウトレットパーク幕張,千葉県,千葉市美浜区,千葉県千葉市美浜区ひび野2丁目6-1,35.647713,140.041901,https://www.google.com/maps/search/?api=1&query=三井アウトレットパーク幕張,Google Mapsで部分一致する施設を優先。バークをパークに補正
イオンタウン名西,静岡県,静岡市葵区,found_google_maps_preferred,イオンタウン名西,愛知県,名古屋市西区,愛知県名古屋市西区香呑町6丁目49-1,35.204041,136.892487,https://www.google.com/maps/search/?api=1&query=イオンタウン名西,Google Maps名称検索の所在地を優先し県市を補正
米しんまち天満屋,鳥取県,米子市,found_google_maps_preferred,米子しんまち天満屋,鳥取県,米子市,鳥取県米子市西福原2丁目1-10,35.439537,133.340546,https://www.google.com/maps/search/?api=1&query=米子しんまち天満屋,Google Mapsで部分一致する施設を優先。米を米子に補正
イオンマリナタウン店,福岡県,福岡市西区,found_google_maps_preferred,イオンマリナタウン店,福岡県,福岡市西区,福岡県福岡市西区豊浜3丁目1-10,33.58942,130.333771,https://www.google.com/maps/search/?api=1&query=イオンマリナタウン店,Google Maps名称検索で施設一致
イオンタウン津城山,三重県,津市,found_google_maps_preferred,イオンタウン津城山,三重県,津市,三重県津市久居小野辺町1130-7,34.678768,136.500748,https://www.google.com/maps/search/?api=1&query=イオンタウン津城山,Google Maps名称検索で施設一致
スーパーセンターオークワ南紀店,和歌山県,新宮市,found_google_maps_preferred,スーパーセンターオークワ南紀店,和歌山県,新宮市,和歌山県新宮市佐野3丁目11-19,33.676785,135.970932,https://www.google.com/maps/search/?api=1&query=スーパーセンターオークワ南紀店,Google Maps名称検索で施設一致
三井ショッピングパーク ららぽーとTOKYO-BAY,千葉県,船橋市,found_google_maps_preferred,三井ショッピングパーク ららぽーとTOKYO-BAY,千葉県,船橋市,千葉県船橋市浜町2丁目1-1,35.686241,139.990204,https://www.google.com/maps/search/?api=1&query=三井ショッピングパーク%20ららぽーとTOKYO-BAY,Google Maps名称検索で施設一致
イオンモール福原,奈良県,橿原市,found_google_maps_preferred,イオンモール橿原,奈良県,橿原市,奈良県橿原市曲川町7丁目20-1,34.505554,135.764832,https://www.google.com/maps/search/?api=1&query=イオンモール橿原,Google Mapsで部分一致する施設を優先。福原を橿原に補正
JRセントラルタワーズ/JRゲートタワー,静岡県,静岡市葵区,found_google_maps_preferred,JRセントラルタワーズ/JRゲートタワー,愛知県,名古屋市中村区,愛知県名古屋市中村区名駅1丁目1-4,35.17075,136.883423,https://www.google.com/maps/search/?api=1&query=JRセントラルタワーズ%20JRゲートタワー,Google Maps名称検索の所在地を優先し県市を補正
なんばCITY,京都府,亀岡市,found_google_maps_preferred,なんばCITY,大阪府,大阪市中央区,大阪府大阪市中央区難波5丁目1-60,34.664921,135.501114,https://www.google.com/maps/search/?api=1&query=なんばCITY,Google Maps名称検索の所在地を優先し県市を補正
mozo ワンダーシティ(モゾワンダーシティ),静岡県,静岡市葵区,found_google_maps_preferred,mozo ワンダーシティ,愛知県,名古屋市西区,愛知県名古屋市西区二方町40,35.225266,136.883301,https://www.google.com/maps/search/?api=1&query=mozo%20ワンダーシティ,Google Maps名称検索の所在地を優先し県市を補正
ルミネ池袋・東武百貨店池袋店,千葉県,流山市,found_google_maps_preferred,ルミネ池袋・東武百貨店池袋店,東京都,豊島区,東京都豊島区西池袋1丁目1-25,35.729939,139.71051,https://www.google.com/maps/search/?api=1&query=ルミネ池袋%20東武百貨店池袋店,Google Maps名称検索の所在地を優先し県市を補正
三井ショッピングバーク ららぽーと横浜,東京都,多摩市,found_google_maps_preferred,三井ショッピングパーク ららぽーと横浜,神奈川県,横浜市都筑区,神奈川県横浜市都筑区池辺町4035-1,35.5173,139.566422,https://www.google.com/maps/search/?api=1&query=三井ショッピングパーク%20ららぽーと横浜,Google Mapsで部分一致する施設を優先。バークをパークに補正
ヨドバシカメラ マルチメディア梅田、 LINKS UMEDA,京都府,亀岡市,found_google_maps_preferred,ヨドバシカメラ マルチメディア梅田、LINKS UMEDA,大阪府,大阪市北区,大阪府大阪市北区大深町1-1,34.70417,135.497269,https://www.google.com/maps/search/?api=1&query=ヨドバシカメラ%20マルチメディア梅田%20LINKS%20UMEDA,Google Maps名称検索の所在地を優先し県市を補正
モラージュ三浦,埼玉県,久喜市,found_google_maps_preferred,モラージュ菖蒲,埼玉県,久喜市,埼玉県久喜市菖蒲町菖蒲6005-1,36.075211,139.611633,https://www.google.com/maps/search/?api=1&query=モラージュ菖蒲,Google Mapsで部分一致する施設を優先。三浦を菖蒲に補正
アピタ北田店,静岡県,磐田市,found_google_maps_preferred,アピタ磐田店,静岡県,磐田市,静岡県磐田市今之浦3丁目1-11,34.717739,137.857788,https://www.google.com/maps/search/?api=1&query=アピタ磐田店,Google Mapsで部分一致する施設を優先。北田を磐田に補正
イオン大村ショッピングセンター,長崎県,大村市,found_google_maps_preferred,イオン大村ショッピングセンター,長崎県,大村市,長崎県大村市幸町25-200,32.901123,129.951385,https://www.google.com/maps/search/?api=1&query=イオン大村ショッピングセンター,Google Maps名称検索で施設一致
モートショッピングセンター(イオン小物店),愛知県,小牧市,found_google_maps_preferred,イオン小牧店,愛知県,小牧市,愛知県小牧市東1丁目126,35.284641,136.939514,https://www.google.com/maps/search/?api=1&query=イオン小牧店,Google Mapsで部分一致する施設を優先。小物を小牧に補正
W.A.Oこどものくにショッピングセンター (スーパー三和 子供の国店),東京都,多摩市,found_google_maps_preferred,W.A.Oこどものくにショッピングセンター(スーパー三和 子供の国店),神奈川県,横浜市青葉区,神奈川県横浜市青葉区奈良1丁目2-1,35.557125,139.484268,https://www.google.com/maps/search/?api=1&query=スーパー三和%20子供の国店,Google Mapsで部分一致する施設を優先し県市を補正
イズミヤショッピングセンター和歌山,和歌山県,和歌山市,found_google_maps_preferred,イズミヤショッピングセンター和歌山,和歌山県,和歌山市,和歌山県和歌山市新生町7-20,34.222118,135.188354,https://www.google.com/maps/search/?api=1&query=イズミヤショッピングセンター和歌山,Google Maps名称検索で施設一致
御旅屋SERID(旅屋セリオ),富山県,高岡市,found_google_maps_preferred,御旅屋セリオ,富山県,高岡市,富山県高岡市御旅屋町101,36.745544,137.014053,https://www.google.com/maps/search/?api=1&query=御旅屋セリオ,Google Mapsで部分一致する施設を優先。SERIDをセリオに補正
させば五番街,長崎県,佐世保市,found_google_maps_preferred,させぼ五番街,長崎県,佐世保市,長崎県佐世保市新港町2-1,33.166134,129.722687,https://www.google.com/maps/search/?api=1&query=させぼ五番街,Google Mapsで部分一致する施設を優先。させばをさせぼに補正
イオン六日町店,新潟県,南魚沼市,found_google_maps_preferred,イオン六日町店,新潟県,南魚沼市,新潟県南魚沼市余川3100,37.081131,138.878647,https://www.google.com/maps/search/?api=1&query=イオン六日町店,Google Maps名称検索で施設一致
イオン米子駅前店,鳥取県,米子市,found_google_maps_preferred,イオン米子駅前店,鳥取県,米子市,鳥取県米子市末広町311,35.422794,133.333069,https://www.google.com/maps/search/?api=1&query=イオン米子駅前店,Google Maps名称検索で施設一致
アントしいこま1、近鉄百貨店生駒店,奈良県,生駒市,found_google_maps_preferred,アントレいこま1、近鉄百貨店生駒店,奈良県,生駒市,奈良県生駒市谷田町1600,34.693825,135.69841,https://www.google.com/maps/search/?api=1&query=アントレいこま1%20近鉄百貨店生駒店,Google Mapsで部分一致する施設を優先。アントしいこまをアントレいこまに補正
イオンスタイル入間,埼玉県,入間市,found_google_maps_preferred,イオンスタイル入間,埼玉県,入間市,埼玉県入間市上藤沢462-1,35.821873,139.394867,https://www.google.com/maps/search/?api=1&query=イオンスタイル入間,Google Maps名称検索で施設一致
イオン都城ショッピングセンター,宮崎県,都城市,found_google_maps_preferred,イオン都城ショッピングセンター,宮崎県,都城市,宮崎県都城市早鈴町1990,31.715265,131.075745,https://www.google.com/maps/search/?api=1&query=イオン都城ショッピングセンター,Google Maps名称検索で施設一致
GinzaNovo(ギンザノボ),千葉県,流山市,found_google_maps_preferred,GinzaNovo(ギンザノボ),東京都,中央区,東京都中央区銀座5丁目2-1,35.672646,139.762756,https://www.google.com/maps/search/?api=1&query=GinzaNovo,Google Maps名称検索の所在地を優先し県市を補正
アクウェルモール武蔵小金井,東京都,小金井市,found_google_maps_preferred,アクウェルモール武蔵小金井,東京都,小金井市,東京都小金井市本町6丁目14-28,35.700962,139.505249,https://www.google.com/maps/search/?api=1&query=アクウェルモール武蔵小金井,Google Maps名称検索で施設一致
イオン稲毛店,千葉県,千葉市稲毛区,found_google_maps_preferred,イオン稲毛店,千葉県,千葉市稲毛区,千葉県千葉市稲毛区小仲台1丁目4-20,35.635712,140.096039,https://www.google.com/maps/search/?api=1&query=イオン稲毛店,Google Maps名称検索で施設一致
RASPA西大和(ラスパ西大和),奈良県,北葛城郡上牧町,found_google_maps_preferred,RASPA西大和(ラスパ西大和),奈良県,北葛城郡上牧町,奈良県北葛城郡上牧町ささゆり台1丁目1-1,34.56636,135.721054,https://www.google.com/maps/search/?api=1&query=RASPA西大和,Google Maps名称検索で施設一致
コムファーストショッピングセンター,栃木県,足利市,found_google_maps_preferred,コムファーストショッピングセンター,栃木県,足利市,栃木県足利市朝倉町245,36.320576,139.44989,https://www.google.com/maps/search/?api=1&query=コムファーストショッピングセンター,Google Maps名称検索で施設一致
アル・プラザ香里園,大阪府,寝屋川市,found_google_maps_preferred,アル・プラザ香里園,大阪府,寝屋川市,大阪府寝屋川市日新町5-5,34.78331,135.622406,https://www.google.com/maps/search/?api=1&query=アル・プラザ香里園,Google Maps名称検索で施設一致
MEGAドン・キホーテUNY小牧店,愛知県,小牧市,found_google_maps_preferred,MEGAドン・キホーテUNY小牧店,愛知県,小牧市,愛知県小牧市堀の内3丁目15,35.28989,136.91217,https://www.google.com/maps/search/?api=1&query=MEGAドン・キホーテUNY小牧店,Google Maps名称検索で施設一致
フレスポバ茶,埼玉県,北本市,found_google_maps_preferred,フレスポ八潮,埼玉県,八潮市,埼玉県八潮市大瀬1丁目1-3,35.808826,139.842911,https://www.google.com/maps/search/?api=1&query=フレスポ八潮,Google Mapsで部分一致する施設を優先。バ茶を八潮に補正
カインズ川島インター店,埼玉県,比企郡川島町,found_google_maps_preferred,カインズ川島インター店,埼玉県,比企郡川島町,埼玉県比企郡川島町上伊草210,35.975552,139.466812,https://www.google.com/maps/search/?api=1&query=カインズ川島インター店,Google Maps名称検索で施設一致
SOCOLA南行徳(ソコラ南行徳),千葉県,市川市,found_google_maps_preferred,SOCOLA南行徳(ソコラ南行徳),千葉県,市川市,千葉県市川市南行徳2丁目20-25,35.668213,139.905228,https://www.google.com/maps/search/?api=1&query=SOCOLA南行徳,Google Maps名称検索で施設一致
東京ミッドタウン,千葉県,流山市,found_google_maps_preferred,東京ミッドタウン,東京都,港区,東京都港区赤坂9丁目7-1,35.666023,139.732208,https://www.google.com/maps/search/?api=1&query=東京ミッドタウン,Google Maps名称検索の所在地を優先し県市を補正
MEGAドン・キホーテUNY鈴鹿店,三重県,鈴鹿市,found_google_maps_preferred,MEGAドン・キホーテUNY鈴鹿店,三重県,鈴鹿市,三重県鈴鹿市南玉垣町3628,34.853081,136.582291,https://www.google.com/maps/search/?api=1&query=MEGAドン・キホーテUNY鈴鹿店,Google Maps名称検索で施設一致
荻選タウンセブン,東京都,杉並区,found_google_maps_preferred,荻窪タウンセブン,東京都,杉並区,東京都杉並区上荻1丁目9-1,35.705223,139.619812,https://www.google.com/maps/search/?api=1&query=荻窪タウンセブン,Google Mapsで部分一致する施設を優先。荻選を荻窪に補正
HEP FIVE (ヘップファイブ),京都府,亀岡市,found_google_maps_preferred,HEP FIVE(ヘップファイブ),大阪府,大阪市北区,大阪府大阪市北区角田町5-15,34.703846,135.499634,https://www.google.com/maps/search/?api=1&query=HEP%20FIVE,Google Maps名称検索の所在地を優先し県市を補正
イオンスタイル笹丘,愛媛県,西条市,found_google_maps_preferred,イオンスタイル笹丘,福岡県,福岡市中央区,福岡県福岡市中央区笹丘1丁目28-74,33.565845,130.376282,https://www.google.com/maps/search/?api=1&query=イオンスタイル笹丘,Google Maps名称検索の所在地を優先し県市を補正
イオン三原店,広島県,三原市,found_google_maps_preferred,イオン三原店,広島県,三原市,広島県三原市城町2丁目13-1,34.399879,133.087814,https://www.google.com/maps/search/?api=1&query=イオン三原店,Google Maps名称検索で施設一致
スーパービバホーム長津田店,東京都,多摩市,found_google_maps_preferred,スーパービバホーム長津田店,神奈川県,横浜市緑区,神奈川県横浜市緑区長津田みなみ台4丁目6-1,35.520214,139.501297,https://www.google.com/maps/search/?api=1&query=スーパービバホーム長津田店,Google Maps名称検索の所在地を優先し県市を補正
イオンタウン日向,宮崎県,日向市,found_google_maps_preferred,イオンタウン日向,宮崎県,日向市,宮崎県日向市日知屋字古田町61-1,32.424496,131.65152,https://www.google.com/maps/search/?api=1&query=イオンタウン日向,Google Maps名称検索で施設一致
アビタ刈谷店,愛知県,刈谷市,found_google_maps_preferred,アピタ刈谷店,愛知県,刈谷市,愛知県刈谷市南桜町2丁目56-1,34.99123,137.004715,https://www.google.com/maps/search/?api=1&query=アピタ刈谷店,Google Mapsで部分一致する施設を優先。アビタをアピタに補正
イオン山形北ショッピングセンター,山形県,山形市,found_google_maps_preferred,イオン山形北ショッピングセンター,山形県,山形市,山形県山形市馬見ケ崎2丁目12-19,38.282253,140.329926,https://www.google.com/maps/search/?api=1&query=イオン山形北ショッピングセンター,Google Maps名称検索で施設一致
アピタパワー本川店,愛知県,一宮市,found_google_maps_preferred,アピタパワー木曽川店,愛知県,一宮市,愛知県一宮市木曽川町黒田八ノ通51-4,35.34161,136.790298,https://www.google.com/maps/search/?api=1&query=アピタパワー木曽川店,Google Mapsで部分一致する施設を優先。本川を木曽川に補正
VITA MALL SEISEKI (ヴィータモールせいせき),東京都,立川市,found_google_maps_preferred,VITA MALL SEISEKI(ヴィータモールせいせき),東京都,多摩市,東京都多摩市関戸4丁目72,35.649632,139.447052,https://www.google.com/maps/search/?api=1&query=VITA%20MALL%20SEISEKI,Google Maps名称検索の所在地を優先し県市を補正
フェアモール宮山,富山県,富山市,found_google_maps_preferred,フェアモールアピタ富山東店,富山県,富山市,富山県富山市上冨居3丁目8-38,36.708546,137.241669,https://www.google.com/maps/search/?api=1&query=フェアモールアピタ富山東店,Google Mapsで部分一致する施設を優先。宮山を富山東に補正
フジグラン丸毛,香川県,丸亀市,found_google_maps_preferred,フジグラン丸亀,香川県,丸亀市,香川県丸亀市川西町南1280-1,34.241787,133.835632,https://www.google.com/maps/search/?api=1&query=フジグラン丸亀,Google Mapsで部分一致する施設を優先。丸毛を丸亀に補正
アピタ各務原店,岐阜県,各務原市,found_google_maps_preferred,アピタ各務原店,岐阜県,各務原市,岐阜県各務原市鵜沼各務原町8丁目7-1,35.397045,136.906128,https://www.google.com/maps/search/?api=1&query=アピタ各務原店,Google Maps名称検索で施設一致
イオン東根店,山形県,東根市,found_google_maps_preferred,イオン東根店,山形県,東根市,山形県東根市さくらんぼ駅前3丁目7-15,38.427807,140.388184,https://www.google.com/maps/search/?api=1&query=イオン東根店,Google Maps名称検索で施設一致
ホームセンターコーナン相模原小山店,神奈川県,横浜市鶴見区,found_google_maps_preferred,ホームセンターコーナン相模原小山店,神奈川県,相模原市中央区,神奈川県相模原市中央区小山3丁目37-1,35.583241,139.357422,https://www.google.com/maps/search/?api=1&query=ホームセンターコーナン相模原小山店,Google Maps名称検索の所在地を優先し県市を補正
MEGAドン・キホーテUNY市原店,千葉県,市原市,found_google_maps_preferred,MEGAドン・キホーテUNY市原店,千葉県,市原市,千葉県市原市青柳北1丁目1,35.514351,140.066177,https://www.google.com/maps/search/?api=1&query=MEGAドン・キホーテUNY市原店,Google Maps名称検索で施設一致
フジグラン学部,山口県,宇部市,found_google_maps_preferred,フジグラン宇部,山口県,宇部市,山口県宇部市明神町3丁目1-1,33.931705,131.257629,https://www.google.com/maps/search/?api=1&query=フジグラン宇部,Google Mapsで部分一致する施設を優先。学部を宇部に補正
イオン今市店,栃木県,日光市,found_google_maps_preferred,イオン今市店,栃木県,日光市,栃木県日光市豊田79-1,36.732651,139.704056,https://www.google.com/maps/search/?api=1&query=イオン今市店,Google Maps名称検索で施設一致
MEGAドン・キホーテUNY美濃加茂店,岐阜県,美濃加茂市,found_google_maps_preferred,MEGAドン・キホーテUNY美濃加茂店,岐阜県,美濃加茂市,岐阜県美濃加茂市野笹町2丁目5-65,35.442348,137.040817,https://www.google.com/maps/search/?api=1&query=MEGAドン・キホーテUNY美濃加茂店,Google Maps名称検索で施設一致
イオン吉津ショッピングセンター,佐賀県,唐津市,found_google_maps_preferred,イオン唐津ショッピングセンター,佐賀県,唐津市,佐賀県唐津市鏡字立神4671,33.43689,130.012634,https://www.google.com/maps/search/?api=1&query=イオン唐津ショッピングセンター,Google Mapsで部分一致する施設を優先。吉津を唐津に補正
バレットくもじ,沖縄県,那覇市,found_google_maps_preferred,パレットくもじ,沖縄県,那覇市,沖縄県那覇市久茂地1丁目1-1,26.213209,127.678604,https://www.google.com/maps/search/?api=1&query=パレットくもじ,Google Mapsで部分一致する施設を優先。バレットをパレットに補正
ソラリアプラザ,愛媛県,西条市,found_google_maps_preferred,ソラリアプラザ,福岡県,福岡市中央区,福岡県福岡市中央区天神2丁目2-43,33.589344,130.398727,https://www.google.com/maps/search/?api=1&query=ソラリアプラザ,Google Maps名称検索の所在地を優先し県市を補正
イオン天王町ショッピングセンター,神奈川県,横浜市保土ケ谷区,found_google_maps_preferred,イオン天王町ショッピングセンター,神奈川県,横浜市保土ケ谷区,神奈川県横浜市保土ケ谷区川辺町3-5,35.45879,139.598999,https://www.google.com/maps/search/?api=1&query=イオン天王町ショッピングセンター,Google Maps名称検索で施設一致
船橋ツインビル(イトーヨーカドー船橋店),千葉県,船橋市,found_google_maps_preferred,船橋ツインビル(イトーヨーカドー船橋店),千葉県,船橋市,千葉県船橋市本町7丁目6-1,35.703556,139.985062,https://www.google.com/maps/search/?api=1&query=船橋ツインビル%20イトーヨーカドー船橋店,Google Maps名称検索で施設一致
イオン糸ショッピングセンター,福岡県,糸島市,found_google_maps_preferred,イオン糸島ショッピングセンター,福岡県,糸島市,福岡県糸島市志摩津和崎29-1,33.579208,130.19014,https://www.google.com/maps/search/?api=1&query=イオン糸島ショッピングセンター,Google Mapsで部分一致する施設を優先。糸を糸島に補正
イオン清水店,長野県,茅野市,found_google_maps_preferred,イオン清水店,静岡県,静岡市清水区,静岡県静岡市清水区上原1丁目6-16,35.009087,138.460175,https://www.google.com/maps/search/?api=1&query=イオン清水店,Google Maps名称検索の所在地を優先し県市を補正
グラングリーン大阪 ショップ&レストラン南館,京都府,亀岡市,found_google_maps_preferred,グラングリーン大阪 ショップ&レストラン南館,大阪府,大阪市北区,大阪府大阪市北区大深町5-54,34.704762,135.49437,https://www.google.com/maps/search/?api=1&query=グラングリーン大阪%20ショップ%20レストラン南館,Google Maps名称検索の所在地を優先し県市を補正
アクロスモール春日,福岡県,春日市,found_google_maps_preferred,アクロスモール春日,福岡県,春日市,福岡県春日市春日5丁目17,33.516514,130.471054,https://www.google.com/maps/search/?api=1&query=アクロスモール春日,Google Maps名称検索で施設一致
島忠ホームズ仙|1店,東京都,調布市,found_google_maps_preferred,島忠ホームズ仙川店,東京都,調布市,東京都調布市若葉町2丁目1-7,35.659092,139.586258,https://www.google.com/maps/search/?api=1&query=島忠ホームズ仙川店,Google Mapsで部分一致する施設を優先。仙|1を仙川に補正
CeeU Yokohama (スィーユーヨコハマ),神奈川県,横浜市西区,found_google_maps_preferred,CeeU Yokohama(スィーユーヨコハマ),神奈川県,横浜市西区,神奈川県横浜市西区南幸2丁目16-1,35.464291,139.617889,https://www.google.com/maps/search/?api=1&query=CeeU%20Yokohama,Google Maps名称検索で施設一致
ハービスPLAZA ENT (ハービスプラザ エント),京都府,亀岡市,found_google_maps_preferred,ハービスPLAZA ENT(ハービスプラザ エント),大阪府,大阪市北区,大阪府大阪市北区梅田2丁目2-22,34.700424,135.495209,https://www.google.com/maps/search/?api=1&query=ハービスPLAZA%20ENT,Google Maps名称検索の所在地を優先し県市を補正
サンリーカリーノ菊陽,熊本県,菊池郡菊陽町,found_google_maps_preferred,サンリーカリーノ菊陽,熊本県,菊陽町,熊本県菊池郡菊陽町津久礼2422-4,32.859783,130.802231,https://www.google.com/maps/search/?api=1&query=サンリーカリーノ菊陽,Google Maps名称検索で施設一致
リソラ大府 ショッピングテラス,愛知県,大府市,found_google_maps_preferred,リソラ大府 ショッピングテラス,愛知県,大府市,愛知県大府市柊山町1丁目98,35.016514,136.957581,https://www.google.com/maps/search/?api=1&query=リソラ大府%20ショッピングテラス,Google Maps名称検索で施設一致
アル・プラザ アミ,福井県,坂井市,found_google_maps_preferred,アル・プラザ アミ,福井県,坂井市,福井県坂井市春江町随応寺第16号11,36.133183,136.218948,https://www.google.com/maps/search/?api=1&query=アル・プラザ%20アミ,Google Maps名称検索で施設一致
アビタ岡崎北店,愛知県,岡崎市,found_google_maps_preferred,アピタ岡崎北店,愛知県,岡崎市,愛知県岡崎市日名北町4-46,34.976742,137.15271,https://www.google.com/maps/search/?api=1&query=アピタ岡崎北店,Google Mapsで部分一致する施設を優先。アビタをアピタに補正
リヴィンオズ大泉店,千葉県,流山市,found_google_maps_preferred,リヴィンオズ大泉店,東京都,練馬区,東京都練馬区東大泉2丁目10-11,35.75275,139.59494,https://www.google.com/maps/search/?api=1&query=リヴィンオズ大泉店,Google Maps名称検索の所在地を優先し県市を補正
イオン名古屋東店,静岡県,静岡市葵区,found_google_maps_preferred,イオン名古屋東店,愛知県,名古屋市名東区,愛知県名古屋市名東区猪子石原2丁目1701,35.195339,136.99379,https://www.google.com/maps/search/?api=1&query=イオン名古屋東店,Google Maps名称検索の所在地を優先し県市を補正
アピタ嗚海店,静岡県,静岡市葵区,found_google_maps_preferred,アピタ鳴海店,愛知県,名古屋市緑区,愛知県名古屋市緑区鳴海町字伝治山3-9,35.093197,136.959259,https://www.google.com/maps/search/?api=1&query=アピタ鳴海店,Google Mapsで部分一致する施設を優先。嗚海を鳴海に補正
ラパーク岸和田,大阪府,岸和田市,found_google_maps_preferred,ラパーク岸和田,大阪府,岸和田市,大阪府岸和田市春木若松町21-1,34.478291,135.392151,https://www.google.com/maps/search/?api=1&query=ラパーク岸和田,Google Maps名称検索で施設一致
MEGAドン・キホーテ ラバーク宇都宮店,栃木県,宇都宮市,found_google_maps_preferred,MEGAドン・キホーテ ラパーク宇都宮店,栃木県,宇都宮市,栃木県宇都宮市馬場通り2丁目3-12,36.560909,139.885864,https://www.google.com/maps/search/?api=1&query=MEGAドン・キホーテ%20ラパーク宇都宮店,Google Mapsで部分一致する施設を優先。ラバークをラパークに補正
ゆめタウン大竹,広島県,大竹市,found_google_maps_preferred,ゆめタウン大竹,広島県,大竹市,広島県大竹市晴海1丁目6-1,34.241436,132.223801,https://www.google.com/maps/search/?api=1&query=ゆめタウン大竹,Google Maps名称検索で施設一致
西友福生店,東京都,福生市,found_google_maps_preferred,西友福生店,東京都,福生市,東京都福生市東町5-1,35.743267,139.328079,https://www.google.com/maps/search/?api=1&query=西友福生店,Google Maps名称検索で施設一致
イオンタウン真岡,栃木県,真岡市,found_google_maps_preferred,イオンタウン真岡,栃木県,真岡市,栃木県真岡市台町2668,36.430023,140.000687,https://www.google.com/maps/search/?api=1&query=イオンタウン真岡,Google Maps名称検索で施設一致
イッツボナンザシティ ヨシヅヤ名古屋名西店,静岡県,静岡市葵区,found_google_maps_preferred,イッツボナンザシティ ヨシヅヤ名古屋名西店,愛知県,名古屋市西区,愛知県名古屋市西区名西2丁目33-8,35.190826,136.87796,https://www.google.com/maps/search/?api=1&query=ヨシヅヤ名古屋名西店,Google Mapsで部分一致する施設を優先し県市を補正
ニシムタ NsCITY谷山店(ニシムタエヌシティ谷山店),鹿児島県,鹿児島市,found_google_maps_preferred,ニシムタ NsCITY谷山店(ニシムタエヌシティ谷山店),鹿児島県,鹿児島市,鹿児島県鹿児島市卸本町5番35号,31.516211,130.520905,https://www.google.com/maps/search/?api=1&query=ニシムタ%20NsCITY谷山店,Google Maps名称検索で施設一致
せんちゅうバル,大阪府,豊中市,found_google_maps_preferred,せんちゅうパル,大阪府,豊中市,大阪府豊中市新千里東町1丁目3,34.808842,135.494934,https://www.google.com/maps/search/?api=1&query=せんちゅうパル,Google Mapsで部分一致する施設を優先。バルをパルに補正
ショッパーズプラザ海老名,神奈川県,相模原市緑区,found_google_maps_preferred,ショッパーズプラザ海老名,神奈川県,海老名市,神奈川県海老名市中央3丁目2-5,35.450539,139.391113,https://www.google.com/maps/search/?api=1&query=ショッパーズプラザ海老名,Google Maps名称検索の所在地を優先し県市を補正
ルミネエスト,千葉県,流山市,found_google_maps_preferred,ルミネエスト新宿,東京都,新宿区,東京都新宿区新宿3丁目38-1,35.691784,139.700775,https://www.google.com/maps/search/?api=1&query=ルミネエスト新宿,Google Mapsで部分一致する施設を優先し県市を補正
パワーモールおおた,群馬県,太田市,found_google_maps_preferred,パワーモールおおた,群馬県,太田市,群馬県太田市飯塚町656-1,36.278481,139.385162,https://www.google.com/maps/search/?api=1&query=パワーモールおおた,Google Maps名称検索で施設一致
ショッピングセンターメッセ(北見メッセ),北海道,北見市,found_google_maps_preferred,ショッピングセンターメッセ(北見メッセ),北海道,北見市,北海道北見市中央三輪5丁目423-5,43.796436,143.856415,https://www.google.com/maps/search/?api=1&query=北見メッセ,Google Maps名称検索で施設一致
洛西ニュータウン・ショッピングセンター ラクセーヌ、高島屋洛西店,京都府,京都市西京区,found_google_maps_preferred,洛西ニュータウン・ショッピングセンター ラクセーヌ、高島屋洛西店,京都府,京都市西京区,京都府京都市西京区大原野東境谷町2丁目5-8,34.963066,135.6763,https://www.google.com/maps/search/?api=1&query=ラクセーヌ%20高島屋洛西店,Google Maps名称検索で施設一致
咲ランドショッピングセンター(イオン山崎店),兵庫県,宍粟市,found_google_maps_preferred,咲ランドショッピングセンター(イオン山崎店),兵庫県,宍粟市,兵庫県宍粟市山崎町中井字城下10,35.002277,134.543533,https://www.google.com/maps/search/?api=1&query=咲ランドショッピングセンター%20イオン山崎店,Google Maps名称検索で施設一致
池袋PARCO,東京都,豊島区,found_google_maps_preferred,池袋PARCO,東京都,豊島区,東京都豊島区南池袋1丁目28-2,35.727123,139.710342,https://www.google.com/maps/search/?api=1&query=池袋PARCO,Google Maps名称検索で施設一致
ジョイナステラス二俣川,東京都,多摩市,found_google_maps_preferred,ジョイナステラス二俣川,神奈川県,横浜市旭区,神奈川県横浜市旭区二俣川2丁目50-14,35.461472,139.532791,https://www.google.com/maps/search/?api=1&query=ジョイナステラス二俣川,Google Maps名称検索の所在地を優先し県市を補正
新越谷VARIE(新越谷ヴァリエ),埼玉県,越谷市,found_google_maps_preferred,新越谷VARIE(新越谷ヴァリエ),埼玉県,越谷市,埼玉県越谷市南越谷1丁目11-4,35.875111,139.789734,https://www.google.com/maps/search/?api=1&query=新越谷VARIE,Google Maps名称検索で施設一致
笠間ショッピングセンターポレポレシティ (イオン笠間店、ボレポレシティ),茨城県,笠間市,found_google_maps_preferred,笠間ショッピングセンターポレポレシティ(イオン笠間店),茨城県,笠間市,茨城県笠間市赤坂8,36.390781,140.250519,https://www.google.com/maps/search/?api=1&query=ポレポレシティ%20イオン笠間店,Google Mapsで部分一致する施設を優先。ボレポレをポレポレに補正
Loharu津田沼(ロハル津田沼),千葉県,習志野市,found_google_maps_preferred,Loharu津田沼(ロハル津田沼),千葉県,習志野市,千葉県習志野市谷津7丁目7-1,35.690872,140.019409,https://www.google.com/maps/search/?api=1&query=Loharu津田沼,Google Maps名称検索で施設一致
フォレストモール富士河口湖,山梨県,南都留郡富士河口湖町,found_google_maps_preferred,フォレストモール富士河口湖,山梨県,富士河口湖町,山梨県南都留郡富士河口湖町小立8017-1,35.49102,138.741959,https://www.google.com/maps/search/?api=1&query=フォレストモール富士河口湖,Google Maps名称検索で施設一致
BiVi福岡(ビビ福岡),福岡県,福岡市中央区,found_google_maps_preferred,BiVi福岡(ビビ福岡),福岡県,福岡市中央区,福岡県福岡市中央区渡辺通4丁目1-36,33.585526,130.403015,https://www.google.com/maps/search/?api=1&query=BiVi福岡,Google Maps名称検索で施設一致
イトーヨーカドー武蔵小金井店,東京都,小金井市,found_google_maps_preferred,イトーヨーカドー武蔵小金井店,東京都,小金井市,東京都小金井市本町6丁目14-9,35.700085,139.505447,https://www.google.com/maps/search/?api=1&query=イトーヨーカドー武蔵小金井店,Google Maps名称検索で施設一致
イトーヨーカドー津久野店,大阪府,堺市西区,found_google_maps_preferred,イトーヨーカドー津久野店,大阪府,堺市西区,大阪府堺市西区下田町20-1,34.54179,135.464508,https://www.google.com/maps/search/?api=1&query=イトーヨーカドー津久野店,Google Maps名称検索で施設一致
ショッピングプラザ・アピア、アル・プラザハ日市,滋賀県,東近江市,found_google_maps_preferred,ショッピングプラザ・アピア、アル・プラザ八日市,滋賀県,東近江市,滋賀県東近江市八日市浜野町3-1,35.114456,136.196274,https://www.google.com/maps/search/?api=1&query=アル・プラザ八日市,Google Mapsで部分一致する施設を優先。ハ日市を八日市に補正
ゆめタウン丹波,兵庫県,丹波市,found_google_maps_preferred,ゆめタウン丹波,兵庫県,丹波市,兵庫県丹波市氷上町本郷300,35.158817,135.045944,https://www.google.com/maps/search/?api=1&query=ゆめタウン丹波,Google Maps名称検索で施設一致
プランチ博多パピヨンガーデン,愛媛県,西条市,found_google_maps_preferred,ブランチ博多パピヨンガーデン,福岡県,福岡市博多区,福岡県福岡市博多区千代1丁目2-1,33.600399,130.41954,https://www.google.com/maps/search/?api=1&query=ブランチ博多パピヨンガーデン,Google Mapsで部分一致する施設を優先。プランチをブランチに補正し県市も補正
ショッピングタウン アスパ高砂(イオン高砂店),兵庫県,高砂市,found_google_maps_preferred,ショッピングタウン アスパ高砂(イオン高砂店),兵庫県,高砂市,兵庫県高砂市緑丘2丁目1-40,34.76865,134.802032,https://www.google.com/maps/search/?api=1&query=アスパ高砂%20イオン高砂店,Google Maps名称検索で施設一致
ビバモール赤問,福岡県,宗像市,found_google_maps_preferred,ビバモール赤間,福岡県,宗像市,福岡県宗像市田久2丁目1-1,33.805237,130.568909,https://www.google.com/maps/search/?api=1&query=ビバモール赤間,Google Mapsで部分一致する施設を優先。赤問を赤間に補正
サンシティ(越谷コミュニティプラザ),埼玉県,越谷市,found_google_maps_preferred,サンシティ(越谷コミュニティプラザ),埼玉県,越谷市,埼玉県越谷市南越谷1丁目2876-1,35.873638,139.790298,https://www.google.com/maps/search/?api=1&query=サンシティ%20越谷コミュニティプラザ,Google Maps名称検索で施設一致
ヨドバシ吉祥寺,東京都,武蔵野市,found_google_maps_preferred,ヨドバシ吉祥寺,東京都,武蔵野市,東京都武蔵野市吉祥寺本町1丁目19-1,35.704605,139.581177,https://www.google.com/maps/search/?api=1&query=ヨドバシ吉祥寺,Google Maps名称検索で施設一致
グリーンプラザ大安(イオン大安店),三重県,いなべ市,found_google_maps_preferred,グリーンプラザ大安(イオン大安店),三重県,いなべ市,三重県いなべ市大安町高柳1945,35.109581,136.543777,https://www.google.com/maps/search/?api=1&query=グリーンプラザ大安%20イオン大安店,Google Maps名称検索で施設一致
グランエミオ所沢,群馬県,高崎市,found_google_maps_preferred,グランエミオ所沢,埼玉県,所沢市,埼玉県所沢市くすのき台1丁目14-5,35.78746,139.473984,https://www.google.com/maps/search/?api=1&query=グランエミオ所沢,Google Maps名称検索の所在地を優先し県市を補正
WATSU (ワッツ),埼玉県,さいたま市岩槻区,found_google_maps_preferred,WATSU(ワッツ),埼玉県,さいたま市岩槻区,埼玉県さいたま市岩槻区本町3丁目2-5,35.950104,139.693756,https://www.google.com/maps/search/?api=1&query=WATSU%20岩槻,Google Maps名称検索で施設一致
御彩クラッセ,兵庫県,神戸市東灘区,found_google_maps_preferred,御影クラッセ,兵庫県,神戸市東灘区,兵庫県神戸市東灘区御影中町3丁目2-1,34.716091,135.254868,https://www.google.com/maps/search/?api=1&query=御影クラッセ,Google Mapsで部分一致する施設を優先。御彩を御影に補正
ショッピングセンターリバーナ(イオン名張店),三重県,名張市,found_google_maps_preferred,ショッピングセンターリバーナ(イオン名張店),三重県,名張市,三重県名張市元町376,34.621517,136.087616,https://www.google.com/maps/search/?api=1&query=ショッピングセンターリバーナ%20イオン名張店,Google Maps名称検索で施設一致
イオンスタイル尼崎,兵庫県,尼崎市,found_google_maps_preferred,イオンスタイル尼崎,兵庫県,尼崎市,兵庫県尼崎市次屋3丁目13-18,34.743145,135.441559,https://www.google.com/maps/search/?api=1&query=イオンスタイル尼崎,Google Maps名称検索で施設一致
入善ショッピングセンター・コスモ21,富山県,下新川郡入善町,found_google_maps_preferred,入善ショッピングセンター・コスモ21,富山県,入善町,富山県下新川郡入善町椚山1336,36.941509,137.514328,https://www.google.com/maps/search/?api=1&query=入善ショッピングセンター%20コスモ21,Google Maps名称検索で施設一致
パトリア桶川店(おけがわマイン),埼玉県,桶川市,found_google_maps_preferred,パトリア桶川店(おけがわマイン),埼玉県,桶川市,埼玉県桶川市若宮1丁目5-2,35.998508,139.563095,https://www.google.com/maps/search/?api=1&query=パトリア桶川店%20おけがわマイン,Google Maps名称検索で施設一致
金沢百番街,石川県,金沢市,found_google_maps_preferred,金沢百番街,石川県,金沢市,石川県金沢市木ノ新保町1-1,36.577168,136.647675,https://www.google.com/maps/search/?api=1&query=金沢百番街,Google Maps名称検索で施設一致
アマ・ドゥ,兵庫県,尼崎市,found_google_maps_preferred,アマ・ドゥ,兵庫県,尼崎市,兵庫県尼崎市道意町7丁目1,34.712391,135.398254,https://www.google.com/maps/search/?api=1&query=アマ・ドゥ,Google Maps名称検索で施設一致
やしろショッピングパークBio(イオン社店),兵庫県,加東市,found_google_maps_preferred,やしろショッピングパークBio(イオン社店),兵庫県,加東市,兵庫県加東市社1126-1,34.915024,134.9608,https://www.google.com/maps/search/?api=1&query=やしろショッピングパークBio%20イオン社店,Google Maps名称検索で施設一致
浅草EKIMISE,千葉県,流山市,found_google_maps_preferred,浅草EKIMISE,東京都,台東区,東京都台東区花川戸1丁目4-1,35.71122,139.797836,https://www.google.com/maps/search/?api=1&query=浅草EKIMISE,Google Maps名称検索の所在地を優先し県市を補正
アビタ金沢店,石川県,金沢市,found_google_maps_preferred,アピタ金沢店,石川県,金沢市,石川県金沢市中村町10-20,36.558949,136.642685,https://www.google.com/maps/search/?api=1&query=アピタ金沢店,Google Mapsで部分一致する施設を優先。アビタをアピタに補正
SeclassF塚 (サクラス戸塚),東京都,多摩市,found_google_maps_preferred,サクラス戸塚,神奈川県,横浜市戸塚区,神奈川県横浜市戸塚区戸塚町4253-1,35.401123,139.531067,https://www.google.com/maps/search/?api=1&query=サクラス戸塚,Google Mapsで部分一致する施設を優先し県市を補正
ホームセンターコーナン川崎小田店,神奈川県,川崎市川崎区,found_google_maps_preferred,ホームセンターコーナン川崎小田店,神奈川県,川崎市川崎区,神奈川県川崎市川崎区小田栄2丁目3-1,35.513927,139.710098,https://www.google.com/maps/search/?api=1&query=ホームセンターコーナン川崎小田店,Google Maps名称検索で施設一致
イオン南松本店,長野県,松本市,found_google_maps_preferred,イオン南松本店,長野県,松本市,長野県松本市双葉5-20,36.207344,137.966034,https://www.google.com/maps/search/?api=1&query=イオン南松本店,Google Maps名称検索で施設一致
イオンタウン成田富里,千葉県,成田市,found_google_maps_preferred,イオンタウン成田富里,千葉県,成田市,千葉県成田市東町133,35.778004,140.323456,https://www.google.com/maps/search/?api=1&query=イオンタウン成田富里,Google Maps名称検索で施設一致
GLOBO (グローボ)、ファッションスクエア蘇我,千葉県,千葉市中央区,found_google_maps_preferred,GLOBO(グローボ)、ファッションスクエア蘇我,千葉県,千葉市中央区,千葉県千葉市中央区川崎町1-34,35.574673,140.12413,https://www.google.com/maps/search/?api=1&query=GLOBO%20グローボ%20ファッションスクエア蘇我,Google Maps名称検索で施設一致
イトーヨーカドー 甲府昭和店,山梨県,中巨摩郡昭和町,found_google_maps_preferred,イトーヨーカドー甲府昭和店,山梨県,昭和町,山梨県中巨摩郡昭和町西条13-1,35.635384,138.537491,https://www.google.com/maps/search/?api=1&query=イトーヨーカドー甲府昭和店,Google Maps名称検索で施設一致
イオン焼津店,静岡県,焼津市,found_google_maps_preferred,イオン焼津店,静岡県,焼津市,静岡県焼津市祢宜島555,34.839287,138.309357,https://www.google.com/maps/search/?api=1&query=イオン焼津店,Google Maps名称検索で施設一致
ユアエルムハ千代台店,千葉県,八千代市,found_google_maps_preferred,ユアエルム八千代台店,千葉県,八千代市,千葉県八千代市八千代台東1丁目1-10,35.700851,140.092453,https://www.google.com/maps/search/?api=1&query=ユアエルム八千代台店,Google Mapsで部分一致する施設を優先。ハを八に補正
イオン間ショッピングセンター,大分県,由布市,found_google_maps_preferred,イオン挾間ショッピングセンター,大分県,由布市,大分県由布市挾間町北方77,33.206524,131.522598,https://www.google.com/maps/search/?api=1&query=イオン挾間ショッピングセンター,Google Mapsで部分一致する施設を優先。間を挾間に補正
フルルガーデンハ千代,千葉県,八千代市,found_google_maps_preferred,フルルガーデン八千代,千葉県,八千代市,千葉県八千代市村上南1丁目4-1,35.721104,140.117508,https://www.google.com/maps/search/?api=1&query=フルルガーデン八千代,Google Mapsで部分一致する施設を優先。ハ千代を八千代に補正
イトーヨーカドーハ王子店,東京都,八王子市,found_google_maps_preferred,イトーヨーカドー八王子店,東京都,八王子市,東京都八王子市狭間町1462-1,35.637585,139.292969,https://www.google.com/maps/search/?api=1&query=イトーヨーカドー八王子店,Google Mapsで部分一致する施設を優先。ハ王子を八王子に補正
大宮RAKUUN (大宮ラクーン),埼玉県,さいたま市大宮区,found_google_maps_preferred,大宮RAKUUN(大宮ラクーン),埼玉県,さいたま市大宮区,埼玉県さいたま市大宮区宮町1丁目60,35.907829,139.625732,https://www.google.com/maps/search/?api=1&query=大宮RAKUUN,Google Maps名称検索で施設一致
ルミネ北千住,千葉県,流山市,found_google_maps_preferred,ルミネ北千住,東京都,足立区,東京都足立区千住旭町42-2,35.752808,139.806046,https://www.google.com/maps/search/?api=1&query=ルミネ北千住,Google Maps名称検索の所在地を優先し県市を補正
アピア逆瀬川(アピア1、アピア2),兵庫県,宝塚市,found_google_maps_preferred,アピア逆瀬川(アピア1、アピア2),兵庫県,宝塚市,兵庫県宝塚市逆瀬川1丁目11-1,34.797989,135.351608,https://www.google.com/maps/search/?api=1&query=アピア逆瀬川,Google Maps名称検索で施設一致
清水屋藤ケ丘店,静岡県,静岡市葵区,found_google_maps_preferred,清水屋藤ヶ丘店,愛知県,名古屋市守山区,愛知県名古屋市守山区森孝東1丁目509,35.191322,137.020264,https://www.google.com/maps/search/?api=1&query=清水屋藤ヶ丘店,Google Maps名称検索の所在地を優先し県市を補正
イオン名護ショッピングセンター,沖縄県,名護市,found_google_maps_preferred,イオン名護ショッピングセンター,沖縄県,名護市,沖縄県名護市字名護見取川原4472,26.610247,127.984612,https://www.google.com/maps/search/?api=1&query=イオン名護ショッピングセンター,Google Maps名称検索で施設一致
COTOE 流山おおたかの森(コト工流山おおたかの森),千葉県,市川市,found_google_maps_preferred,COTOE流山おおたかの森(コトエ流山おおたかの森),千葉県,流山市,千葉県流山市おおたかの森西1丁目15-3,35.872856,139.921661,https://www.google.com/maps/search/?api=1&query=COTOE%20流山おおたかの森,Google Maps名称検索の所在地を優先し県市を補正。コト工をコトエに補正
ビアーレ*花台,愛知県,小牧市,found_google_maps_preferred,ピアーレ桃花台,愛知県,小牧市,愛知県小牧市古雅1丁目1,35.301075,136.982971,https://www.google.com/maps/search/?api=1&query=ピアーレ桃花台,Google Mapsで部分一致する施設を優先。ビアーレ*花台をピアーレ桃花台に補正
イオン喜連瓜破ショッピングセンター,大阪府,大阪市平野区,found_google_maps_preferred,イオン喜連瓜破ショッピングセンター,大阪府,大阪市平野区,大阪府大阪市平野区瓜破2丁目1-13,34.609097,135.551666,https://www.google.com/maps/search/?api=1&query=イオン喜連瓜破ショッピングセンター,Google Maps名称検索で施設一致
アピタ東海荒尾店,愛知県,東海市,found_google_maps_preferred,アピタ東海荒尾店,愛知県,東海市,愛知県東海市荒尾町山王前60,35.037498,136.904816,https://www.google.com/maps/search/?api=1&query=アピタ東海荒尾店,Google Maps名称検索で施設一致
ダイエー神戸三宮店、三宮オーパ2,兵庫県,神戸市中央区,found_google_maps_preferred,ダイエー神戸三宮店、三宮オーパ2,兵庫県,神戸市中央区,兵庫県神戸市中央区雲井通6丁目1-15,34.695,135.196228,https://www.google.com/maps/search/?api=1&query=ダイエー神戸三宮店%20三宮オーパ2,Google Maps名称検索で施設一致
ルミネ大宮2,埼玉県,さいたま市大宮区,found_google_maps_preferred,ルミネ大宮2,埼玉県,さいたま市大宮区,埼玉県さいたま市大宮区錦町630,35.904289,139.624069,https://www.google.com/maps/search/?api=1&query=ルミネ大宮2,Google Maps名称検索で施設一致
イオン中仙店,秋田県,大仙市,found_google_maps_preferred,イオン中仙店,秋田県,大仙市,秋田県大仙市北長野字袴田188,39.551289,140.550674,https://www.google.com/maps/search/?api=1&query=イオン中仙店,Google Maps名称検索で施設一致
MrMax町]田多摩境ショッピングセンター,東京都,町田市,found_google_maps_preferred,MrMax町田多摩境ショッピングセンター,東京都,町田市,東京都町田市小山ヶ丘6丁目1-10,35.607174,139.347885,https://www.google.com/maps/search/?api=1&query=MrMax町田多摩境ショッピングセンター,Google Mapsで部分一致する施設を優先。町]田を町田に補正
APITAパワー岩倉店,愛知県,岩倉市,found_google_maps_preferred,APITAパワー岩倉店,愛知県,岩倉市,愛知県岩倉市旭町1丁目25,35.276749,136.872086,https://www.google.com/maps/search/?api=1&query=APITAパワー岩倉店,Google Maps名称検索で施設一致
ゆめタウンみゆき,広島県,広島市南区,found_google_maps_preferred,ゆめタウンみゆき,広島県,広島市南区,広島県広島市南区宇品西6丁目7-14,34.358265,132.457565,https://www.google.com/maps/search/?api=1&query=ゆめタウンみゆき,Google Maps名称検索で施設一致
MEGAドン・キホーテUNY砺波店,富山県,砺波市,found_google_maps_preferred,MEGAドン・キホーテUNY砺波店,富山県,砺波市,富山県砺波市太郎丸3丁目69,36.629055,136.958969,https://www.google.com/maps/search/?api=1&query=MEGAドン・キホーテUNY砺波店,Google Maps名称検索で施設一致
フィール・パールシティ,愛知県,稲沢市,found_google_maps_preferred,フィール・パールシティ,愛知県,稲沢市,愛知県稲沢市井之口大坪町80-1,35.236794,136.819061,https://www.google.com/maps/search/?api=1&query=フィール・パールシティ,Google Maps名称検索で施設一致
イオンタウン天理,奈良県,天理市,found_google_maps_preferred,イオンタウン天理,奈良県,天理市,奈良県天理市東井戸堂町381,34.590469,135.825333,https://www.google.com/maps/search/?api=1&query=イオンタウン天理,Google Maps名称検索で施設一致
なるばーく,静岡県,静岡市葵区,found_google_maps_preferred,なるぱーく,愛知県,名古屋市緑区,愛知県名古屋市緑区浦里3丁目232,35.084526,136.946701,https://www.google.com/maps/search/?api=1&query=なるぱーく,Google Mapsで部分一致する施設を優先し県市を補正
イオン鹿児島中央店,鹿児島県,鹿児島市,found_google_maps_preferred,イオン鹿児島中央店,鹿児島県,鹿児島市,鹿児島県鹿児島市中央町10,31.584639,130.544479,https://www.google.com/maps/search/?api=1&query=イオン鹿児島中央店,Google Maps名称検索で施設一致
イオン岡垣ショッピングセンター,福岡県,遠賀郡岡垣町,found_google_maps_preferred,イオン岡垣ショッピングセンター,福岡県,岡垣町,福岡県遠賀郡岡垣町大字黒山338-1,33.862453,130.630966,https://www.google.com/maps/search/?api=1&query=イオン岡垣ショッピングセンター,Google Maps名称検索で施設一致
イオン新宮店,和歌山県,新宮市,found_google_maps_preferred,イオン新宮店,和歌山県,新宮市,和歌山県新宮市橋本2丁目14-23,33.71384,135.990524,https://www.google.com/maps/search/?api=1&query=イオン新宮店,Google Maps名称検索で施設一致
那珂コミュニティプラザ、サンモリノ那珂,茨城県,那珂市,found_google_maps_preferred,那珂コミュニティプラザ、サンモリノ那珂,茨城県,那珂市,茨城県那珂市菅谷1618-2,36.429634,140.512695,https://www.google.com/maps/search/?api=1&query=サンモリノ那珂,Google Maps名称検索で施設一致
大手町ビルヂング,東京都,千代田区,found_google_maps_preferred,大手町ビルヂング,東京都,千代田区,東京都千代田区大手町1丁目6-1,35.68644,139.764771,https://www.google.com/maps/search/?api=1&query=大手町ビルヂング,Google Maps名称検索で施設一致
イーストコア曳舟商業館(イトーヨーカドー曳舟店),千葉県,流山市,found_google_maps_preferred,イーストコア曳舟商業館(イトーヨーカドー曳舟店),東京都,墨田区,東京都墨田区京島1丁目2-1,35.717327,139.817184,https://www.google.com/maps/search/?api=1&query=イーストコア曳舟商業館%20イトーヨーカドー曳舟店,Google Maps名称検索の所在地を優先し県市を補正
リヴィンよこすか,神奈川県,横須賀市,found_google_maps_preferred,リヴィンよこすか,神奈川県,横須賀市,神奈川県横須賀市平成町3丁目21-4,35.275951,139.682816,https://www.google.com/maps/search/?api=1&query=リヴィンよこすか,Google Maps名称検索で施設一致
静岡PARCO,長野県,茅野市,found_google_maps_preferred,静岡PARCO,静岡県,静岡市葵区,静岡県静岡市葵区紺屋町6-7,34.972866,138.385696,https://www.google.com/maps/search/?api=1&query=静岡PARCO,Google Maps名称検索の所在地を優先し県市を補正
ミッドランドスクエア,静岡県,静岡市葵区,found_google_maps_preferred,ミッドランドスクエア,愛知県,名古屋市中村区,愛知県名古屋市中村区名駅4丁目7-1,35.170773,136.885635,https://www.google.com/maps/search/?api=1&query=ミッドランドスクエア,Google Maps名称検索の所在地を優先し県市を補正
なんばマルイ,京都府,亀岡市,found_google_maps_preferred,なんばマルイ,大阪府,大阪市中央区,大阪府大阪市中央区難波3丁目8-9,34.665363,135.501114,https://www.google.com/maps/search/?api=1&query=なんばマルイ,Google Maps名称検索の所在地を優先し県市を補正
イオンタウン増田,静岡県,磐田市,found_google_maps_preferred,イオンタウン磐田,静岡県,磐田市,静岡県磐田市西貝塚横須賀道北3690,34.728737,137.876541,https://www.google.com/maps/search/?api=1&query=イオンタウン磐田,Google Mapsで部分一致する施設を優先。増田を磐田に補正
CORED0室町(コレド室町),千葉県,流山市,found_google_maps_preferred,COREDO室町(コレド室町),東京都,中央区,東京都中央区日本橋室町2丁目2-1,35.686451,139.774048,https://www.google.com/maps/search/?api=1&query=COREDO室町,Google Mapsで部分一致する施設を優先。CORED0をCOREDOに補正し県市も補正
クロス21UTO,熊本県,宇土市,found_google_maps_preferred,クロス21UTO,熊本県,宇土市,熊本県宇土市水町50-1,32.691097,130.67276,https://www.google.com/maps/search/?api=1&query=クロス21UTO,Google Maps名称検索で施設一致
ソリオ宝塚(ソリオ1),兵庫県,宝塚市,found_google_maps_preferred,ソリオ宝塚(ソリオ1),兵庫県,宝塚市,兵庫県宝塚市栄町2丁目1-1,34.809742,135.34169,https://www.google.com/maps/search/?api=1&query=ソリオ宝塚,Google Maps名称検索で施設一致
東京イースト21,千葉県,流山市,found_google_maps_preferred,東京イースト21,東京都,江東区,東京都江東区東陽6丁目3-2,35.675587,139.814056,https://www.google.com/maps/search/?api=1&query=東京イースト21,Google Maps名称検索の所在地を優先し県市を補正
クロスガーデン川崎,神奈川県,川崎市幸区,found_google_maps_preferred,クロスガーデン川崎,神奈川県,川崎市幸区,神奈川県川崎市幸区小倉5丁目19-23,35.535603,139.66713,https://www.google.com/maps/search/?api=1&query=クロスガーデン川崎,Google Maps名称検索で施設一致
コアキタマチショッピングセンター,兵庫県,神戸市北区,found_google_maps_preferred,コアキタマチショッピングセンター,兵庫県,神戸市北区,兵庫県神戸市北区日の峰2丁目6,34.756676,135.143616,https://www.google.com/maps/search/?api=1&query=コアキタマチショッピングセンター,Google Maps名称検索で施設一致
ショッピングスクエア クラスポ蒲郡,愛知県,蒲郡市,found_google_maps_preferred,ショッピングスクエア クラスポ蒲郡,愛知県,蒲郡市,愛知県蒲郡市鹿島町浅井新田1-26,34.811646,137.195023,https://www.google.com/maps/search/?api=1&query=ショッピングスクエア%20クラスポ蒲郡,Google Maps名称検索で施設一致
日吉東急アベニュー,神奈川県,横浜市港北区,found_google_maps_preferred,日吉東急アベニュー,神奈川県,横浜市港北区,神奈川県横浜市港北区日吉2丁目1-1,35.553596,139.646652,https://www.google.com/maps/search/?api=1&query=日吉東急アベニュー,Google Maps名称検索で施設一致
パワーセンターワッセ,福井県,福井市,found_google_maps_preferred,パワーセンターワッセ,福井県,福井市,福井県福井市久喜津町52-11,36.054066,136.175446,https://www.google.com/maps/search/?api=1&query=パワーセンターワッセ,Google Maps名称検索で施設一致
セントラルシティ和歌山,和歌山県,和歌山市,found_google_maps_preferred,セントラルシティ和歌山,和歌山県,和歌山市,和歌山県和歌山市小雑賀805-1,34.195683,135.18364,https://www.google.com/maps/search/?api=1&query=セントラルシティ和歌山,Google Maps名称検索で施設一致
トキハインダストリー佐伯店,大分県,佐伯市,found_google_maps_preferred,トキハインダストリー佐伯店,大分県,佐伯市,大分県佐伯市大字池田2064,32.943127,131.900757,https://www.google.com/maps/search/?api=1&query=トキハインダストリー佐伯店,Google Maps名称検索で施設一致
パトリアせんげん台店(イオンスタイルせんげん台),埼玉県,越谷市,found_google_maps_preferred,パトリアせんげん台店(イオンスタイルせんげん台),埼玉県,越谷市,埼玉県越谷市千間台西3丁目2-12,35.933365,139.766891,https://www.google.com/maps/search/?api=1&query=パトリアせんげん台店%20イオンスタイルせんげん台,Google Maps名称検索で施設一致
アビタ木更津店,千葉県,木更津市,found_google_maps_preferred,アピタ木更津店,千葉県,木更津市,千葉県木更津市ほたる野4丁目2番48,35.375458,139.962631,https://www.google.com/maps/search/?api=1&query=アピタ木更津店,Google Mapsで部分一致する施設を優先。アビタをアピタに補正
戸塚モディ,東京都,多摩市,found_google_maps_preferred,戸塚モディ,神奈川県,横浜市戸塚区,神奈川県横浜市戸塚区戸塚町10,35.400505,139.534561,https://www.google.com/maps/search/?api=1&query=戸塚モディ,Google Maps名称検索の所在地を優先し県市を補正
イオンタウン久山,京都府,久世郡久御山町,found_google_maps_preferred,イオンタウン久御山,京都府,久御山町,京都府久世郡久御山町森大内337,34.895367,135.746368,https://www.google.com/maps/search/?api=1&query=イオンタウン久御山,Google Mapsで部分一致する施設を優先。久山を久御山に補正
カインズ常滑店,愛知県,常滑市,found_google_maps_preferred,カインズ常滑店,愛知県,常滑市,愛知県常滑市虹の丘3丁目152番,34.903038,136.838028,https://www.google.com/maps/search/?api=1&query=カインズ常滑店,Google Maps名称検索で施設一致
Super Center Feel (スーパーセンターフィール),群馬県,藤岡市,found_google_maps_preferred,Super Center Feel (スーパーセンターフィール),群馬県,藤岡市,群馬県藤岡市中栗須390番地,36.261181,139.072433,https://www.google.com/maps/search/?api=1&query=Super%20Center%20Feel%20%E3%82%B9%E3%83%BC%E3%83%91%E3%83%BC%E3%82%BB%E3%83%B3%E3%82%BF%E3%83%BC%E3%83%95%E3%82%A3%E3%83%BC%E3%83%AB,Google Maps名称検索で施設一致
フォレオ博多,愛媛県,西条市,found_google_maps_preferred,フォレオ博多,福岡県,福岡市博多区,福岡県福岡市博多区東那珂1丁目14-46,33.573627,130.440002,https://www.google.com/maps/search/?api=1&query=フォレオ博多,Google Maps名称検索の所在地を優先し県市を補正
兵庫 県 リブ,兵庫県,神戸市東灘区,found_google_maps_preferred,Liv(リブ住吉),兵庫県,神戸市東灘区,兵庫県神戸市東灘区住吉本町1-2-1,34.719433,135.260788,https://www.google.com/maps/search/?api=1&query=Liv%20%E3%83%AA%E3%83%96%E4%BD%8F%E5%90%89,Google Mapsで部分一致する施設を優先しOCR名を補正
イオンスタイルだこ浦西駅前,沖縄県,浦添市,found_google_maps_preferred,イオンスタイルてだこ浦西駅前,沖縄県,浦添市,沖縄県浦添市前田3丁目19-40,26.242615,127.741432,https://www.google.com/maps/search/?api=1&query=イオンスタイルてだこ浦西駅前,Google Mapsで部分一致する施設を優先。だこをてだこに補正
イオン大木店,福岡県,三潴郡大木町,found_google_maps_preferred,イオン大木店,福岡県,大木町,福岡県三潴郡大木町蛭池1200,33.214516,130.451813,https://www.google.com/maps/search/?api=1&query=イオン大木店,Google Maps名称検索で施設一致
マルナカ徳島店,徳島県,徳島市,found_google_maps_preferred,マルナカ徳島店,徳島県,徳島市,徳島県徳島市西新浜町1丁目6-1,34.043591,134.559723,https://www.google.com/maps/search/?api=1&query=マルナカ徳島店,Google Maps名称検索で施設一致
イオン葛西店,千葉県,流山市,found_google_maps_preferred,イオン葛西店,東京都,江戸川区,東京都江戸川区西葛西3丁目9-19,35.669868,139.858429,https://www.google.com/maps/search/?api=1&query=イオン葛西店,Google Maps名称検索の所在地を優先し県市を補正
上野マルイ,千葉県,流山市,found_google_maps_preferred,上野マルイ,東京都,台東区,東京都台東区上野6丁目15-1,35.710232,139.775787,https://www.google.com/maps/search/?api=1&query=上野マルイ,Google Maps名称検索の所在地を優先し県市を補正
イトーヨーカドー津田沼店,千葉県,習志野市,found_google_maps_preferred,イトーヨーカドー津田沼店,千葉県,習志野市,千葉県習志野市津田沼1丁目10-30,35.689766,140.023468,https://www.google.com/maps/search/?api=1&query=イトーヨーカドー津田沼店,Google Maps名称検索で施設一致
イオン八事店,静岡県,静岡市葵区,found_google_maps_preferred,イオン八事店,愛知県,名古屋市昭和区,愛知県名古屋市昭和区広路町石坂2-1,35.137169,136.962418,https://www.google.com/maps/search/?api=1&query=イオン八事店,Google Maps名称検索の所在地を優先し県市を補正
三井ショッピングパーク ららテラス北綾瀬,千葉県,流山市,found_google_maps_preferred,三井ショッピングパーク ららテラス北綾瀬,東京都,足立区,東京都足立区谷中4丁目8-1,35.777691,139.831268,https://www.google.com/maps/search/?api=1&query=三井ショッピングパーク%20ららテラス北綾瀬,Google Maps名称検索の所在地を優先し県市を補正
イトーヨーカドー立場店,東京都,多摩市,found_google_maps_preferred,イトーヨーカドー立場店,神奈川県,横浜市泉区,神奈川県横浜市泉区中田西1丁目1-15,35.414616,139.499939,https://www.google.com/maps/search/?api=1&query=イトーヨーカドー立場店,Google Maps名称検索の所在地を優先し県市を補正
MEGAドン・キホーテUNY魚津店,富山県,魚津市,found_google_maps_preferred,MEGAドン・キホーテUNY魚津店,富山県,魚津市,富山県魚津市住吉600,36.806725,137.406265,https://www.google.com/maps/search/?api=1&query=MEGAドン・キホーテUNY魚津店,Google Maps名称検索で施設一致
スーパーモール佐久平,長野県,佐久市,found_google_maps_preferred,スーパーモール佐久平,長野県,佐久市,長野県佐久市佐久平駅南11-10,36.275497,138.464325,https://www.google.com/maps/search/?api=1&query=スーパーモール佐久平,Google Maps名称検索で施設一致
イオンタウンさくら,栃木県,さくら市,found_google_maps_preferred,イオンタウンさくら,栃木県,さくら市,栃木県さくら市櫻野1551,36.689754,139.979462,https://www.google.com/maps/search/?api=1&query=イオンタウンさくら,Google Maps名称検索で施設一致
イオンフードスタイル新松戸店,千葉県,松戸市,found_google_maps_preferred,イオンフードスタイル新松戸店,千葉県,松戸市,千葉県松戸市新松戸3丁目2-2,35.825249,139.916031,https://www.google.com/maps/search/?api=1&query=イオンフードスタイル新松戸店,Google Maps名称検索で施設一致
イオンタウン西熊本,熊本県,熊本市西区,found_google_maps_preferred,イオンタウン西熊本,熊本県,熊本市南区,熊本県熊本市南区上ノ郷2丁目16-1,32.764214,130.685272,https://www.google.com/maps/search/?api=1&query=イオンタウン西熊本,Google Maps名称検索の所在地を優先し市区を補正
上越モール,新潟県,上越市,found_google_maps_preferred,上越モール,新潟県,上越市,新潟県上越市とよば239-1,37.147865,138.236099,https://www.google.com/maps/search/?api=1&query=上越モール,Google Maps名称検索で施設一致
常陸大宮ショッピングセンターピサーロ,茨城県,常陸大宮市,found_google_maps_preferred,常陸大宮ショッピングセンターピサーロ,茨城県,常陸大宮市,茨城県常陸大宮市下村田2387,36.520081,140.427032,https://www.google.com/maps/search/?api=1&query=常陸大宮ショッピングセンターピサーロ,Google Maps名称検索で施設一致
イオン三木店,兵庫県,三木市,found_google_maps_preferred,イオン三木店,兵庫県,三木市,兵庫県三木市大村163,34.805325,134.972443,https://www.google.com/maps/search/?api=1&query=イオン三木店,Google Maps名称検索で施設一致
イオンタウン宮雄南,奈良県,奈良市,found_google_maps_preferred,イオンタウン富雄南,奈良県,奈良市,奈良県奈良市石木町100-1,34.664989,135.760086,https://www.google.com/maps/search/?api=1&query=イオンタウン富雄南,Google Mapsで部分一致する施設を優先。宮雄南を富雄南に補正
アヤハプラザ水ロ,滋賀県,甲賀市,found_google_maps_preferred,アヤハプラザ水口,滋賀県,甲賀市,滋賀県甲賀市水口町水口5555,34.964115,136.171402,https://www.google.com/maps/search/?api=1&query=アヤハプラザ水口,Google Mapsで部分一致する施設を優先。水ロを水口に補正
SI Palace Yard(シピィ),福井県,越前市,found_google_maps_preferred,SIPY(シピィ),福井県,越前市,福井県越前市新町7-8,35.904217,136.152344,https://www.google.com/maps/search/?api=1&query=SIPY%20シピィ,Google Mapsで部分一致する施設を優先し正式名へ補正
ナディア・パーク (クレアーレほか),静岡県,静岡市葵区,found_google_maps_preferred,ナディア・パーク (クレアーレほか),愛知県,名古屋市中区,愛知県名古屋市中区栄3丁目18-1,35.165794,136.904938,https://www.google.com/maps/search/?api=1&query=ナディア・パーク,Google Maps名称検索の所在地を優先し県市を補正
KITTE大阪(キッテ大阪),京都府,亀岡市,found_google_maps_preferred,KITTE大阪(キッテ大阪),大阪府,大阪市北区,大阪府大阪市北区梅田3丁目2-2,34.700523,135.494797,https://www.google.com/maps/search/?api=1&query=KITTE大阪,Google Maps名称検索の所在地を優先し県市を補正
ONE FUKUOKA BLDG.(ワン・フクオカ・ビルディング),福岡県,福岡市中央区,found_google_maps_preferred,ONE FUKUOKA BLDG.(ワン・フクオカ・ビルディング),福岡県,福岡市中央区,福岡県福岡市中央区天神1丁目11-1,33.590576,130.40036,https://www.google.com/maps/search/?api=1&query=ONE%20FUKUOKA%20BLDG.,Google Maps名称検索で施設一致
西友常盤平店,千葉県,松戸市,found_google_maps_preferred,西友常盤平店,千葉県,松戸市,千葉県松戸市常盤平3丁目11-1,35.801994,139.951401,https://www.google.com/maps/search/?api=1&query=西友常盤平店,Google Maps名称検索で施設一致
イオン大館ショッピングセンター (イオンスーパーセンター大館店),秋田県,大館市,found_google_maps_preferred,イオン大館ショッピングセンター (イオンスーパーセンター大館店),秋田県,大館市,秋田県大館市字大田面238,40.286366,140.576981,https://www.google.com/maps/search/?api=1&query=イオンスーパーセンター大館店,Google Maps名称検索で施設一致
グリーンタウンやちまた(イオン八街店),千葉県,八街市,found_google_maps_preferred,グリーンタウンやちまた(イオン八街店),千葉県,八街市,千葉県八街市文違301,35.677696,140.306412,https://www.google.com/maps/search/?api=1&query=グリーンタウンやちまた%20イオン八街店,Google Maps名称検索で施設一致
ザザシティ ハママツ,静岡県,浜松市中区,found_google_maps_preferred,ザザシティ浜松,静岡県,浜松市中央区,静岡県浜松市中央区鍛冶町15,34.703552,137.732422,https://www.google.com/maps/search/?api=1&query=ザザシティ浜松,Google Maps名称検索で施設一致。現在の行政区へ補正
MEGAドン・キホーテ ラパーク金沢店,石川県,金沢市,found_google_maps_preferred,MEGAドン・キホーテ ラパーク金沢店,石川県,金沢市,石川県金沢市西泉4丁目11,36.550514,136.631912,https://www.google.com/maps/search/?api=1&query=MEGAドン・キホーテ%20ラパーク金沢店,Google Maps名称検索で施設一致
QizMal形ヶ崎(クイズモール能ヶ崎),茨城県,龍ヶ崎市,found_google_maps_preferred,QizMALL龍ヶ崎(クイズモール龍ヶ崎),茨城県,龍ケ崎市,茨城県龍ケ崎市小通幸谷町288,35.928211,140.133652,https://www.google.com/maps/search/?api=1&query=QizMALL龍ヶ崎,Google Mapsで部分一致する施設を優先しOCR名を補正
イオン淡路店,兵庫県,淡路市,found_google_maps_preferred,イオン淡路店,兵庫県,淡路市,兵庫県淡路市志筑新島10-2,34.426289,134.904694,https://www.google.com/maps/search/?api=1&query=イオン淡路店,Google Maps名称検索で施設一致
イオン甘木店,福岡県,朝倉市,found_google_maps_preferred,イオン甘木店,福岡県,朝倉市,福岡県朝倉市甘木380,33.405132,130.654816,https://www.google.com/maps/search/?api=1&query=イオン甘木店,Google Maps名称検索で施設一致
西友水口店,滋賀県,甲賀市,found_google_maps_preferred,西友水口店,滋賀県,甲賀市,滋賀県甲賀市水口町水口6084-1,34.965038,136.167679,https://www.google.com/maps/search/?api=1&query=西友水口店,Google Maps名称検索で施設一致
メッツ大当根,愛知県,名古屋市東区,found_google_maps_preferred,メッツ大曽根,愛知県,名古屋市東区,愛知県名古屋市東区矢田2丁目1-95,35.191898,136.940369,https://www.google.com/maps/search/?api=1&query=メッツ大曽根,Google Mapsで部分一致する施設を優先。大当根を大曽根に補正
錦糸町ステーションビル テルミナ,千葉県,流山市,found_google_maps_preferred,錦糸町ステーションビル テルミナ,東京都,墨田区,東京都墨田区江東橋3丁目14-5,35.696247,139.814499,https://www.google.com/maps/search/?api=1&query=錦糸町ステーションビル%20テルミナ,Google Maps名称検索の所在地を優先し県市を補正
イオンタウン有松,静岡県,静岡市葵区,found_google_maps_preferred,イオンタウン有松,愛知県,名古屋市緑区,愛知県名古屋市緑区鳴海町有松裏200,35.067921,136.971954,https://www.google.com/maps/search/?api=1&query=イオンタウン有松,Google Maps名称検索の所在地を優先し県市を補正
ブロメナ神戸,兵庫県,神戸市中央区,found_google_maps_preferred,プロメナ神戸,兵庫県,神戸市中央区,兵庫県神戸市中央区東川崎町1丁目8-1,34.680454,135.181808,https://www.google.com/maps/search/?api=1&query=プロメナ神戸,Google Mapsで部分一致する施設を優先。ブロメナをプロメナに補正
イオン石和店,山梨県,笛吹市,found_google_maps_preferred,イオン石和店,山梨県,笛吹市,山梨県笛吹市石和町駅前16-1,35.656391,138.634552,https://www.google.com/maps/search/?api=1&query=イオン石和店,Google Maps名称検索で施設一致
碑文谷ショッピングセンター(イオンスタイル碑文谷),東京都,目黒区,found_google_maps_preferred,碑文谷ショッピングセンター(イオンスタイル碑文谷),東京都,目黒区,東京都目黒区碑文谷4丁目1-1,35.62278,139.684647,https://www.google.com/maps/search/?api=1&query=イオンスタイル碑文谷,Google Maps名称検索で施設一致
コモタウン PI021,新潟県,新発田市,found_google_maps_preferred,コモタウン PIO21,新潟県,新発田市,新潟県新発田市舟入町3丁目6-20,37.957401,139.303314,https://www.google.com/maps/search/?api=1&query=コモタウン%20PIO21,Google Mapsで部分一致する施設を優先。PI021をPIO21に補正
フレンドタウン交野、カインズ交野店,大阪府,交野市,found_google_maps_preferred,フレンドタウン交野、カインズ交野店,大阪府,交野市,大阪府交野市星田北2丁目13-1,34.773621,135.675735,https://www.google.com/maps/search/?api=1&query=フレンドタウン交野%20カインズ交野店,Google Maps名称検索で施設一致
イオン湯沢ショッピングセンター (イオンスーパーセンター湯沢店),秋田県,湯沢市,found_google_maps_preferred,イオン湯沢ショッピングセンター (イオンスーパーセンター湯沢店),秋田県,湯沢市,秋田県湯沢市字上荻生田162,39.158184,140.465973,https://www.google.com/maps/search/?api=1&query=イオンスーパーセンター湯沢店,Google Maps名称検索で施設一致。GSIは住所近傍点として採用
gate's (ゲイツ),愛媛県,西条市,found_google_maps_preferred,gate's (ゲイツ),福岡県,福岡市博多区,福岡県福岡市博多区中洲3丁目7-24,33.593967,130.405731,https://www.google.com/maps/search/?api=1&query=gate%27s%20%E3%82%B2%E3%82%A4%E3%83%84%20%E7%A6%8F%E5%B2%A1,Google Maps名称検索の所在地を優先し県市を補正
イズミヤショッピングセンター千里丘,大阪府,吹田市,found_google_maps_preferred,イズミヤショッピングセンター千里丘,大阪府,吹田市,大阪府吹田市山田南1-1,34.788815,135.538727,https://www.google.com/maps/search/?api=1&query=イズミヤショッピングセンター千里丘,Google Maps名称検索で施設一致
南アルプスビッグステージショッピングセンター,山梨県,南アルプス市,found_google_maps_preferred,南アルプスビッグステージショッピングセンター,山梨県,南アルプス市,山梨県南アルプス市在家塚580,35.638863,138.472687,https://www.google.com/maps/search/?api=1&query=南アルプスビッグステージショッピングセンター,Google Maps名称検索で施設一致
京都ポルタ,京都府,京都市下京区,found_google_maps_preferred,京都ポルタ,京都府,京都市下京区,京都府京都市下京区東塩小路町902,34.986393,135.75824,https://www.google.com/maps/search/?api=1&query=京都ポルタ,Google Maps名称検索で施設一致
アル・プラザ純岡,京都府,亀岡市,found_google_maps_preferred,アル・プラザ亀岡,京都府,亀岡市,京都府亀岡市篠町野条上又11-1,35.001572,135.60202,https://www.google.com/maps/search/?api=1&query=アル・プラザ亀岡,Google Mapsで部分一致する施設を優先。純岡を亀岡に補正
MEGAドン・キホーテUNY福井店,福井県,福井市,found_google_maps_preferred,MEGAドン・キホーテUNY福井店,福井県,福井市,福井県福井市飯塚町11-111,36.066029,136.183182,https://www.google.com/maps/search/?api=1&query=MEGAドン・キホーテUNY福井店,Google Maps名称検索で施設一致
MrMaxおゆみ野ショッピングセンター,千葉県,千葉市緑区,found_google_maps_preferred,MrMaxおゆみ野ショッピングセンター,千葉県,千葉市緑区,千葉県千葉市緑区おゆみ野中央2丁目3-1,35.555107,140.160767,https://www.google.com/maps/search/?api=1&query=MrMaxおゆみ野ショッピングセンター,Google Maps名称検索で施設一致
なんばウォーク,京都府,亀岡市,found_google_maps_preferred,なんばウォーク,大阪府,大阪市中央区,大阪府大阪市中央区千日前1丁目虹のまち5-1,34.667622,135.504395,https://www.google.com/maps/search/?api=1&query=なんばウォーク,Google Maps名称検索の所在地を優先し県市を補正。GSIは住所近傍点として採用
ラクア緑井,広島県,広島市安佐南区,found_google_maps_preferred,ラクア緑井,広島県,広島市安佐南区,広島県広島市安佐南区緑井5丁目22-1,34.467136,132.478088,https://www.google.com/maps/search/?api=1&query=ラクア緑井,Google Maps名称検索で施設一致
イオン南陽店,静岡県,静岡市葵区,found_google_maps_preferred,イオン南陽店,愛知県,名古屋市港区,愛知県名古屋市港区春田野1丁目330,35.116455,136.816589,https://www.google.com/maps/search/?api=1&query=イオン南陽店,Google Maps名称検索の所在地を優先し県市を補正
アピタ名古屋北店,静岡県,静岡市葵区,found_google_maps_preferred,アピタ名古屋北店,愛知県,名古屋市北区,愛知県名古屋市北区辻町9丁目1,35.209599,136.922699,https://www.google.com/maps/search/?api=1&query=アピタ名古屋北店,Google Maps名称検索の所在地を優先し県市を補正
アビタテラス横浜網島,神奈川県,横浜市港北区,found_google_maps_preferred,アピタテラス横浜綱島,神奈川県,横浜市港北区,神奈川県横浜市港北区綱島東4丁目3-17,35.54195,139.641434,https://www.google.com/maps/search/?api=1&query=アピタテラス横浜綱島,Google Mapsで部分一致する施設を優先。アビタ/網島をアピタ/綱島に補正
イオン姫路店,兵庫県,姫路市,found_google_maps_preferred,イオン姫路店,兵庫県,姫路市,兵庫県姫路市増位本町2丁目12-10,34.857243,134.70639,https://www.google.com/maps/search/?api=1&query=イオン姫路店,Google Maps名称検索で施設一致
新百合丘オーバ,神奈川県,川崎市麻生区,found_google_maps_preferred,新百合丘オーパ,神奈川県,川崎市麻生区,神奈川県川崎市麻生区上麻生1丁目1-1,35.603695,139.508652,https://www.google.com/maps/search/?api=1&query=新百合丘オーパ,Google Mapsで部分一致する施設を優先。オーバをオーパに補正
横浜四季の森 フォレオ,東京都,多摩市,found_google_maps_preferred,横浜四季の森 フォレオ,神奈川県,横浜市旭区,神奈川県横浜市旭区上白根3丁目41-1,35.498585,139.541138,https://www.google.com/maps/search/?api=1&query=横浜四季の森%20フォレオ,Google Maps名称検索の所在地を優先し県市を補正
イオンタウン本栄,岐阜県,本巣市,found_google_maps_preferred,イオンタウン本巣,岐阜県,本巣市,岐阜県本巣市政田1986,35.436504,136.646881,https://www.google.com/maps/search/?api=1&query=イオンタウン本巣,Google Mapsで部分一致する施設を優先。本栄を本巣に補正。GSIは住所近傍点として採用
イッツボナンザシティヨシヅヤ太平通り店,静岡県,静岡市葵区,found_google_maps_preferred,イッツボナンザシティヨシヅヤ太平通り店,愛知県,名古屋市中川区,愛知県名古屋市中川区宮脇町2丁目11,35.135071,136.86795,https://www.google.com/maps/search/?api=1&query=イッツボナンザシティヨシヅヤ太平通り店,Google Maps名称検索の所在地を優先し県市を補正
MEGAドン・キホーテ桐生店,群馬県,桐生市,found_google_maps_preferred,MEGAドン・キホーテ桐生店,群馬県,桐生市,群馬県桐生市永楽町5-10,36.412357,139.336319,https://www.google.com/maps/search/?api=1&query=MEGAドン・キホーテ桐生店,Google Maps名称検索で施設一致
MEGAドン・キホーテ福岡福亜店,福岡県,福岡市西区,found_google_maps_preferred,MEGAドン・キホーテ福岡福重店,福岡県,福岡市西区,福岡県福岡市西区拾六町1丁目7-1,33.567913,130.315277,https://www.google.com/maps/search/?api=1&query=MEGAドン・キホーテ福岡福重店,Google Mapsで部分一致する施設を優先。福亜を福重に補正
ハイバーモールMERX宇部 (ハイバーモールメルクス宇部),山口県,宇部市,found_google_maps_preferred,ハイパーモールメルクス宇部,山口県,宇部市,山口県宇部市明神町3丁目1-1,33.931705,131.257629,https://www.google.com/maps/search/?api=1&query=ハイパーモールメルクス宇部,Google Mapsで部分一致する施設を優先。ハイバーをハイパーに補正
MEGAドン・キホーテUNY伊勢崎店,群馬県,伊勢崎市,found_google_maps_preferred,MEGAドン・キホーテUNY伊勢崎東店,群馬県,伊勢崎市,群馬県伊勢崎市三室町5330,36.329597,139.234207,https://www.google.com/maps/search/?api=1&query=MEGAドン・キホーテUNY伊勢崎東店,Google Mapsで部分一致する施設を優先し伊勢崎東店へ補正
BiVi二条(ビビニ条),京都府,京都市中京区,found_google_maps_preferred,BiVi二条,京都府,京都市中京区,京都府京都市中京区西ノ京栂尾町107,35.010742,135.741241,https://www.google.com/maps/search/?api=1&query=BiVi二条,Google Mapsで部分一致する施設を優先。ビビニ条をBiVi二条に補正
パトリア、ミナ・クル,石川県,七尾市,found_google_maps_preferred,パトリア、ミナ・クル,石川県,七尾市,石川県七尾市御祓町1,37.042816,136.963608,https://www.google.com/maps/search/?api=1&query=パトリア%20ミナ・クル%20七尾,Google Maps名称検索で施設一致。GSIは住所近傍点として採用
ショッピングセンターサンモール,千葉県,旭市,found_google_maps_preferred,ショッピングセンターサンモール,千葉県,旭市,千葉県旭市イ2676-1,35.72493,140.659424,https://www.google.com/maps/search/?api=1&query=ショッピングセンターサンモール%20旭市,Google Maps名称検索で施設一致
アビタ向山店,愛知県,豊橋市,found_google_maps_preferred,アピタ向山店,愛知県,豊橋市,愛知県豊橋市向山町中畑1-1,34.755257,137.401474,https://www.google.com/maps/search/?api=1&query=アピタ向山店,Google Mapsで部分一致する施設を優先。アビタをアピタに補正
新宿マルイ本館,千葉県,流山市,found_google_maps_preferred,新宿マルイ本館,東京都,新宿区,東京都新宿区新宿3丁目30-13,35.691158,139.703949,https://www.google.com/maps/search/?api=1&query=新宿マルイ本館,Google Maps名称検索の所在地を優先し県市を補正
APITAパワー新守山,静岡県,静岡市葵区,found_google_maps_preferred,APITAパワー新守山,愛知県,名古屋市守山区,愛知県名古屋市守山区新守山2830,35.204765,136.948975,https://www.google.com/maps/search/?api=1&query=APITAパワー新守山,Google Maps名称検索の所在地を優先し県市を補正
APITAパワー大府店,愛知県,大府市,found_google_maps_preferred,APITAパワー大府店,愛知県,大府市,愛知県大府市明成町4丁目133,35.021175,136.951385,https://www.google.com/maps/search/?api=1&query=APITAパワー大府店,Google Maps名称検索で施設一致
アル・プラザ醍醐、パセオ・ダイゴロー東館,京都府,京都市伏見区,found_google_maps_preferred,アル・プラザ醍醐、パセオ・ダイゴロー東館,京都府,京都市伏見区,京都府京都市伏見区醍醐高畑町1-37,34.951797,135.810547,https://www.google.com/maps/search/?api=1&query=アル・プラザ醍醐%20パセオ・ダイゴロー東館,Google Maps名称検索で施設一致
イオン酸井寺ショッピングセンター,大阪府,藤井寺市,found_google_maps_preferred,イオン藤井寺ショッピングセンター,大阪府,藤井寺市,大阪府藤井寺市岡2丁目10-11,34.573479,135.593781,https://www.google.com/maps/search/?api=1&query=イオン藤井寺ショッピングセンター,Google Mapsで部分一致する施設を優先。酸井寺を藤井寺に補正
ミント神戸,大阪府,門真市,found_google_maps_preferred,ミント神戸,兵庫県,神戸市中央区,兵庫県神戸市中央区雲井通7丁目1-1,34.694664,135.195938,https://www.google.com/maps/search/?api=1&query=ミント神戸,Google Maps名称検索の所在地を優先し県市を補正
イズミヤショッピングセンター神戸玉津,大阪府,門真市,found_google_maps_preferred,イズミヤショッピングセンター神戸玉津,兵庫県,神戸市西区,兵庫県神戸市西区森友3丁目7-3,34.664047,134.983139,https://www.google.com/maps/search/?api=1&query=イズミヤショッピングセンター神戸玉津,Google Maps名称検索の所在地を優先し県市を補正
エキソアレ西神中央,大阪府,門真市,found_google_maps_preferred,エキソアレ西神中央,兵庫県,神戸市西区,兵庫県神戸市西区糀台5丁目9-4,34.719456,135.017593,https://www.google.com/maps/search/?api=1&query=エキソアレ西神中央,Google Maps名称検索の所在地を優先し県市を補正
ニュー鹿垢ショッピングタウンチェリオ,茨城県,鹿嶋市,found_google_maps_preferred,ニュー鹿嶋ショッピングタウンチェリオ,茨城県,鹿嶋市,茨城県鹿嶋市宮中290-1,35.959229,140.642563,https://www.google.com/maps/search/?api=1&query=ニュー鹿嶋ショッピングタウンチェリオ,Google Mapsで部分一致する施設を優先。鹿垢を鹿嶋に補正
水戸駅ビル エクセル,茨城県,水戸市,found_google_maps_preferred,水戸駅ビル エクセル,茨城県,水戸市,茨城県水戸市宮町1丁目1-1,36.369884,140.481567,https://www.google.com/maps/search/?api=1&query=水戸駅ビル%20エクセル,Google Maps名称検索で施設一致
AZ PARK(アズパーク),静岡県,静岡市葵区,found_google_maps_preferred,AZ PARK(アズパーク),愛知県,名古屋市中川区,愛知県名古屋市中川区新家1丁目2421,35.15707,136.806168,https://www.google.com/maps/search/?api=1&query=AZ%20PARK%20アズパーク,Google Maps名称検索の所在地を優先し県市を補正
エルミこうのすショッピングモール,埼玉県,鴻巣市,found_google_maps_preferred,エルミこうのすショッピングモール,埼玉県,鴻巣市,埼玉県鴻巣市本町1丁目1-2,36.059071,139.51001,https://www.google.com/maps/search/?api=1&query=エルミこうのすショッピングモール,Google Maps名称検索で施設一致
イオン天草ショッピングセンター,熊本県,天草市,found_google_maps_preferred,イオン天草ショッピングセンター,熊本県,天草市,熊本県天草市亀場町食場740,32.426987,130.172287,https://www.google.com/maps/search/?api=1&query=イオン天草ショッピングセンター,Google Maps名称検索で施設一致。GSIは住所近傍点として採用
そよら三条頃,新潟県,三条市,found_google_maps_preferred,そよら三条須頃,新潟県,三条市,新潟県三条市上須頃5009-4,37.636944,138.937607,https://www.google.com/maps/search/?api=1&query=そよら三条須頃,Google Mapsで部分一致する施設を優先。頃を須頃に補正。GSIは住所近傍点として採用
フレスポ神辺,広島県,福山市,found_google_maps_preferred,フレスポ神辺,広島県,福山市,広島県福山市神辺町川北1533,34.540554,133.363342,https://www.google.com/maps/search/?api=1&query=フレスポ神辺,Google Maps名称検索で施設一致
アル・プラザ京田辺,京都府,京田辺市,found_google_maps_preferred,アル・プラザ京田辺,京都府,京田辺市,京都府京田辺市田辺中央5丁目2-1,34.821999,135.768936,https://www.google.com/maps/search/?api=1&query=アル・プラザ京田辺,Google Maps名称検索で施設一致
KYOTO AVANTI (京都アパンティ),京都府,京都市南区,found_google_maps_preferred,KYOTO AVANTI (京都アバンティ),京都府,京都市南区,京都府京都市南区東九条西山王町31,34.983669,135.760468,https://www.google.com/maps/search/?api=1&query=KYOTO%20AVANTI%20京都アバンティ,Google Mapsで部分一致する施設を優先。アパンティをアバンティに補正
東急プラザ蒲田,東京都,大田区,found_google_maps_preferred,東急プラザ蒲田,東京都,大田区,東京都大田区西蒲田7丁目69-1,35.561737,139.714752,https://www.google.com/maps/search/?api=1&query=東急プラザ蒲田,Google Maps名称検索で施設一致
ショッピングモールヴィオ,福井県,大野市,found_google_maps_preferred,ショッピングモールVIO,福井県,大野市,福井県大野市鍬掛17-17-1,35.973904,136.479279,https://www.google.com/maps/search/?api=1&query=ショッピングモールVIO,Google Mapsで部分一致する施設を優先し英字表記へ補正
MEGAドン・キホーテ勝田店、長崎屋勝田店,茨城県,ひたちなか市,found_google_maps_preferred,MEGAドン・キホーテ勝田店、長崎屋勝田店,茨城県,ひたちなか市,茨城県ひたちなか市石川町1-1,36.393135,140.527557,https://www.google.com/maps/search/?api=1&query=MEGAドン・キホーテ勝田店,Google Maps名称検索で施設一致
アピタ富山店,富山県,富山市,found_google_maps_preferred,アピタ富山店,富山県,富山市,富山県富山市上袋100-68,36.660721,137.213226,https://www.google.com/maps/search/?api=1&query=アピタ富山店,Google Maps名称検索で施設一致
イオン小松店,石川県,小松市,found_google_maps_preferred,イオン小松店,石川県,小松市,石川県小松市平面町ア69,36.419579,136.472275,https://www.google.com/maps/search/?api=1&query=イオン小松店,Google Maps名称検索で施設一致
tonarie大和高田(トナリエ大和高田),奈良県,大和高田市,found_google_maps_preferred,tonarie大和高田(トナリエ大和高田),奈良県,大和高田市,奈良県大和高田市幸町3-18,34.519306,135.743637,https://www.google.com/maps/search/?api=1&query=tonarie大和高田,Google Maps名称検索で施設一致
ハービスPLAZA,京都府,亀岡市,found_google_maps_preferred,ハービスPLAZA,大阪府,大阪市北区,大阪府大阪市北区梅田2丁目5-25,34.698177,135.49176,https://www.google.com/maps/search/?api=1&query=ハービスPLAZA,Google Maps名称検索の所在地を優先し県市を補正
当科ショッピングセンター(イオン科店),長野県,安曇野市,found_google_maps_preferred,豊科ショッピングセンター(イオン豊科店),長野県,安曇野市,長野県安曇野市豊科4272-10,36.300751,137.907974,https://www.google.com/maps/search/?api=1&query=イオン豊科店,Google Mapsで部分一致する施設を優先。当科/イオン科を豊科/イオン豊科に補正
レイリア久留米,福岡県,久留米市,found_google_maps_preferred,レイリア久留米,福岡県,久留米市,福岡県久留米市東町316-2,33.311436,130.518127,https://www.google.com/maps/search/?api=1&query=レイリア久留米,Google Maps名称検索で施設一致。GSIは住所近傍点として採用
CiNA CIiNA尾張旭(シーナシーナ尾張旭),愛知県,尾張旭市,found_google_maps_preferred,CiNA CIiNA尾張旭(シーナシーナ尾張旭),愛知県,尾張旭市,愛知県尾張旭市南原山町石原116-4,35.212982,137.049896,https://www.google.com/maps/search/?api=1&query=CiNA%20CIiNA尾張旭,Google Maps名称検索で施設一致
ハイバーモールMERX日向 (ハイパーモールメルクス日向),宮崎県,日向市,found_google_maps_preferred,ハイパーモールMERX日向 (ハイパーモールメルクス日向),宮崎県,日向市,宮崎県日向市日知屋14798-1,32.446983,131.641052,https://www.google.com/maps/search/?api=1&query=ハイパーモールメルクス日向,Google Mapsで部分一致する施設を優先。ハイバーをハイパーに補正
ショッピングプラザ サファ福山,広島県,福山市,found_google_maps_preferred,ショッピングプラザ サファ福山,広島県,福山市,広島県福山市瀬戸町山北300,34.475124,133.316589,https://www.google.com/maps/search/?api=1&query=ショッピングプラザ%20サファ福山,Google Maps名称検索で施設一致
近鉄ぶらっと、近鉄百貨店東大阪店,大阪府,東大阪市,found_google_maps_preferred,近鉄ぷらっと、近鉄百貨店東大阪店,大阪府,東大阪市,大阪府東大阪市長堂1丁目1-1,34.664043,135.561966,https://www.google.com/maps/search/?api=1&query=近鉄ぷらっと%20近鉄百貨店東大阪店,Google Mapsで部分一致する施設を優先。ぶらっとをぷらっとに補正
アピタ伊賀上野店,三重県,伊賀市,found_google_maps_preferred,アピタ伊賀上野店,三重県,伊賀市,三重県伊賀市服部町1788,34.77927,136.135284,https://www.google.com/maps/search/?api=1&query=アピタ伊賀上野店,Google Maps名称検索で施設一致
DeKKY 401(デッキー401),新潟県,新潟市中央区,found_google_maps_preferred,DeKKY 401(デッキー401),新潟県,新潟市中央区,新潟県新潟市中央区上近江4丁目12-20,37.897877,139.030624,https://www.google.com/maps/search/?api=1&query=DeKKY%20401,Google Maps名称検索で施設一致
もりのみやキューズモールBASE,京都府,亀岡市,found_google_maps_preferred,もりのみやキューズモールBASE,大阪府,大阪市中央区,大阪府大阪市中央区森ノ宮中央2丁目1-70,34.681282,135.531342,https://www.google.com/maps/search/?api=1&query=もりのみやキューズモールBASE,Google Maps名称検索の所在地を優先し県市を補正
アビタ大仁店,静岡県,伊豆の国市,found_google_maps_preferred,アピタ大仁店,静岡県,伊豆の国市,静岡県伊豆の国市吉田153-1,34.999966,138.936295,https://www.google.com/maps/search/?api=1&query=アピタ大仁店,Google Mapsで部分一致する施設を優先。アビタをアピタに補正
アポロビル・ルシアスビル,大阪府,大阪市阿倍野区,found_google_maps_preferred,アポロビル・ルシアスビル,大阪府,大阪市阿倍野区,大阪府大阪市阿倍野区阿倍野筋1丁目5-1,34.646484,135.512863,https://www.google.com/maps/search/?api=1&query=アポロビル%20ルシアスビル,Google Maps名称検索で施設一致
ポンテボルタ千住,千葉県,流山市,found_google_maps_preferred,ポンテポルタ千住,東京都,足立区,東京都足立区千住橋戸町1-13,35.742153,139.795258,https://www.google.com/maps/search/?api=1&query=ポンテポルタ千住,Google Mapsで部分一致する施設を優先。ポンテボルタをポンテポルタに補正し県市も補正。GSIは住所近傍点として採用
和光ショッピングプラザ(イトーヨーカドー和光店),埼玉県,和光市,found_google_maps_preferred,和光ショッピングプラザ(イトーヨーカドー和光店),埼玉県,和光市,埼玉県和光市丸山台1丁目9-3,35.786915,139.61261,https://www.google.com/maps/search/?api=1&query=イトーヨーカドー和光店,Google Maps名称検索で施設一致
MrMax柳井ショッピングセンター,山口県,柳井市,found_google_maps_preferred,MrMax柳井ショッピングセンター,山口県,柳井市,山口県柳井市駅南1-11,33.966969,132.100876,https://www.google.com/maps/search/?api=1&query=MrMax柳井ショッピングセンター,Google Maps名称検索で施設一致
フジグラン岩国,山口県,岩国市,found_google_maps_preferred,フジグラン岩国,山口県,岩国市,山口県岩国市麻里布町2丁目9-8,34.168701,132.223755,https://www.google.com/maps/search/?api=1&query=フジグラン岩国,Google Maps名称検索で施設一致
イオン中野店,長野県,中野市,found_google_maps_preferred,イオン中野店,長野県,中野市,長野県中野市一本木252-1,36.758732,138.372284,https://www.google.com/maps/search/?api=1&query=イオン中野店,Google Maps名称検索で施設一致
ラビオ,愛知県,小牧市,found_google_maps_preferred,ラピオ,愛知県,小牧市,愛知県小牧市小牧3丁目555,35.289902,136.925079,https://www.google.com/maps/search/?api=1&query=ラピオ%20小牧,Google Mapsで部分一致する施設を優先。ラビオをラピオに補正
ホームス所沢店,群馬県,高崎市,found_google_maps_preferred,ホームズ所沢店,埼玉県,所沢市,埼玉県所沢市青葉台1327,35.806625,139.439987,https://www.google.com/maps/search/?api=1&query=ホームズ所沢店,Google Mapsで部分一致する施設を優先し県市を補正
イトーヨーカドー大井町店,東京都,品川区,found_google_maps_preferred,イトーヨーカドー大井町店,東京都,品川区,東京都品川区大井1丁目3-6,35.607372,139.734314,https://www.google.com/maps/search/?api=1&query=イトーヨーカドー大井町店,Google Maps名称検索で施設一致
ベルファ部島ショッピングセンター,大阪府,大阪市都島区,found_google_maps_preferred,ベルファ都島ショッピングセンター,大阪府,大阪市都島区,大阪府大阪市都島区友渕町2丁目13-34,34.715691,135.530365,https://www.google.com/maps/search/?api=1&query=ベルファ都島ショッピングセンター,Google Mapsで部分一致する施設を優先。部島を都島に補正
BIG8OX高田馬場,千葉県,流山市,found_google_maps_preferred,BIGBOX高田馬場,東京都,新宿区,東京都新宿区高田馬場1丁目35-3,35.712494,139.703873,https://www.google.com/maps/search/?api=1&query=BIGBOX高田馬場,Google Mapsで部分一致する施設を優先。BIG8OXをBIGBOXに補正し県市も補正
あざみ野ガーデンズ,東京都,多摩市,found_google_maps_preferred,あざみ野ガーデンズ,神奈川県,横浜市青葉区,神奈川県横浜市青葉区大場町704-11,35.571629,139.535126,https://www.google.com/maps/search/?api=1&query=あざみ野ガーデンズ,Google Maps名称検索の所在地を優先し県市を補正。GSIは住所近傍点として採用
MARK IS 葛飾かなまち,千葉県,流山市,found_google_maps_preferred,MARK IS 葛飾かなまち,東京都,葛飾区,東京都葛飾区東金町1丁目10-1,35.770592,139.866837,https://www.google.com/maps/search/?api=1&query=MARK%20IS%20葛飾かなまち,Google Maps名称検索の所在地を優先し県市を補正
イオンスーパーセンター五城目店,秋田県,南秋田郡五城目町,found_google_maps_preferred,イオンスーパーセンター五城目店,秋田県,五城目町,秋田県南秋田郡五城目町大川西野字田屋前138,39.935806,140.106964,https://www.google.com/maps/search/?api=1&query=イオンスーパーセンター五城目店,Google Maps名称検索で施設一致
イオン桜井ショッピングセンター,奈良県,桜井市,found_google_maps_preferred,イオン桜井ショッピングセンター,奈良県,桜井市,奈良県桜井市上之庄278-1,34.521729,135.836761,https://www.google.com/maps/search/?api=1&query=イオン桜井ショッピングセンター,Google Maps名称検索で施設一致
MEGAドン・キホーテ麺田店,埼玉県,蓮田市,found_google_maps_preferred,MEGAドン・キホーテ蓮田店,埼玉県,蓮田市,埼玉県蓮田市東4丁目5-13,35.979858,139.657852,https://www.google.com/maps/search/?api=1&query=MEGAドン・キホーテ蓮田店,Google Mapsで部分一致する施設を優先。麺田を蓮田に補正
ホワイティうめだ,大阪府,大阪市北区,found_google_maps_preferred,ホワイティうめだ,大阪府,大阪市北区,大阪府大阪市北区小松原町梅田地下街,34.702991,135.501007,https://www.google.com/maps/search/?api=1&query=ホワイティうめだ,Google Maps名称検索で施設一致。GSIは住所近傍点として採用
MEGAドン・キホーテ長野店,長野県,長野市,found_google_maps_preferred,MEGAドン・キホーテ長野店,長野県,長野市,長野県長野市高田1758,36.642475,138.215897,https://www.google.com/maps/search/?api=1&query=MEGAドン・キホーテ長野店,Google Maps名称検索で施設一致
イオンタウン醤無,秋田県,北秋田市,found_google_maps_preferred,イオンタウン鷹巣,秋田県,北秋田市,秋田県北秋田市栄字中綱31-1,40.2295,140.383514,https://www.google.com/maps/search/?api=1&query=イオンタウン鷹巣,Google Mapsで部分一致する施設を優先。醤無を鷹巣に補正
さるびあプラザ(イトーヨーカドー安城店),愛知県,安城市,found_google_maps_preferred,さるびあプラザ(イトーヨーカドー安城店),愛知県,安城市,愛知県安城市住吉町3丁目1-8,34.984898,137.084198,https://www.google.com/maps/search/?api=1&query=イトーヨーカドー安城店,Google Maps名称検索で施設一致
アピタ浦郡店,愛知県,蒲郡市,found_google_maps_preferred,アピタ蒲郡店,愛知県,蒲郡市,愛知県蒲郡市港町17-10,34.820885,137.226044,https://www.google.com/maps/search/?api=1&query=アピタ蒲郡店,Google Mapsで部分一致する施設を優先。浦郡を蒲郡に補正
MIO香久山ショッピングセンター (三才香久山ショッピングセンター),愛知県,日進市,found_google_maps_preferred,MIO香久山ショッピングセンター (三好香久山ショッピングセンター),愛知県,日進市,愛知県日進市香久山5丁目1801,35.141888,137.0271,https://www.google.com/maps/search/?api=1&query=MIO香久山ショッピングセンター,Google Mapsで部分一致する施設を優先。三才を三好に補正
ヨシヅヤ新稲沢店,愛知県,稲沢市,found_google_maps_preferred,ヨシヅヤ新稲沢店,愛知県,稲沢市,愛知県稲沢市朝府町4-1,35.251457,136.779129,https://www.google.com/maps/search/?api=1&query=ヨシヅヤ新稲沢店,Google Maps名称検索で施設一致
オークワパビリオンシティ田辺店,和歌山県,田辺市,found_google_maps_preferred,オークワパビリオンシティ田辺店,和歌山県,田辺市,和歌山県田辺市稲成町新江原3165,33.744095,135.375854,https://www.google.com/maps/search/?api=1&query=オークワパビリオンシティ田辺店,Google Maps名称検索で施設一致
ハイパーモールMERX倉賀野 (ハイパーモールメルクス合賀野),群馬県,高崎市,found_google_maps_preferred,ハイパーモールMERX倉賀野 (ハイパーモールメルクス倉賀野),群馬県,高崎市,群馬県高崎市倉賀野町4691-1,36.300991,139.055298,https://www.google.com/maps/search/?api=1&query=ハイパーモールメルクス倉賀野,Google Mapsで部分一致する施設を優先。合賀野を倉賀野に補正
イオン福知山ショッピングセンター,京都府,福知山市,found_google_maps_preferred,イオン福知山ショッピングセンター,京都府,福知山市,京都府福知山市岩井79-8,35.315914,135.103134,https://www.google.com/maps/search/?api=1&query=イオン福知山ショッピングセンター,Google Maps名称検索で施設一致
レイクピア ウスイ,千葉県,佐倉市,found_google_maps_preferred,レイクピア ウスイ,千葉県,佐倉市,千葉県佐倉市王子台1-23,35.729797,140.182495,https://www.google.com/maps/search/?api=1&query=レイクピア%20ウスイ,Google Maps名称検索で施設一致。GSIは住所近傍点として採用
イズミヤショッピングセンター六地蔵,京都府,京都市伏見区,found_google_maps_preferred,イズミヤショッピングセンター六地蔵,京都府,京都市伏見区,京都府京都市伏見区桃山町西尾12-1,34.934883,135.792999,https://www.google.com/maps/search/?api=1&query=イズミヤショッピングセンター六地蔵,Google Maps名称検索で施設一致
ダイエー市川店,千葉県,市川市,found_google_maps_preferred,ダイエー市川店,千葉県,市川市,千葉県市川市市川1丁目4-10,35.729435,139.908112,https://www.google.com/maps/search/?api=1&query=ダイエー市川店,Google Maps名称検索で施設一致
アトレ串戸,千葉県,流山市,found_google_maps_preferred,アトレ亀戸,東京都,江東区,東京都江東区亀戸5丁目1-1,35.697639,139.825806,https://www.google.com/maps/search/?api=1&query=アトレ亀戸,Google Mapsで部分一致する施設を優先。串戸を亀戸に補正し県市も補正
イオン飯田アップルロード店,長野県,飯田市,found_google_maps_preferred,イオン飯田アップルロード店,長野県,飯田市,長野県飯田市鼎一色456,35.50087,137.816513,https://www.google.com/maps/search/?api=1&query=イオン飯田アップルロード店,Google Maps名称検索で施設一致
COCOSA (ココサ),熊本県,熊本市中央区,found_google_maps_preferred,COCOSA (ココサ),熊本県,熊本市中央区,熊本県熊本市中央区下通1丁目3-8,32.80228,130.709198,https://www.google.com/maps/search/?api=1&query=COCOSA%20ココサ,Google Maps名称検索で施設一致
ビオレ姫路],兵庫県,姫路市,found_google_maps_preferred,ピオレ姫路,兵庫県,姫路市,兵庫県姫路市駅前町188-1,34.827621,134.690842,https://www.google.com/maps/search/?api=1&query=ピオレ姫路,Google Mapsで部分一致する施設を優先。ビオレ/余分な記号をピオレへ補正
神戸国際会館 SOL(神戸国際会館ソル),大阪府,門真市,found_google_maps_preferred,神戸国際会館 SOL(神戸国際会館ソル),兵庫県,神戸市中央区,兵庫県神戸市中央区御幸通8丁目1-6,34.691883,135.195938,https://www.google.com/maps/search/?api=1&query=神戸国際会館%20SOL,Google Maps名称検索の所在地を優先し県市を補正
アル・プラザ敦賀,福井県,敦賀市,found_google_maps_preferred,アル・プラザ敦賀,福井県,敦賀市,福井県敦賀市白銀町11-5,35.648506,136.072189,https://www.google.com/maps/search/?api=1&query=アル・プラザ敦賀,Google Maps名称検索で施設一致
ショッピングタウンあいたい,東京都,多摩市,found_google_maps_preferred,ショッピングタウンあいたい,神奈川県,横浜市都筑区,神奈川県横浜市都筑区中川中央1丁目1-3,35.553467,139.578354,https://www.google.com/maps/search/?api=1&query=ショッピングタウンあいたい,Google Maps名称検索の所在地を優先し県市を補正
MEGAドン・キホーテ上水戸店,茨城県,水戸市,found_google_maps_preferred,MEGAドン・キホーテ上水戸店,茨城県,水戸市,茨城県水戸市上水戸2丁目9-10,36.388958,140.445984,https://www.google.com/maps/search/?api=1&query=MEGAドン・キホーテ上水戸店,Google Maps名称検索で施設一致
MEGAドン・キホーテ浜松可美店,静岡県,浜松市中区,found_google_maps_preferred,MEGAドン・キホーテ浜松可美店,静岡県,浜松市中央区,静岡県浜松市中央区東若林町11-1,34.692017,137.7146,https://www.google.com/maps/search/?api=1&query=MEGAドン・キホーテ浜松可美店,Google Maps名称検索で施設一致。現在の行政区へ補正
イオンフードスタイル港南台店,東京都,多摩市,found_google_maps_preferred,イオンフードスタイル港南台店,神奈川県,横浜市港南区,神奈川県横浜市港南区港南台3丁目1-2,35.375042,139.577301,https://www.google.com/maps/search/?api=1&query=イオンフードスタイル港南台店,Google Maps名称検索の所在地を優先し県市を補正
アルピコプラザ(松本バスターミナルビル),長野県,松本市,found_google_maps_preferred,アルピコプラザ(松本バスターミナルビル),長野県,松本市,長野県松本市深志1丁目2-30,36.230469,137.966064,https://www.google.com/maps/search/?api=1&query=アルピコプラザ,Google Maps名称検索で施設一致
MEGAドン・キホーテUNY敦賀店,福井県,敦賀市,found_google_maps_preferred,MEGAドン・キホーテUNY敦賀店,福井県,敦賀市,福井県敦賀市中央町1丁目5-5,35.643459,136.059586,https://www.google.com/maps/search/?api=1&query=MEGAドン・キホーテUNY敦賀店,Google Maps名称検索で施設一致
MEGAドン・キホーテUNY岐阜店,岐阜県,岐阜市,found_google_maps_preferred,MEGAドン・キホーテUNY岐阜店,岐阜県,岐阜市,岐阜県岐阜市加納神明町6-1,35.401447,136.749298,https://www.google.com/maps/search/?api=1&query=MEGAドン・キホーテUNY岐阜店,Google Maps名称検索で施設一致
ウイングタウン,愛知県,岡崎市,found_google_maps_preferred,ウイングタウン,愛知県,岡崎市,愛知県岡崎市羽根町字小豆坂3,34.923637,137.174545,https://www.google.com/maps/search/?api=1&query=ウイングタウン%20岡崎,Google Maps名称検索で施設一致
アピタ瀬戸店,愛知県,瀬戸市,found_google_maps_preferred,アピタ瀬戸店,愛知県,瀬戸市,愛知県瀬戸市幸町33,35.222931,137.096649,https://www.google.com/maps/search/?api=1&query=アピタ瀬戸店,Google Maps名称検索で施設一致
MrMax大牟田ショッピングセンター,福岡県,大牟田市,found_google_maps_preferred,MrMax大牟田ショッピングセンター,福岡県,大牟田市,福岡県大牟田市馬渡町1-1,33.014412,130.464966,https://www.google.com/maps/search/?api=1&query=MrMax大牟田ショッピングセンター,Google Maps名称検索で施設一致
MEGAドン・キホーテUNY伊那店,長野県,伊那市,found_google_maps_preferred,MEGAドン・キホーテUNY伊那店,長野県,伊那市,長野県伊那市西町5182-1,35.83107,137.94902,https://www.google.com/maps/search/?api=1&query=MEGAドン・キホーテUNY伊那店,Google Maps名称検索で施設一致
イズミヤショッピングセンター広陵店,兵庫県,加古川市,found_google_maps_preferred,イズミヤショッピングセンター広陵店,奈良県,広陵町,奈良県北葛城郡広陵町大字安部450-1,34.533863,135.745193,https://www.google.com/maps/search/?api=1&query=イズミヤショッピングセンター広陵店,Google Maps名称検索の所在地を優先し県市を補正
ヨシヅヤ員弁店,三重県,いなべ市,found_google_maps_preferred,ヨシヅヤ員弁店,三重県,いなべ市,三重県いなべ市員弁町石仏1902-2,35.113102,136.564911,https://www.google.com/maps/search/?api=1&query=ヨシヅヤ員弁店,Google Maps名称検索で施設一致
ラボルテ東館,兵庫県,芦屋市,found_google_maps_preferred,ラポルテ東館,兵庫県,芦屋市,兵庫県芦屋市大原町9-1,34.735424,135.307632,https://www.google.com/maps/search/?api=1&query=ラポルテ東館,Google Mapsで部分一致する施設を優先。ラボルテをラポルテに補正
サンリブ久米,福岡県,久留米市,found_google_maps_preferred,サンリブ久留米,福岡県,久留米市,福岡県久留米市野中町1411-1,33.303326,130.530045,https://www.google.com/maps/search/?api=1&query=サンリブ久留米,Google Mapsで部分一致する施設を優先。久米を久留米に補正
アトレ吉祥寺,東京都,武蔵野市,found_google_maps_preferred,アトレ吉祥寺,東京都,武蔵野市,東京都武蔵野市吉祥寺南町1丁目1-24,35.703297,139.579697,https://www.google.com/maps/search/?api=1&query=アトレ吉祥寺,Google Maps名称検索で施設一致
イオン久居店,三重県,津市,found_google_maps_preferred,イオン久居店,三重県,津市,三重県津市久居明神町風早2660,34.682652,136.463226,https://www.google.com/maps/search/?api=1&query=イオン久居店,Google Maps名称検索で施設一致
ニュー新橋ビル,千葉県,流山市,found_google_maps_preferred,ニュー新橋ビル,東京都,港区,東京都港区新橋2丁目16-1,35.666309,139.757401,https://www.google.com/maps/search/?api=1&query=ニュー新橋ビル,Google Maps名称検索の所在地を優先し県市を補正。GSIは住所近傍点として採用
アピタ金沢文庫店,神奈川県,横浜市金沢区,found_google_maps_preferred,アピタ金沢文庫店,神奈川県,横浜市金沢区,神奈川県横浜市金沢区釜利谷東2丁目1-1,35.340748,139.620026,https://www.google.com/maps/search/?api=1&query=アピタ金沢文庫店,Google Maps名称検索で施設一致。GSIは住所近傍点として採用
オー・ストリート橋本彩の台,和歌山県,橋本市,found_google_maps_preferred,オー・ストリート橋本彩の台,和歌山県,橋本市,和歌山県橋本市あやの台1丁目50-3,34.335587,135.650757,https://www.google.com/maps/search/?api=1&query=オー・ストリート橋本彩の台,Google Maps名称検索で施設一致。GSIは住所近傍点として採用
シャンビアポート,静岡県,静岡市葵区,found_google_maps_preferred,シャンピアポート,愛知県,名古屋市昭和区,愛知県名古屋市昭和区白金3丁目6-24,35.143009,136.917694,https://www.google.com/maps/search/?api=1&query=シャンピアポート,Google Mapsで部分一致する施設を優先。シャンビアをシャンピアに補正し県市も補正
サザンモール六甲,兵庫県,神戸市灘区,found_google_maps_preferred,サザンモール六甲,兵庫県,神戸市灘区,兵庫県神戸市灘区新在家南町1丁目2-1,34.708447,135.240448,https://www.google.com/maps/search/?api=1&query=サザンモール六甲,Google Maps名称検索で施設一致。GSIは住所近傍点として採用
京都BAL(京都バル),京都府,京都市中京区,found_google_maps_preferred,京都BAL(京都バル),京都府,京都市中京区,京都府京都市中京区山崎町251,35.006931,135.769409,https://www.google.com/maps/search/?api=1&query=京都BAL,Google Maps名称検索で施設一致
まるひろ南浦和SC,埼玉県,さいたま市南区,found_google_maps_preferred,まるひろ南浦和SC,埼玉県,さいたま市南区,埼玉県さいたま市南区南本町1丁目7-4,35.846161,139.667603,https://www.google.com/maps/search/?api=1&query=まるひろ南浦和SC,Google Maps名称検索で施設一致
戸塚西口共同ビル(トツカーナモール、東急プラザ戸塚),東京都,多摩市,found_google_maps_preferred,戸塚西口共同ビル(トツカーナモール、東急プラザ戸塚),神奈川県,横浜市戸塚区,神奈川県横浜市戸塚区戸塚町16-1,35.400028,139.532776,https://www.google.com/maps/search/?api=1&query=トツカーナモール%20東急プラザ戸塚,Google Maps名称検索の所在地を優先し県市を補正
西友ひばりヶ丘店,東京都,西東京市,found_google_maps_preferred,西友ひばりヶ丘店,東京都,西東京市,東京都西東京市住吉町3丁目9-8,35.750782,139.544861,https://www.google.com/maps/search/?api=1&query=西友ひばりヶ丘店,Google Maps名称検索で施設一致
ベイシアスーパーセンター新潟豊米店,新潟県,新潟市北区,found_google_maps_preferred,ベイシアスーパーセンター新潟豊栄店,新潟県,新潟市北区,新潟県新潟市北区かぶとやま2丁目1-62,37.928936,139.218582,https://www.google.com/maps/search/?api=1&query=ベイシアスーパーセンター新潟豊栄店,Google Mapsで部分一致する施設を優先。豊米を豊栄に補正。GSIは住所近傍点として採用
パープルタウン 倉吉ショッピングセンター,鳥取県,倉吉市,found_google_maps_preferred,パープルタウン 倉吉ショッピングセンター,鳥取県,倉吉市,鳥取県倉吉市山根557-1,35.448479,133.848297,https://www.google.com/maps/search/?api=1&query=パープルタウン%20倉吉ショッピングセンター,Google Maps名称検索で施設一致
アトレ恵比寿本館,東京都,渋谷区,found_google_maps_preferred,アトレ恵比寿本館,東京都,渋谷区,東京都渋谷区恵比寿南1丁目5-5,35.647175,139.709305,https://www.google.com/maps/search/?api=1&query=アトレ恵比寿本館,Google Maps名称検索で施設一致
イオンタウン周南久米,広島県,竹原市,found_google_maps_preferred,イオンタウン周南久米,山口県,周南市,山口県周南市久米中央5丁目8-1,34.036911,131.8423,https://www.google.com/maps/search/?api=1&query=イオンタウン周南久米,Google Maps名称検索の所在地を優先し県市を補正
奈良バワーシティ,奈良県,奈良市,found_google_maps_preferred,奈良パワーシティ,奈良県,奈良市,奈良県奈良市柏木町480-1,34.671234,135.79953,https://www.google.com/maps/search/?api=1&query=奈良パワーシティ,Google Mapsで部分一致する施設を優先。バワーをパワーに補正
名古屋南ショッピングセンター(アピタ名古屋南),静岡県,静岡市葵区,found_google_maps_preferred,名古屋南ショッピングセンター(アピタ名古屋南),愛知県,名古屋市南区,愛知県名古屋市南区豊田4丁目9-47,35.102272,136.913315,https://www.google.com/maps/search/?api=1&query=アピタ名古屋南店,Google Maps名称検索の所在地を優先し県市を補正
イオン西宮店,兵庫県,西宮市,found_google_maps_preferred,イオン西宮店,兵庫県,西宮市,兵庫県西宮市林田町2-24,34.756195,135.362946,https://www.google.com/maps/search/?api=1&query=イオン西宮店,Google Maps名称検索で施設一致
イオン高岡店,富山県,高岡市,found_google_maps_preferred,イオン高岡店,富山県,高岡市,富山県高岡市江尻331-1,36.762177,137.02951,https://www.google.com/maps/search/?api=1&query=イオン高岡店,Google Maps名称検索で施設一致
アル・プラザ鯖江,福井県,鯖江市,found_google_maps_preferred,アル・プラザ鯖江,福井県,鯖江市,福井県鯖江市下河端町16-16-1,35.968861,136.18956,https://www.google.com/maps/search/?api=1&query=アル・プラザ鯖江,Google Maps名称検索で施設一致。GSIは住所近傍点として採用
ドン・キホーテ二俣川店,東京都,多摩市,found_google_maps_preferred,ドン・キホーテ二俣川店,神奈川県,横浜市旭区,神奈川県横浜市旭区二俣川1丁目43-28,35.464687,139.53183,https://www.google.com/maps/search/?api=1&query=ドン・キホーテ二俣川店,Google Maps名称検索の所在地を優先し県市を補正
イズミヤショッピングセンター松原,大阪府,松原市,found_google_maps_preferred,イズミヤショッピングセンター松原,大阪府,松原市,大阪府松原市上田6丁目4-8,34.575233,135.561737,https://www.google.com/maps/search/?api=1&query=イズミヤショッピングセンター松原,Google Maps名称検索で施設一致
おしろタウン シャオ,愛知県,西尾市,found_google_maps_preferred,おしろタウン シャオ,愛知県,西尾市,愛知県西尾市下町御城下23-1,34.867569,137.045837,https://www.google.com/maps/search/?api=1&query=おしろタウン%20シャオ,Google Maps名称検索で施設一致
山市 ダイエー武蔵村山店,東京都,武蔵村山市,found_google_maps_preferred,ダイエー武蔵村山店,東京都,武蔵村山市,東京都武蔵村山市伊奈平3丁目36-1,35.73571,139.379135,https://www.google.com/maps/search/?api=1&query=ダイエー武蔵村山店,Google Mapsで部分一致する施設を優先し余分なOCR文字を削除
天王寺ミオプラザ館,大阪府,大阪市天王寺区,found_google_maps_preferred,天王寺ミオプラザ館,大阪府,大阪市天王寺区,大阪府大阪市天王寺区悲田院町10-48,34.647835,135.513748,https://www.google.com/maps/search/?api=1&query=天王寺ミオプラザ館,Google Maps名称検索で施設一致
イオンタウン大安寺,奈良県,奈良市,found_google_maps_preferred,イオンタウン大安寺,奈良県,奈良市,奈良県奈良市南京終町1丁目128-1,34.670895,135.820648,https://www.google.com/maps/search/?api=1&query=イオンタウン大安寺,Google Maps名称検索で施設一致
LICOPA東大和(リコバ東大和),東京都,東大和市,found_google_maps_preferred,LICOPA東大和(リコパ東大和),東京都,東大和市,東京都東大和市桜が丘2丁目142-1,35.735851,139.422623,https://www.google.com/maps/search/?api=1&query=LICOPA東大和,Google Mapsで部分一致する施設を優先。リコバをリコパに補正
リーベル王寺東館,奈良県,北葛城郡王寺町,found_google_maps_preferred,リーベル王寺東館,奈良県,王寺町,奈良県北葛城郡王寺町久度2丁目2-1,34.597767,135.705338,https://www.google.com/maps/search/?api=1&query=リーベル王寺東館,Google Maps名称検索で施設一致。GSIは住所近傍点として採用
であえーる岩見沢(ポルタビル),北海道,岩見沢市,found_google_maps_preferred,であえーる岩見沢(ポルタビル),北海道,岩見沢市,北海道岩見沢市4条西3丁目1,43.202549,141.764221,https://www.google.com/maps/search/?api=1&query=であえーる岩見沢,Google Maps名称検索で施設一致
西国分寺レガ,東京都,国分寺市,found_google_maps_preferred,西国分寺レガ,東京都,国分寺市,東京都国分寺市泉町3丁目35-1,35.699017,139.465683,https://www.google.com/maps/search/?api=1&query=西国分寺レガ,Google Maps名称検索で施設一致
イオンタウン木更津詰西,千葉県,木更津市,found_google_maps_preferred,イオンタウン木更津請西,千葉県,木更津市,千葉県木更津市請西南2丁目27-1,35.360924,139.944809,https://www.google.com/maps/search/?api=1&query=イオンタウン木更津請西,Google Mapsで部分一致する施設を優先。詰西を請西に補正。GSIは住所近傍点として採用
ゆめタウン王,広島県,福山市,found_google_maps_preferred,ゆめタウン蔵王,広島県,福山市,広島県福山市南蔵王町5丁目9-18,34.504913,133.400757,https://www.google.com/maps/search/?api=1&query=ゆめタウン蔵王,Google Mapsで部分一致する施設を優先。王を蔵王に補正
大白里ショッピングセンター・アミリィ,千葉県,大網白里市,found_google_maps_preferred,大網白里ショッピングセンター・アミリィ,千葉県,大網白里市,千葉県大網白里市みやこ野1丁目1-1,35.519333,140.314728,https://www.google.com/maps/search/?api=1&query=大網白里ショッピングセンター%20アミリィ,Google Maps名称検索で施設一致。大白里を大網白里に補正。GSIは住所近傍点として採用
心斎橋オーバ,京都府,亀岡市,found_google_maps_preferred,心斎橋オーパ,大阪府,大阪市中央区,大阪府大阪市中央区西心斎橋1丁目4-3,34.673267,135.500092,https://www.google.com/maps/search/?api=1&query=心斎橋オーパ,Google Mapsで部分一致する施設を優先。オーバをオーパに補正し県市も補正
MEGAドン・キホーテUNY東海通店,静岡県,静岡市葵区,found_google_maps_preferred,MEGAドン・キホーテUNY東海通店,愛知県,名古屋市港区,愛知県名古屋市港区港明1丁目10-28,35.111179,136.886536,https://www.google.com/maps/search/?api=1&query=MEGAドン・キホーテUNY東海通店,Google Maps名称検索の所在地を優先し県市を補正
CARINO宮崎(カリーノ宮崎),宮崎県,宮崎市,found_google_maps_preferred,CARINO宮崎(カリーノ宮崎),宮崎県,宮崎市,宮崎県宮崎市橘通東4丁目8-1,31.916628,131.424942,https://www.google.com/maps/search/?api=1&query=CARINO宮崎,Google Maps名称検索で施設一致
セブンタウン小豆沢,千葉県,流山市,found_google_maps_preferred,セブンタウン小豆沢,東京都,板橋区,東京都板橋区小豆沢3丁目9-5,35.780003,139.694962,https://www.google.com/maps/search/?api=1&query=セブンタウン小豆沢,Google Maps名称検索の所在地を優先し県市を補正
フジグラン四万十,高知県,四万十市,found_google_maps_preferred,フジグラン四万十,高知県,四万十市,高知県四万十市具同2222,32.980522,132.920609,https://www.google.com/maps/search/?api=1&query=フジグラン四万十,Google Maps名称検索で施設一致
Yストア西春店,愛知県,日進市,found_google_maps_preferred,Yストア西春店,愛知県,北名古屋市,愛知県北名古屋市鹿田若宮3926-10,35.245354,136.876862,https://www.google.com/maps/search/?api=1&query=Yストア西春店,Google Maps名称検索の所在地を優先し県市を補正。GSIは住所近傍点として採用
イトーヨーカドー東久留米店,東京都,東久留米市,found_google_maps_preferred,イトーヨーカドー東久留米店,東京都,東久留米市,東京都東久留米市本町3丁目8-1,35.760059,139.528702,https://www.google.com/maps/search/?api=1&query=イトーヨーカドー東久留米店,Google Maps名称検索で施設一致
ステップガーデン豚原台,兵庫県,神戸市北区,found_google_maps_preferred,ステップガーデン藤原台,兵庫県,神戸市北区,兵庫県神戸市北区藤原台中町1丁目4-1,34.822624,135.216995,https://www.google.com/maps/search/?api=1&query=ステップガーデン藤原台,Google Mapsで部分一致する施設を優先。豚原台を藤原台に補正。GSIは住所近傍点として採用
ショッピングセンターらぽーる,京都府,舞鶴市,found_google_maps_preferred,ショッピングセンターらぽーる,京都府,舞鶴市,京都府舞鶴市南浜町27-5,35.466640,135.395493,https://www.google.com/maps/search/?api=1&query=ショッピングセンターらぽーる,Google Maps名称検索で施設一致。GSIは住所近傍点として採用
KCA・アクロスプラザ大分駅南,大分県,大分市,found_google_maps_preferred,KCA・アクロスプラザ大分駅南,大分県,大分市,大分県大分市東大道1丁目3-1,33.232594,131.605392,https://www.google.com/maps/search/?api=1&query=アクロスプラザ大分駅南,Google Mapsで部分一致する施設を優先
パラディ学園前,奈良県,奈良市,found_google_maps_preferred,パラディ学園前,奈良県,奈良市,奈良県奈良市学園北1丁目9-1,34.697975,135.750946,https://www.google.com/maps/search/?api=1&query=パラディ学園前,Google Maps名称検索で施設一致
らびすた新杉田,神奈川県,横浜市磯子区,found_google_maps_preferred,らびすた新杉田,神奈川県,横浜市磯子区,神奈川県横浜市磯子区杉田1丁目1-1,35.385727,139.619171,https://www.google.com/maps/search/?api=1&query=らびすた新杉田,Google Maps名称検索で施設一致。GSIは住所近傍点として採用
MEGAドン・キホーテ四街道店,千葉県,四街道市,found_google_maps_preferred,MEGAドン・キホーテ四街道店,千葉県,四街道市,千葉県四街道市めいわ2丁目1-1,35.652531,140.169846,https://www.google.com/maps/search/?api=1&query=MEGAドン・キホーテ四街道店,Google Maps名称検索で施設一致。GSIは住所近傍点として採用
GARDENS CHIHAYA (本館、公園店舗),福岡県,福岡市東区,found_google_maps_preferred,GARDENS CHIHAYA,福岡県,福岡市東区,福岡県福岡市東区千早3丁目6-37,33.650047,130.436783,https://www.google.com/maps/search/?api=1&query=GARDENS%20CHIHAYA,Google Maps名称検索で施設一致
アピタ戸塚店,神奈川県,横浜市戸塚区,found_google_maps_preferred,アピタ戸塚店,神奈川県,横浜市戸塚区,神奈川県横浜市戸塚区上倉田町769-1,35.398777,139.539246,https://www.google.com/maps/search/?api=1&query=アピタ戸塚店,Google Maps名称検索で施設一致。GSIは住所近傍点として採用
プレナ葬張,千葉県,千葉市美浜区,found_google_maps_preferred,プレナ幕張,千葉県,千葉市美浜区,千葉県千葉市美浜区ひび野2丁目4,35.647892,140.040405,https://www.google.com/maps/search/?api=1&query=プレナ幕張,Google Mapsで部分一致する施設を優先。葬張を幕張に補正。GSIは住所近傍点として採用
アル・プラザ長浜,滋賀県,長浜市,found_google_maps_preferred,アル・プラザ長浜,滋賀県,長浜市,滋賀県長浜市小堀町450,35.383659,136.285843,https://www.google.com/maps/search/?api=1&query=アル・プラザ長浜,Google Maps名称検索で施設一致
UNICUS伊奈(ウニクス伊奈),埼玉県,北足立郡伊奈町,found_google_maps_preferred,UNICUS伊奈(ウニクス伊奈),埼玉県,北足立郡伊奈町,埼玉県北足立郡伊奈町学園2丁目188-1,36.010071,139.613113,https://www.google.com/maps/search/?api=1&query=UNICUS伊奈,Google Maps名称検索で施設一致。GSIは住所近傍点として採用
マルナカスーパーセンター宇多津店,香川県,綾歌郡宇多津町,found_google_maps_preferred,マルナカスーパーセンター宇多津店,香川県,綾歌郡宇多津町,香川県綾歌郡宇多津町2419-1,34.310349,133.825516,https://www.google.com/maps/search/?api=1&query=マルナカスーパーセンター宇多津店,Google Maps名称検索で施設一致。GSIは町代表寄りの近傍点として採用
ショッピングプラザ タクト,徳島県,徳島市,found_google_maps_preferred,ショッピングプラザ タクト,徳島県,徳島市,徳島県徳島市南島田町3丁目55,34.080238,134.508377,https://www.google.com/maps/search/?api=1&query=ショッピングプラザ%20タクト,Google Maps名称検索で施設一致
汐留シティセンター,千葉県,流山市,found_google_maps_preferred,汐留シティセンター,東京都,港区,東京都港区東新橋1丁目5-2,35.665634,139.761398,https://www.google.com/maps/search/?api=1&query=汐留シティセンター,Google Maps名称検索の所在地を優先し県市を補正。GSIは住所近傍点として採用
ひばりが丘PARCO,東京都,西東京市,found_google_maps_preferred,ひばりが丘PARCO,東京都,西東京市,東京都西東京市ひばりが丘1丁目1-1,35.751766,139.544571,https://www.google.com/maps/search/?api=1&query=ひばりが丘PARCO,Google Maps名称検索で施設一致
ベイタウン本牧五番街,神奈川県,横浜市中区,found_google_maps_preferred,ベイタウン本牧五番街,神奈川県,横浜市中区,神奈川県横浜市中区本牧原12-1,35.425678,139.665771,https://www.google.com/maps/search/?api=1&query=ベイタウン本牧五番街,Google Maps名称検索で施設一致
いなりもとまちアピア,富山県,富山市,found_google_maps_preferred,いなりもとまちアピア,富山県,富山市,富山県富山市稲荷元町2丁目11-1,36.697136,137.229507,https://www.google.com/maps/search/?api=1&query=いなりもとまちアピア,Google Maps名称検索で施設一致
プラザハウスショッピングセンター&フェアモール,沖縄県,沖縄市,found_google_maps_preferred,プラザハウスショッピングセンター&フェアモール,沖縄県,沖縄市,沖縄県沖縄市久保田3丁目1-12,26.319742,127.793175,https://www.google.com/maps/search/?api=1&query=プラザハウスショッピングセンター,Google Mapsで部分一致する施設を優先
MrMax時津ショッピングセンター,長崎県,西彼杵郡時津町,found_google_maps_preferred,MrMax時津ショッピングセンター,長崎県,西彼杵郡時津町,長崎県西彼杵郡時津町左底郷1832-1,32.835182,129.844635,https://www.google.com/maps/search/?api=1&query=MrMax時津ショッピングセンター,Google Maps名称検索で施設一致。GSIは住所近傍点として採用
川崎モアーズ,神奈川県,川崎市川崎区,found_google_maps_preferred,川崎モアーズ,神奈川県,川崎市川崎区,神奈川県川崎市川崎区駅前本町7,35.530628,139.699875,https://www.google.com/maps/search/?api=1&query=川崎モアーズ,Google Maps名称検索で施設一致
丸井吉祥寺店,東京都,武蔵野市,found_google_maps_preferred,丸井吉祥寺店,東京都,武蔵野市,東京都武蔵野市吉祥寺南町1丁目7-1,35.702263,139.579193,https://www.google.com/maps/search/?api=1&query=丸井吉祥寺店,Google Maps名称検索で施設一致
アピタ千代田橋店,愛知県,名古屋市千種区,found_google_maps_preferred,アピタ千代田橋店,愛知県,名古屋市千種区,愛知県名古屋市千種区千代田橋2丁目1-1,35.187107,136.969559,https://www.google.com/maps/search/?api=1&query=アピタ千代田橋店,Google Maps名称検索で施設一致。GSIは住所近傍点として採用
フジグランナタリー,広島県,廿日市市,found_google_maps_preferred,フジグランナタリー,広島県,廿日市市,広島県廿日市市阿品3丁目1-1,34.323738,132.318344,https://www.google.com/maps/search/?api=1&query=フジグランナタリー,Google Maps名称検索で施設一致。GSIは住所近傍点として採用
パトリア品川店,東京都,品川区,found_google_maps_preferred,パトリア品川店,東京都,品川区,東京都品川区八潮5丁目5-3,35.599926,139.750595,https://www.google.com/maps/search/?api=1&query=パトリア品川店,Google Maps名称検索で施設一致
イトーヨーカドー知多店,愛知県,知多市,found_google_maps_preferred,イトーヨーカドー知多店,愛知県,知多市,愛知県知多市新知東町1丁目10-1,34.981350,136.866821,https://www.google.com/maps/search/?api=1&query=イトーヨーカドー知多店,Google Maps名称検索で施設一致。GSIは住所近傍点として採用
えきマチ1丁目別府,大分県,別府市,found_google_maps_preferred,えきマチ1丁目別府,大分県,別府市,大分県別府市駅前町12-13,33.279415,131.500992,https://www.google.com/maps/search/?api=1&query=えきマチ1丁目別府,Google Maps名称検索で施設一致
原信マーケットシティ河波,新潟県,新潟市東区,found_google_maps_preferred,原信マーケットシティ河渡,新潟県,新潟市東区,新潟県新潟市東区河渡庚135-1,37.931572,139.101547,https://www.google.com/maps/search/?api=1&query=原信マーケットシティ河渡,Google Mapsで部分一致する施設を優先。河波を河渡に補正。GSIは住所近傍点として採用
MrMax八極西ショッピングセンター,福岡県,北九州市八幡西区,found_google_maps_preferred,MrMax八幡西ショッピングセンター,福岡県,北九州市八幡西区,福岡県北九州市八幡西区真名子2丁目4-1,33.784035,130.729050,https://www.google.com/maps/search/?api=1&query=MrMax八幡西ショッピングセンター,Google Mapsで部分一致する施設を優先。八極西を八幡西に補正。GSIは住所近傍点として採用
MEGAドン・キホーテUNY掛川店,静岡県,掛川市,found_google_maps_preferred,MEGAドン・キホーテUNY掛川店,静岡県,掛川市,静岡県掛川市大池2826,34.773159,137.989471,https://www.google.com/maps/search/?api=1&query=MEGAドン・キホーテUNY掛川店,Google Maps名称検索で施設一致
アル・プラザ瀬田,滋賀県,大津市,found_google_maps_preferred,アル・プラザ瀬田,滋賀県,大津市,滋賀県大津市月輪1丁目3-8,34.987038,135.928680,https://www.google.com/maps/search/?api=1&query=アル・プラザ瀬田,Google Maps名称検索で施設一致
天満屋ハピータウン原尾島店,岡山県,岡山市中区,found_google_maps_preferred,天満屋ハピータウン原尾島店,岡山県,岡山市中区,岡山県岡山市中区原尾島1丁目6-20,34.671471,133.946991,https://www.google.com/maps/search/?api=1&query=天満屋ハピータウン原尾島店,Google Maps名称検索で施設一致
キャスタ,愛知県,犬山市,found_google_maps_preferred,キャスタ,愛知県,犬山市,愛知県犬山市天神町1丁目1,35.381451,136.946991,https://www.google.com/maps/search/?api=1&query=キャスタ%20犬山,Google Maps名称検索で施設一致
ジャンボスクエア山科(西友山科店),京都府,京都市山科区,found_google_maps_preferred,ジャンボスクエア山科(西友山科店),京都府,京都市山科区,京都府京都市山科区音羽野田町1,34.984295,135.816391,https://www.google.com/maps/search/?api=1&query=ジャンボスクエア山科,Google Maps名称検索で施設一致
アクロスプラザ三芳,埼玉県,入間郡三芳町,found_google_maps_preferred,アクロスプラザ三芳,埼玉県,入間郡三芳町,埼玉県入間郡三芳町藤久保855-403,35.838577,139.523819,https://www.google.com/maps/search/?api=1&query=アクロスプラザ三芳,Google Maps名称検索で施設一致。GSIは住所近傍点として採用
アクロスモール新鎌ケ谷,千葉県,鎌ヶ谷市,found_google_maps_preferred,アクロスモール新鎌ケ谷,千葉県,鎌ケ谷市,千葉県鎌ケ谷市新鎌ケ谷2丁目12-1,35.780136,140.001419,https://www.google.com/maps/search/?api=1&query=アクロスモール新鎌ケ谷,Google Maps名称検索で施設一致。鎌ヶ谷市表記を鎌ケ谷市へ正規化。GSIは住所近傍点として採用
バロー豊橋店,愛知県,豊橋市,found_google_maps_preferred,バロー豊橋店,愛知県,豊橋市,愛知県豊橋市前田南町2丁目17-2,34.754032,137.393082,https://www.google.com/maps/search/?api=1&query=バロー豊橋店,Google Maps名称検索で施設一致。GSIは住所近傍点として採用
Q-STA(富士山駅ビルショッピングセンター),山梨県,富士吉田市,found_google_maps_preferred,Q-STA(富士山駅ビルショッピングセンター),山梨県,富士吉田市,山梨県富士吉田市上吉田2丁目5-1,35.483513,138.795120,https://www.google.com/maps/search/?api=1&query=Q-STA%20富士山駅ビル,Google Maps名称検索で施設一致。GSIは住所近傍点として採用
コンフォモール内避,石川県,河北郡内灘町,found_google_maps_preferred,コンフォモール内灘,石川県,河北郡内灘町,石川県河北郡内灘町千鳥台4丁目1,36.639175,136.624817,https://www.google.com/maps/search/?api=1&query=コンフォモール内灘,Google Mapsで部分一致する施設を優先。内避を内灘に補正
MAROOT (マルート),神奈川県,海老名市,found_google_maps_preferred,MAROOT (マルート),富山県,富山市,富山県富山市明輪町1-231,36.701885,137.212357,https://www.google.com/maps/search/?api=1&query=MAROOT%20マルート,Google Maps名称検索の所在地を優先し県市を補正。GSIは住所近傍点として採用
イオン西新井店,千葉県,流山市,found_google_maps_preferred,イオン西新井店,東京都,足立区,東京都足立区梅島3丁目32-7,35.778095,139.790802,https://www.google.com/maps/search/?api=1&query=イオン西新井店,Google Maps名称検索の所在地を優先し県市を補正
NU chayamachi (ヌー茶屋町),京都府,亀岡市,found_google_maps_preferred,NU chayamachi (ヌー茶屋町),大阪府,大阪市北区,大阪府大阪市北区茶屋町10-12,34.706814,135.499069,https://www.google.com/maps/search/?api=1&query=NU%20chayamachi,Google Maps名称検索の所在地を優先し県市を補正
相鉄ライフ三ツ境,東京都,多摩市,found_google_maps_preferred,相鉄ライフ三ツ境,神奈川県,横浜市瀬谷区,神奈川県横浜市瀬谷区三ツ境2-19,35.468433,139.502655,https://www.google.com/maps/search/?api=1&query=相鉄ライフ三ツ境,Google Maps名称検索の所在地を優先し県市を補正。GSIは住所近傍点として採用
アピタ線店,静岡県,静岡市葵区,found_google_maps_preferred,アピタ静岡店,静岡県,静岡市駿河区,静岡県静岡市駿河区石田1丁目5-1,34.959232,138.401062,https://www.google.com/maps/search/?api=1&query=アピタ静岡店,Google Mapsで部分一致する施設を優先。線店を静岡店に補正し県市も補正。GSIは住所近傍点として採用
フローレ川(イオン鴨川店),千葉県,鴨川市,found_google_maps_preferred,フローレ鴨川(イオン鴨川店),千葉県,鴨川市,千葉県鴨川市横渚973-1,35.108685,140.102783,https://www.google.com/maps/search/?api=1&query=フローレ鴨川%20イオン鴨川店,Google Mapsで部分一致する施設を優先。フローレ川をフローレ鴨川に補正。GSIは住所近傍点として採用
新井ショッピングセンターコア,新潟県,妙高市,found_google_maps_preferred,新井ショッピングセンターコア,新潟県,妙高市,新潟県妙高市栗原4丁目7-11,37.055851,138.261795,https://www.google.com/maps/search/?api=1&query=新井ショッピングセンターコア,Google Maps名称検索で施設一致
Friend Town KOKA,滋賀県,甲賀市,found_google_maps_preferred,Friend Town KOKA,滋賀県,甲賀市,滋賀県甲賀市甲南町竜法師338-3,34.923611,136.171616,https://www.google.com/maps/search/?api=1&query=Friend%20Town%20KOKA,Google Maps名称検索で施設一致
伊東ショッピングプラザ・デュオ,静岡県,伊東市,found_google_maps_preferred,伊東ショッピングプラザ・デュオ,静岡県,伊東市,静岡県伊東市玖須美元和田720-143,34.947483,139.111313,https://www.google.com/maps/search/?api=1&query=伊東ショッピングプラザ・デュオ,Google Maps名称検索で施設一致。GSIは住所近傍点として採用
東京ドームシティラクーア,千葉県,流山市,found_google_maps_preferred,東京ドームシティラクーア,東京都,文京区,東京都文京区春日1丁目1-1,35.705814,139.753983,https://www.google.com/maps/search/?api=1&query=東京ドームシティラクーア,Google Maps名称検索の所在地を優先し県市を補正
天神地下街,愛媛県,西条市,found_google_maps_preferred,天神地下街,福岡県,福岡市中央区,福岡県福岡市中央区天神2丁目地下1号,33.589390,130.398041,https://www.google.com/maps/search/?api=1&query=天神地下街,Google Maps名称検索の所在地を優先し県市を補正。GSIは町丁目近傍点として採用
神奈川 LICOPA鶴見(リコバ鶴見),神奈川県,横浜市鶴見区,found_google_maps_preferred,LICOPA鶴見(リコパ鶴見),神奈川県,横浜市鶴見区,神奈川県横浜市鶴見区鶴見中央3丁目15-30,35.509384,139.685944,https://www.google.com/maps/search/?api=1&query=LICOPA鶴見,Google Mapsで部分一致する施設を優先。名称表記を補正
イズミヤショッピングセンター高野,京都府,京都市左京区,found_google_maps_preferred,イズミヤショッピングセンター高野,京都府,京都市左京区,京都府京都市左京区高野東開町16,35.041153,135.781189,https://www.google.com/maps/search/?api=1&query=イズミヤショッピングセンター高野,Google Maps名称検索で施設一致
ハイパーモールMERX田川 (ハイパーモールメルクス田川),福岡県,田川市,found_google_maps_preferred,ハイパーモールMERX田川 (ハイパーモールメルクス田川),福岡県,田川市,福岡県田川市大字川宮1706-1,33.650200,130.800766,https://www.google.com/maps/search/?api=1&query=ハイパーモールメルクス田川,Google Maps名称検索で施設一致。GSIは住所近傍点として採用
ビアゴ多治見店,岐阜県,多治見市,found_google_maps_preferred,ピアゴ多治見店,岐阜県,多治見市,岐阜県多治見市住吉町3丁目19-1,35.343582,137.122696,https://www.google.com/maps/search/?api=1&query=ピアゴ多治見店,Google Mapsで部分一致する施設を優先。ビアゴをピアゴに補正。GSIは住所近傍点として採用
ダイエー桂南店,京都府,京都市南区,found_google_maps_preferred,ダイエー桂南店,京都府,京都市南区,京都府京都市南区久世上久世町485,34.967133,135.717224,https://www.google.com/maps/search/?api=1&query=ダイエー桂南店,Google Maps名称検索で施設一致
P・A・P・A上尾ショッピングアヴェニュー (パパ上尾ショッピングアヴェニュー),埼玉県,上尾市,found_google_maps_preferred,P・A・P・A上尾ショッピングアヴェニュー (パパ上尾ショッピングアヴェニュー),埼玉県,上尾市,埼玉県上尾市緑丘3-3-11,35.986404,139.579102,https://www.google.com/maps/search/?api=1&query=PAPA上尾ショッピングアヴェニュー,Google Maps名称検索で施設一致。GSIは住所近傍点として採用
ぷらりと京王府中,東京都,府中市,found_google_maps_preferred,ぷらりと京王府中,東京都,府中市,東京都府中市府中町1丁目2-1,35.672462,139.479797,https://www.google.com/maps/search/?api=1&query=ぷらりと京王府中,Google Maps名称検索で施設一致
MEGAドン・キホーテUNY高森店,長野県,下伊那郡高森町,found_google_maps_preferred,MEGAドン・キホーテUNY高森店,長野県,下伊那郡高森町,長野県下伊那郡高森町山吹4515,35.576221,137.897797,https://www.google.com/maps/search/?api=1&query=MEGAドン・キホーテUNY高森店,Google Maps名称検索で施設一致
イオンスタイル板橋前野町,千葉県,流山市,found_google_maps_preferred,イオンスタイル板橋前野町,東京都,板橋区,東京都板橋区前野町4丁目21-22,35.770966,139.692184,https://www.google.com/maps/search/?api=1&query=イオンスタイル板橋前野町,Google Maps名称検索の所在地を優先し県市を補正
ROX.ROX2G、ROX・3G、ROXドーム,千葉県,流山市,found_google_maps_preferred,ROX・ROX2G・ROX3G・ROX DOME,東京都,台東区,東京都台東区浅草1丁目25-15,35.712940,139.793137,https://www.google.com/maps/search/?api=1&query=浅草ROX,Google Mapsで部分一致する施設群を優先し県市を補正。名称表記も補正
東久留米ショッピングセンター QURUNE (東久留米ショッピングセンタークルネ),東京都,東久留米市,found_google_maps_preferred,東久留米ショッピングセンター QURUNE (東久留米ショッピングセンタークルネ),東京都,東久留米市,東京都東久留米市野火止1丁目3-3,35.758980,139.511948,https://www.google.com/maps/search/?api=1&query=東久留米ショッピングセンター%20QURUNE,Google Maps名称検索で施設一致
アピタ飯田店,長野県,飯田市,found_google_maps_preferred,アピタ飯田店,長野県,飯田市,長野県飯田市鼎名古熊2461,35.500027,137.829712,https://www.google.com/maps/search/?api=1&query=アピタ飯田店,Google Maps名称検索で施設一致
エルティ932・ガーデンシティ草津,滋賀県,草津市,found_google_maps_preferred,エルティ932・ガーデンシティ草津,滋賀県,草津市,滋賀県草津市大路1丁目1-1,35.021236,135.961273,https://www.google.com/maps/search/?api=1&query=エルティ932,Google Maps名称検索で施設一致。GSIは住所近傍点として採用
うえほんまちハイハイタウン,大阪府,大阪市天王寺区,found_google_maps_preferred,うえほんまちハイハイタウン,大阪府,大阪市天王寺区,大阪府大阪市天王寺区上本町6丁目3-31,34.666039,135.518631,https://www.google.com/maps/search/?api=1&query=うえほんまちハイハイタウン,Google Maps名称検索で施設一致
イオン岡店,京都府,亀岡市,found_google_maps_preferred,イオン亀岡店,京都府,亀岡市,京都府亀岡市古世町西内坪101,35.015030,135.583939,https://www.google.com/maps/search/?api=1&query=イオン亀岡店,Google Mapsで部分一致する施設を優先。岡店を亀岡店に補正
ゆめタウン学園店,広島県,東広島市,found_google_maps_preferred,ゆめタウン学園店,広島県,東広島市,広島県東広島市西条下見6丁目2-32,34.408741,132.714874,https://www.google.com/maps/search/?api=1&query=ゆめタウン学園店,Google Maps名称検索で施設一致
コピオ愛川ショッピングセンター,神奈川県,愛甲郡愛川町,found_google_maps_preferred,コピオ愛川ショッピングセンター,神奈川県,愛甲郡愛川町,神奈川県愛甲郡愛川町角田580,35.532650,139.329330,https://www.google.com/maps/search/?api=1&query=コピオ愛川ショッピングセンター,Google Maps名称検索で施設一致
イズミヤショッピングセンター門真,大阪府,門真市,found_google_maps_preferred,イズミヤショッピングセンター門真,大阪府,門真市,大阪府門真市新橋町3-1-101,34.738194,135.584808,https://www.google.com/maps/search/?api=1&query=イズミヤショッピングセンター門真,Google Maps名称検索で施設一致
レスパスシティ(クールスモール),愛媛県,東温市,found_google_maps_preferred,レスパスシティ(クールスモール),愛媛県,東温市,愛媛県東温市見奈良1125,33.790951,132.880249,https://www.google.com/maps/search/?api=1&query=レスパスシティ%20クールスモール,Google Maps名称検索で施設一致
ダイエー湊川店,兵庫県,神戸市兵庫区,found_google_maps_preferred,ダイエー湊川店,兵庫県,神戸市兵庫区,兵庫県神戸市兵庫区荒田町2丁目18-20,34.681267,135.166092,https://www.google.com/maps/search/?api=1&query=ダイエー湊川店,Google Maps名称検索で施設一致
アピタ高崎店,群馬県,高崎市,found_google_maps_preferred,アピタ高崎店,群馬県,高崎市,群馬県高崎市矢中町668-1,36.306900,139.048309,https://www.google.com/maps/search/?api=1&query=アピタ高崎店,Google Maps名称検索で施設一致。GSIは住所近傍点として採用
西友守谷店,茨城県,守谷市,found_google_maps_preferred,西友守谷店,茨城県,守谷市,茨城県守谷市けやき台4丁目1-5,35.936146,139.994400,https://www.google.com/maps/search/?api=1&query=西友守谷店,Google Maps名称検索で施設一致。GSIは住所近傍点として採用
Odakyu OX 狛江店,東京都,狛江市,found_google_maps_preferred,Odakyu OX 狛江店,東京都,狛江市,東京都狛江市元和泉1丁目2-1,35.633244,139.577957,https://www.google.com/maps/search/?api=1&query=Odakyu%20OX%20狛江店,Google Maps名称検索で施設一致。GSIは住所近傍点として採用
河辺タウンビル(イオンスタイル河辺),東京都,青梅市,found_google_maps_preferred,河辺タウンビル(イオンスタイル河辺),東京都,青梅市,東京都青梅市河辺町10丁目7-1,35.785385,139.285904,https://www.google.com/maps/search/?api=1&query=河辺タウンビル%20イオンスタイル河辺,Google Maps名称検索で施設一致。GSIは住所近傍点として採用
三井ショッピングパークアーパン 交詢ビル,東京都,中央区,found_google_maps_preferred,三井ショッピングパーク アーバン 交詢ビル,東京都,中央区,東京都中央区銀座6丁目8-7,35.670124,139.763062,https://www.google.com/maps/search/?api=1&query=交詢ビル,Google Mapsで部分一致する施設を優先。アーパンをアーバンに補正
ゲートシティプラザ(ゲートシティ大崎),東京都,品川区,found_google_maps_preferred,ゲートシティプラザ(ゲートシティ大崎),東京都,品川区,東京都品川区大崎1丁目11-1,35.619953,139.731201,https://www.google.com/maps/search/?api=1&query=ゲートシティ大崎,Google Maps名称検索で施設一致
松本PARCO,長野県,松本市,found_google_maps_preferred,松本PARCO,長野県,松本市,長野県松本市中央1丁目10-30,36.232265,137.968079,https://www.google.com/maps/search/?api=1&query=松本PARCO,Google Maps名称検索で施設一致
イオン高城店,大分県,大分市,found_google_maps_preferred,イオン高城店,大分県,大分市,大分県大分市高城西町28-1,33.241634,131.651596,https://www.google.com/maps/search/?api=1&query=イオン高城店,Google Maps名称検索で施設一致
村上プラザ、イオン村上東店,新潟県,村上市,found_google_maps_preferred,村上プラザ、イオン村上東店,新潟県,村上市,新潟県村上市仲間町200,38.221275,139.491577,https://www.google.com/maps/search/?api=1&query=村上プラザ%20イオン村上東店,Google Maps名称検索で施設一致
イトーヨーカドー上永谷店,東京都,多摩市,found_google_maps_preferred,イトーヨーカドー上永谷店,神奈川県,横浜市港南区,神奈川県横浜市港南区丸山台1丁目12,35.400539,139.571854,https://www.google.com/maps/search/?api=1&query=イトーヨーカドー上永谷店,Google Maps名称検索の所在地を優先し県市を補正。GSIは住所近傍点として採用
変の杜フォルテ,千葉県,習志野市,found_google_maps_preferred,奏の杜フォルテ,千葉県,習志野市,千葉県習志野市奏の杜2丁目1-1,35.688477,140.015350,https://www.google.com/maps/search/?api=1&query=奏の杜フォルテ,Google Mapsで部分一致する施設を優先。変の杜を奏の杜に補正
ゆめタウン製川,島根県,出雲市,found_google_maps_preferred,ゆめタウン斐川,島根県,出雲市,島根県出雲市斐川町上直江1301-1,35.387589,132.808548,https://www.google.com/maps/search/?api=1&query=ゆめタウン斐川,Google Mapsで部分一致する施設を優先。製川を斐川に補正。GSIは住所近傍点として採用
イオンタウン毛山,埼玉県,入間郡毛呂山町,found_google_maps_preferred,イオンタウン毛呂山,埼玉県,入間郡毛呂山町,埼玉県入間郡毛呂山町川角58-1,35.946400,139.329681,https://www.google.com/maps/search/?api=1&query=イオンタウン毛呂山,Google Mapsで部分一致する施設を優先。毛山を毛呂山に補正。GSIは住所近傍点として採用
グローバルゲート,静岡県,静岡市葵区,found_google_maps_preferred,グローバルゲート,愛知県,名古屋市中村区,愛知県名古屋市中村区平池町4丁目60-12,35.161720,136.882553,https://www.google.com/maps/search/?api=1&query=グローバルゲート,Google Maps名称検索の所在地を優先し県市を補正。GSIは住所近傍点として採用
フジグラン高島,高知県,高知市,found_google_maps_preferred,フジグラン高知,高知県,高知市,高知県高知市朝倉東町52-15,33.542660,133.498444,https://www.google.com/maps/search/?api=1&query=フジグラン高知,Google Mapsで部分一致する施設を優先。高島を高知に補正
ルミネ新宿1,千葉県,流山市,found_google_maps_preferred,ルミネ新宿1,東京都,新宿区,東京都新宿区西新宿1丁目1-5,35.688580,139.699432,https://www.google.com/maps/search/?api=1&query=ルミネ新宿1,Google Maps名称検索の所在地を優先し県市を補正。GSIは住所近傍点として採用
セルバ甲南山手,兵庫県,神戸市東灘区,found_google_maps_preferred,セルバ甲南山手,兵庫県,神戸市東灘区,兵庫県神戸市東灘区森南町1丁目5-1,34.729210,135.294785,https://www.google.com/maps/search/?api=1&query=セルバ甲南山手,Google Maps名称検索で施設一致
わくわくCITY オークワ尾崎店,大阪府,阪南市,found_google_maps_preferred,わくわくCITY オークワ尾崎店,大阪府,阪南市,大阪府阪南市下出167-1,34.361763,135.243500,https://www.google.com/maps/search/?api=1&query=わくわくCITY%20オークワ尾崎店,Google Maps名称検索で施設一致。GSIは住所近傍点として採用
ワールドデザインシティ・GIFU アクティブG,岐阜県,岐阜市,found_google_maps_preferred,ワールドデザインシティ・GIFU アクティブG,岐阜県,岐阜市,岐阜県岐阜市橋本町1丁目10-1,35.409679,136.754929,https://www.google.com/maps/search/?api=1&query=アクティブG,Google Maps名称検索で施設一致。GSIは住所近傍点として採用
川崎駅東口地下街 アゼリア,神奈川県,川崎市川崎区,found_google_maps_preferred,川崎駅東口地下街 アゼリア,神奈川県,川崎市川崎区,神奈川県川崎市川崎区駅前本町26-2,35.530125,139.697968,https://www.google.com/maps/search/?api=1&query=川崎駅東口地下街%20アゼリア,Google Maps名称検索で施設一致。GSIは住所近傍点として採用
ヒルトンプラザ イースト,京都府,亀岡市,found_google_maps_preferred,ヒルトンプラザ イースト,大阪府,大阪市北区,大阪府大阪市北区梅田1丁目8-16,34.700497,135.496002,https://www.google.com/maps/search/?api=1&query=ヒルトンプラザ%20イースト,Google Maps名称検索の所在地を優先し県市を補正
オギノ茅野ショッピングセンター,福井県,福井市,found_google_maps_preferred,オギノ茅野ショッピングセンター,長野県,茅野市,長野県茅野市塚原1丁目17-1,36.001713,138.149094,https://www.google.com/maps/search/?api=1&query=オギノ茅野ショッピングセンター,Google Maps名称検索の所在地を優先し県市を補正
星川ショッピングタウン サンシティ,三重県,桑名市,found_google_maps_preferred,星川ショッピングタウン サンシティ,三重県,桑名市,三重県桑名市星川785,35.067963,136.626846,https://www.google.com/maps/search/?api=1&query=星川ショッピングタウン%20サンシティ,Google Maps名称検索で施設一致
MEGAドン・キホーテ浦和原山店,埼玉県,さいたま市緑区,found_google_maps_preferred,MEGAドン・キホーテ浦和原山店,埼玉県,さいたま市緑区,埼玉県さいたま市緑区原山4丁目3-3,35.871334,139.674057,https://www.google.com/maps/search/?api=1&query=MEGAドン・キホーテ浦和原山店,Google Maps名称検索で施設一致
MEGAドン・キホーテ武蔵小金井駅前店,東京都,小金井市,found_google_maps_preferred,MEGAドン・キホーテ武蔵小金井駅前店,東京都,小金井市,東京都小金井市本町5丁目11-2,35.701481,139.505585,https://www.google.com/maps/search/?api=1&query=MEGAドン・キホーテ武蔵小金井駅前店,Google Maps名称検索で施設一致
ベルシャイン ヶ根店,長野県,駒ヶ根市,found_google_maps_preferred,ベルシャイン駒ヶ根店,長野県,駒ヶ根市,長野県駒ヶ根市赤穂1568,35.742172,137.926712,https://www.google.com/maps/search/?api=1&query=ベルシャイン駒ヶ根店,Google Mapsで部分一致する施設を優先。ヶ根店を駒ヶ根店に補正
入間ショッピングプラザ サイオス,埼玉県,入間市,found_google_maps_preferred,入間ショッピングプラザ サイオス,埼玉県,入間市,埼玉県入間市豊岡2丁目1-1,35.835850,139.386963,https://www.google.com/maps/search/?api=1&query=入間ショッピングプラザ%20サイオス,Google Maps名称検索で施設一致
銀座ナイン,東京都,中央区,found_google_maps_preferred,銀座ナイン,東京都,中央区,東京都中央区銀座8丁目10,35.667789,139.762314,https://www.google.com/maps/search/?api=1&query=銀座ナイン,Google Maps名称検索で施設一致。GSIは住所近傍点として採用
市 イオン野々市南店,石川県,野々市市,found_google_maps_preferred,イオン野々市南店,石川県,野々市市,石川県野々市市上林4丁目747,36.502281,136.605789,https://www.google.com/maps/search/?api=1&query=イオン野々市南店,Google Mapsで部分一致する施設を優先。OCR混入した市を削除
UNICUS吉川(ウニクス吉川),埼玉県,吉川市,found_google_maps_preferred,UNICUS吉川(ウニクス吉川),埼玉県,吉川市,埼玉県吉川市栄町797-1,35.885380,139.851868,https://www.google.com/maps/search/?api=1&query=UNICUS吉川,Google Maps名称検索で施設一致。GSIは住所近傍点として採用
MEGAドン・キホーテ立川店,東京都,立川市,found_google_maps_preferred,MEGAドン・キホーテ立川店,東京都,立川市,東京都立川市曙町2丁目18-18,35.700439,139.416107,https://www.google.com/maps/search/?api=1&query=MEGAドン・キホーテ立川店,Google Maps名称検索で施設一致
MEGAドン・キホーテUNY富士吉原店,静岡県,富士市,found_google_maps_preferred,MEGAドン・キホーテUNY富士吉原店,静岡県,富士市,静岡県富士市国久保2丁目1-10,35.168308,138.680161,https://www.google.com/maps/search/?api=1&query=MEGAドン・キホーテUNY富士吉原店,Google Maps名称検索で施設一致
PASSAGGIO(パサージオ),千葉県,流山市,found_google_maps_preferred,PASSAGGIO(パサージオ),東京都,足立区,東京都足立区西新井栄町1丁目17-1,35.774784,139.789597,https://www.google.com/maps/search/?api=1&query=PASSAGGIO%20パサージオ,Google Maps名称検索の所在地を優先し県市を補正。GSIは住所近傍点として採用
COMBOX光明池(コムボックス光明池),大阪府,和泉市,found_google_maps_preferred,COMBOX光明池(コムボックス光明池),大阪府,和泉市,大阪府和泉市室堂町824-36,34.468456,135.474014,https://www.google.com/maps/search/?api=1&query=COMBOX光明池,Google Maps名称検索で施設一致。GSIは住所近傍点として採用
フレスタモール カジル岩国,山口県,岩国市,found_google_maps_preferred,フレスタモール カジル岩国,山口県,岩国市,山口県岩国市室の木町1丁目2-38,34.170364,132.213104,https://www.google.com/maps/search/?api=1&query=フレスタモール%20カジル岩国,Google Maps名称検索で施設一致
全山エコータウン,三重県,亀山市,found_google_maps_preferred,亀山エコータウン,三重県,亀山市,三重県亀山市東御幸町222,34.851814,136.457367,https://www.google.com/maps/search/?api=1&query=亀山エコータウン,Google Mapsで部分一致する施設を優先。全山を亀山に補正
明海トリトン,東京都,中央区,found_google_maps_preferred,晴海トリトン,東京都,中央区,東京都中央区晴海1丁目8-16,35.655556,139.781830,https://www.google.com/maps/search/?api=1&query=晴海トリトン,Google Mapsで部分一致する施設を優先。明海を晴海に補正。GSIは住所近傍点として採用
ブランチ神戸学園都市,兵庫県,神戸市垂水区,found_google_maps_preferred,ブランチ神戸学園都市,兵庫県,神戸市垂水区,兵庫県神戸市垂水区小束山手2丁目2-1,34.673367,135.061310,https://www.google.com/maps/search/?api=1&query=ブランチ神戸学園都市,Google Maps名称検索で施設一致。GSIは住所近傍点として採用
APITAパワー君津店,千葉県,君津市,found_google_maps_preferred,APITAパワー君津店,千葉県,君津市,千葉県君津市久保1丁目1-1,35.332150,139.897812,https://www.google.com/maps/search/?api=1&query=APITAパワー君津店,Google Maps名称検索で施設一致
アクト神辺,広島県,福山市,found_google_maps_preferred,アクト神辺,広島県,福山市,広島県福山市神辺町新湯野2丁目30-4,34.560524,133.390121,https://www.google.com/maps/search/?api=1&query=アクト神辺,Google Maps名称検索で施設一致。GSIは住所近傍点として採用
平和堂江南店,愛知県,江南市,found_google_maps_preferred,平和堂江南店,愛知県,江南市,愛知県江南市上奈良町栄61-3,35.332413,136.856522,https://www.google.com/maps/search/?api=1&query=平和堂江南店,Google Maps名称検索で施設一致
エルエルTOWIN,愛知県,岡崎市,found_google_maps_preferred,エルエルTOWN,愛知県,岡崎市,愛知県岡崎市上和田町南天白5-1,34.933449,137.146210,https://www.google.com/maps/search/?api=1&query=エルエルTOWN,Google Mapsで部分一致する施設を優先。TOWINをTOWNに補正
オークワロマンシティ御坊店,和歌山県,御坊市,found_google_maps_preferred,オークワロマンシティ御坊店,和歌山県,御坊市,和歌山県御坊市湯川町財部181,33.897629,135.148773,https://www.google.com/maps/search/?api=1&query=オークワロマンシティ御坊店,Google Maps名称検索で施設一致
カインズ生店,埼玉県,羽生市,found_google_maps_preferred,カインズ羽生店,埼玉県,羽生市,埼玉県羽生市大字小松388,36.157959,139.533951,https://www.google.com/maps/search/?api=1&query=カインズ羽生店,Google Mapsで部分一致する施設を優先。生店を羽生店に補正
越谷ショッピングスクエア アルコ,埼玉県,越谷市,found_google_maps_preferred,越谷ショッピングスクエア アルコ,埼玉県,越谷市,埼玉県越谷市越ケ谷1丁目16-6,35.886868,139.788589,https://www.google.com/maps/search/?api=1&query=越谷ショッピングスクエア%20アルコ,Google Maps名称検索で施設一致
SHIBUYA109渋谷店,東京都,渋谷区,found_google_maps_preferred,SHIBUYA109渋谷店,東京都,渋谷区,東京都渋谷区道玄坂2丁目29-1,35.659466,139.698898,https://www.google.com/maps/search/?api=1&query=SHIBUYA109渋谷店,Google Maps名称検索で施設一致
ソラリアステージ,愛媛県,西条市,found_google_maps_preferred,ソラリアステージ,福岡県,福岡市中央区,福岡県福岡市中央区天神2丁目11-3,33.590420,130.398895,https://www.google.com/maps/search/?api=1&query=ソラリアステージ,Google Maps名称検索の所在地を優先し県市を補正。GSIは住所近傍点として採用
バロー長良店,岐阜県,岐阜市,found_google_maps_preferred,バロー長良店,岐阜県,岐阜市,岐阜県岐阜市長良東町2-45,35.447205,136.778839,https://www.google.com/maps/search/?api=1&query=バロー長良店,Google Maps名称検索で施設一致。GSIは住所近傍点として採用
麦有ショッピングセンター(イオン十日町店),新潟県,十日町市,found_google_maps_preferred,妻有ショッピングセンター(イオン十日町店),新潟県,十日町市,新潟県十日町市高田町6丁目616-1,37.138062,138.746033,https://www.google.com/maps/search/?api=1&query=妻有ショッピングセンター%20イオン十日町店,Google Mapsで部分一致する施設を優先。麦有を妻有に補正。GSIは住所近傍点として採用
ダイエー西台店,千葉県,流山市,found_google_maps_preferred,ダイエー西台店,東京都,板橋区,東京都板橋区蓮根3丁目8-12,35.785866,139.674896,https://www.google.com/maps/search/?api=1&query=ダイエー西台店,Google Maps名称検索の所在地を優先し県市を補正
フリーモールサンリブわさだ店,大分県,大分市,found_google_maps_preferred,フリーモールサンリブわさだ店,大分県,大分市,大分県大分市木上2059,33.185596,131.569763,https://www.google.com/maps/search/?api=1&query=フリーモールサンリブわさだ店,Google Maps名称検索で施設一致。GSIは大字近傍点として採用
アル・プラザ感根,滋賀県,彦根市,found_google_maps_preferred,アル・プラザ彦根,滋賀県,彦根市,滋賀県彦根市大東町2-28,35.272179,136.262421,https://www.google.com/maps/search/?api=1&query=アル・プラザ彦根,Google Mapsで部分一致する施設を優先。感根を彦根に補正
MrMax長崎店,長崎県,長崎市,found_google_maps_preferred,MrMax長崎店,長崎県,長崎市,長崎県長崎市岩見町26-1,32.767487,129.853058,https://www.google.com/maps/search/?api=1&query=MrMax長崎店,Google Maps名称検索で施設一致
ラパーク瑞江,千葉県,流山市,found_google_maps_preferred,ラパーク瑞江,東京都,江戸川区,東京都江戸川区瑞江2丁目1-2,35.692455,139.896622,https://www.google.com/maps/search/?api=1&query=ラパーク瑞江,Google Maps名称検索の所在地を優先し県市を補正
ベイシア栗橋店,埼玉県,久喜市,found_google_maps_preferred,ベイシア栗橋店,埼玉県,久喜市,埼玉県久喜市栗橋東6丁目15-1,36.131027,139.710281,https://www.google.com/maps/search/?api=1&query=ベイシア栗橋店,Google Maps名称検索で施設一致。GSIは住所近傍点として採用
じゃんぼスクエア香芝,奈良県,香芝市,found_google_maps_preferred,じゃんぼスクエア香芝,奈良県,香芝市,奈良県香芝市磯壁3丁目40-1,34.538967,135.702484,https://www.google.com/maps/search/?api=1&query=じゃんぼスクエア香芝,Google Maps名称検索で施設一致
イシバシショッピングプラザ アビイクオーレ,千葉県,我孫子市,found_google_maps_preferred,アビイクオーレ,千葉県,我孫子市,千葉県我孫子市本町3丁目2-28,35.871380,140.013245,https://www.google.com/maps/search/?api=1&query=アビイクオーレ,Google Mapsで部分一致する施設を優先。名称をアビイクオーレに補正
ダイエー北野田店,大阪府,堺市東区,found_google_maps_preferred,ダイエー北野田店,大阪府,堺市東区,大阪府堺市東区丈六183-18,34.523247,135.540314,https://www.google.com/maps/search/?api=1&query=ダイエー北野田店,Google Maps名称検索で施設一致
上本町YUFURA (上本町ユフラ),大阪府,大阪市天王寺区,found_google_maps_preferred,上本町YUFURA (上本町ユフラ),大阪府,大阪市天王寺区,大阪府大阪市天王寺区上本町6丁目5-13,34.664581,135.519470,https://www.google.com/maps/search/?api=1&query=上本町YUFURA,Google Maps名称検索で施設一致
ブリーゼブリーゼ,京都府,亀岡市,found_google_maps_preferred,ブリーゼブリーゼ,大阪府,大阪市北区,大阪府大阪市北区梅田2丁目4-9,34.698296,135.494080,https://www.google.com/maps/search/?api=1&query=ブリーゼブリーゼ,Google Maps名称検索の所在地を優先し県市を補正
エミル高槻,大阪府,高槻市,found_google_maps_preferred,エミル高槻,大阪府,高槻市,大阪府高槻市城北町2丁目1-18,34.849522,135.623108,https://www.google.com/maps/search/?api=1&query=エミル高槻,Google Maps名称検索で施設一致
丘の上プラザ,東京都,多摩市,found_google_maps_preferred,丘の上プラザ,東京都,多摩市,東京都多摩市落合1丁目44,35.623787,139.425888,https://www.google.com/maps/search/?api=1&query=丘の上プラザ,Google Maps名称検索で施設一致。GSIは住所近傍点として採用
ライフスクエア ロゼオ水戸,茨城県,水戸市,found_google_maps_preferred,ライフスクエア ロゼオ水戸,茨城県,水戸市,茨城県水戸市笠原町978-39,36.340679,140.444077,https://www.google.com/maps/search/?api=1&query=ライフスクエア%20ロゼオ水戸,Google Maps名称検索で施設一致。GSIは住所近傍点として採用
魚津ショッピングスクエア サンプラザ,富山県,魚津市,found_google_maps_preferred,魚津ショッピングスクエア サンプラザ,富山県,魚津市,富山県魚津市駅前新町5-30,36.823082,137.406479,https://www.google.com/maps/search/?api=1&query=魚津ショッピングスクエア%20サンプラザ,Google Maps名称検索で施設一致
ルビットタウン高山,岐阜県,高山市,found_google_maps_preferred,ルビットタウン高山,岐阜県,高山市,岐阜県高山市岡本町3丁目18-2,36.148460,137.246353,https://www.google.com/maps/search/?api=1&query=ルビットタウン高山,Google Maps名称検索で施設一致。GSIは住所近傍点として採用
KIRARITO GINZA(キラリトギンザ),千葉県,流山市,found_google_maps_preferred,KIRARITO GINZA(キラリトギンザ),東京都,中央区,東京都中央区銀座1丁目8-19,35.674370,139.768539,https://www.google.com/maps/search/?api=1&query=KIRARITO%20GINZA,Google Maps名称検索の所在地を優先し県市を補正
シティ!ワカヤマ,和歌山県,和歌山市,found_google_maps_preferred,CITY!WAKAYAMA,和歌山県,和歌山市,和歌山県和歌山市元寺町5丁目58,34.239700,135.176437,https://www.google.com/maps/search/?api=1&query=CITY!WAKAYAMA,Google Mapsで部分一致する施設を優先。表記をCITY!WAKAYAMAに補正
ショッピングタウンわかば,東京都,多摩市,found_google_maps_preferred,ショッピングタウンわかば,東京都,立川市,東京都立川市若葉町1丁目7-1,35.720451,139.434326,https://www.google.com/maps/search/?api=1&query=ショッピングタウンわかば,Google Maps名称検索の所在地を優先し県市を補正。GSIは住所近傍点として採用
セントレア(中部国際空港),愛知県,常滑市,found_google_maps_preferred,セントレア(中部国際空港),愛知県,常滑市,愛知県常滑市セントレア1丁目1,34.858509,136.809021,https://www.google.com/maps/search/?api=1&query=セントレア%20中部国際空港,Google Maps名称検索で施設一致
イズミヤショッピングセンター河内長野,大阪府,河内長野市,found_google_maps_preferred,イズミヤショッピングセンター河内長野,大阪府,河内長野市,大阪府河内長野市喜多町663,34.447056,135.572586,https://www.google.com/maps/search/?api=1&query=イズミヤショッピングセンター河内長野,Google Maps名称検索で施設一致
サンリブしみず,熊本県,熊本市西区,found_google_maps_preferred,サンリブしみず,熊本県,熊本市北区,熊本県熊本市北区麻生田3丁目1-1,32.848904,130.740356,https://www.google.com/maps/search/?api=1&query=サンリブしみず,Google Maps名称検索の所在地を優先し区を補正
河口湖ショッピングセンター ベル,山梨県,南都留郡富士河口湖町,found_google_maps_preferred,河口湖ショッピングセンター ベル,山梨県,南都留郡富士河口湖町,山梨県南都留郡富士河口湖町船津2986,35.490166,138.763962,https://www.google.com/maps/search/?api=1&query=河口湖ショッピングセンター%20ベル,Google Maps名称検索で施設一致
多気クリスタルタウンショッピングセンター,三重県,多気郡多気町,found_google_maps_preferred,多気クリスタルタウンショッピングセンター,三重県,多気郡多気町,三重県多気郡多気町仁田750,34.487370,136.544235,https://www.google.com/maps/search/?api=1&query=多気クリスタルタウンショッピングセンター,Google Maps名称検索で施設一致。GSIは町域近傍点として採用
西友高針店,静岡県,静岡市葵区,found_google_maps_preferred,西友高針店,愛知県,名古屋市名東区,愛知県名古屋市名東区牧の里1-401,35.154301,137.006927,https://www.google.com/maps/search/?api=1&query=西友高針店,Google Maps名称検索の所在地を優先し県市を補正
Friend Town 日野,滋賀県,蒲生郡日野町,found_google_maps_preferred,Friend Town 日野,滋賀県,蒲生郡日野町,滋賀県蒲生郡日野町大字松尾844-10,35.028088,136.245148,https://www.google.com/maps/search/?api=1&query=Friend%20Town%20日野,Google Maps名称検索で施設一致。GSIは町域近傍点として採用
イオン長消店,千葉県,袖ヶ浦市,found_google_maps_preferred,イオン長浦店,千葉県,袖ケ浦市,千葉県袖ケ浦市長浦駅前1-7,35.450310,139.997620,https://www.google.com/maps/search/?api=1&query=イオン長浦店,Google Mapsで部分一致する施設を優先。長消を長浦に補正。袖ヶ浦市表記を袖ケ浦市へ正規化。GSIは住所近傍点として採用
西友行徳店,千葉県,市川市,found_google_maps_preferred,西友行徳店,千葉県,市川市,千葉県市川市行徳駅前1-19-1,35.684559,139.915604,https://www.google.com/maps/search/?api=1&query=西友行徳店,Google Maps名称検索で施設一致
ラクアル・オダサガ,神奈川県,横浜市南区,found_google_maps_preferred,ラクアル・オダサガ,神奈川県,相模原市南区,神奈川県相模原市南区南台3丁目20-1,35.514729,139.422043,https://www.google.com/maps/search/?api=1&query=ラクアル・オダサガ,Google Maps名称検索の所在地を優先し市区を補正
MONA新浦安(モナ新浦安),千葉県,浦安市,found_google_maps_preferred,MONA新浦安(モナ新浦安),千葉県,浦安市,千葉県浦安市入船1-5-1,35.648975,139.913177,https://www.google.com/maps/search/?api=1&query=MONA新浦安,Google Maps名称検索で施設一致。GSIは住所近傍点として採用
高尾パークハイツ(高尾名店街、グルメシティ),東京都,八王子市,found_google_maps_preferred,高尾パークハイツ(高尾名店街、グルメシティ),東京都,八王子市,東京都八王子市初沢町1227-4,35.642368,139.285019,https://www.google.com/maps/search/?api=1&query=高尾パークハイツ%20高尾名店街,Google Maps名称検索で施設一致。GSIは住所近傍点として採用
オギノリバーシティショッピングセンター,山梨県,中央市,found_google_maps_preferred,オギノリバーシティショッピングセンター,山梨県,中央市,山梨県中央市山之神1122-32,35.614780,138.513565,https://www.google.com/maps/search/?api=1&query=オギノリバーシティショッピングセンター,Google Maps名称検索で施設一致。GSIは住所近傍点として採用
グラッチェタウン西尾,愛知県,西尾市,found_google_maps_preferred,グラッチェタウン西尾,愛知県,西尾市,愛知県西尾市寄住町泡原14-1,34.873093,137.062927,https://www.google.com/maps/search/?api=1&query=グラッチェタウン西尾,Google Maps名称検索で施設一致
河原町オーバ,京都府,京都市中京区,found_google_maps_preferred,河原町オーパ,京都府,京都市中京区,京都府京都市中京区米屋町385,35.004379,135.769104,https://www.google.com/maps/search/?api=1&query=河原町オーパ,Google Mapsで部分一致する施設を優先。オーバをオーパに補正
ショッピングガーデン アクロス,茨城県,鉾田市,found_google_maps_preferred,ショッピングガーデン アクロス,茨城県,鉾田市,茨城県鉾田市塔ヶ崎1084,36.152359,140.502655,https://www.google.com/maps/search/?api=1&query=ショッピングガーデン%20アクロス%20鉾田,Google Maps名称検索で施設一致。GSIは町域近傍点として採用
イオンフードスタイル三ツ境店,東京都,多摩市,found_google_maps_preferred,イオンフードスタイル三ツ境店,神奈川県,横浜市瀬谷区,神奈川県横浜市瀬谷区三ツ境7-1,35.466576,139.504166,https://www.google.com/maps/search/?api=1&query=イオンフードスタイル三ツ境店,Google Maps名称検索の所在地を優先し県市を補正。GSIは住所近傍点として採用
アビア3,兵庫県,宝塚市,found_google_maps_preferred,アピア3,兵庫県,宝塚市,兵庫県宝塚市逆瀬川1丁目13-1,34.798183,135.351532,https://www.google.com/maps/search/?api=1&query=アピア3%20宝塚,Google Mapsで部分一致する施設を優先。アビアをアピアに補正
山形 県 山交ビル(ヤマザワ山交ビル店),山形県,山形市,found_google_maps_preferred,山交ビル(ヤマザワ山交ビル店),山形県,山形市,山形県山形市香澄町3丁目2-1,38.246490,140.331741,https://www.google.com/maps/search/?api=1&query=山交ビル%20ヤマザワ山交ビル店,Google Mapsで部分一致する施設を優先。OCR混入した県名を除去。GSIは住所近傍点として採用
ユニバーサル・シティ・ウォーク大阪,大阪府,大阪市此花区,found_google_maps_preferred,ユニバーサル・シティウォーク大阪,大阪府,大阪市此花区,大阪府大阪市此花区島屋6丁目2-61,34.668201,135.436172,https://www.google.com/maps/search/?api=1&query=ユニバーサル・シティウォーク大阪,Google Maps名称検索で施設一致
サニーアクシスいの店,高知県,吾川郡いの町,found_google_maps_preferred,サニーアクシスいの店,高知県,吾川郡いの町,高知県吾川郡いの町205,33.551025,133.443115,https://www.google.com/maps/search/?api=1&query=サニーアクシスいの店,Google Maps名称検索で施設一致
サンリブ可部,広島県,広島市安佐北区,found_google_maps_preferred,サンリブ可部,広島県,広島市安佐北区,広島県広島市安佐北区可部5-11-17,34.520405,132.511551,https://www.google.com/maps/search/?api=1&query=サンリブ可部,Google Maps名称検索で施設一致
羽田空港第1旅客ターミナル マーケットプレイス,東京都,大田区,found_google_maps_preferred,羽田空港第1旅客ターミナル マーケットプレイス,東京都,大田区,東京都大田区羽田空港3丁目3-2,35.549461,139.783890,https://www.google.com/maps/search/?api=1&query=羽田空港第1旅客ターミナル%20マーケットプレイス,Google Maps名称検索で施設一致。GSIは住所近傍点として採用
江戸崎ショッピングセンターパンプ,茨城県,稲敷市,found_google_maps_preferred,江戸崎ショッピングセンターパンプ,茨城県,稲敷市,茨城県稲敷市江戸崎甲4836,35.959206,140.315918,https://www.google.com/maps/search/?api=1&query=江戸崎ショッピングセンターパンプ,Google Maps名称検索で施設一致
MEGAドン・キホーテUNY田元町店,愛知県,豊田市,found_google_maps_preferred,MEGAドン・キホーテUNY豊田元町店,愛知県,豊田市,愛知県豊田市土橋町2丁目65,35.062843,137.131851,https://www.google.com/maps/search/?api=1&query=MEGAドン・キホーテUNY豊田元町店,Google Mapsで部分一致する施設を優先。田元町を豊田元町に補正
東京オペラシティ,千葉県,流山市,found_google_maps_preferred,東京オペラシティ,東京都,新宿区,東京都新宿区西新宿3丁目20-2,35.684101,139.685852,https://www.google.com/maps/search/?api=1&query=東京オペラシティ,Google Maps名称検索の所在地を優先し県市を補正
イオンタウン南品,山形県,南陽市,found_google_maps_preferred,イオンタウン南陽,山形県,南陽市,山形県南陽市赤湯2885,38.047741,140.173752,https://www.google.com/maps/search/?api=1&query=イオンタウン南陽,Google Mapsで部分一致する施設を優先。南品を南陽に補正
ダイエー東大島店,千葉県,流山市,found_google_maps_preferred,ダイエー東大島店,東京都,江東区,東京都江東区大島7丁目38-30,35.690628,139.842834,https://www.google.com/maps/search/?api=1&query=ダイエー東大島店,Google Maps名称検索の所在地を優先し県市を補正
イズミヤショッピングセンター平野,大阪府,大阪市平野区,found_google_maps_preferred,イズミヤショッピングセンター平野,大阪府,大阪市平野区,大阪府大阪市平野区平野宮町1丁目6-2,34.629997,135.552811,https://www.google.com/maps/search/?api=1&query=イズミヤショッピングセンター平野,Google Maps名称検索で施設一致
イオンフードスタイル板宿店,兵庫県,神戸市須磨区,found_google_maps_preferred,イオンフードスタイル板宿店,兵庫県,神戸市須磨区,兵庫県神戸市須磨区前池町3丁目4-1,34.662174,135.132309,https://www.google.com/maps/search/?api=1&query=イオンフードスタイル板宿店,Google Maps名称検索で施設一致。GSIは住所近傍点として採用
イーストコート青葉,福岡県,福岡市東区,found_google_maps_preferred,イーストコート青葉,福岡県,福岡市東区,福岡県福岡市東区青葉7丁目6-2,33.637772,130.463989,https://www.google.com/maps/search/?api=1&query=イーストコート青葉,Google Maps名称検索で施設一致
パークレーズコート,沖縄県,浦添市,found_google_maps_preferred,バークレーズコート,沖縄県,浦添市,沖縄県浦添市当山2丁目2-4,26.252390,127.736565,https://www.google.com/maps/search/?api=1&query=バークレーズコート,Google Mapsで部分一致する施設を優先。パークレーズをバークレーズに補正。GSIは住所近傍点として採用
イトーヨーカドー綾瀬店,千葉県,流山市,found_google_maps_preferred,イトーヨーカドー綾瀬店,東京都,足立区,東京都足立区綾瀬3丁目4-25,35.762486,139.825623,https://www.google.com/maps/search/?api=1&query=イトーヨーカドー綾瀬店,Google Maps名称検索の所在地を優先し県市を補正
UNICUS鴻巣(ウニクス鴻巣),埼玉県,鴻巣市,found_google_maps_preferred,UNICUS鴻巣(ウニクス鴻巣),埼玉県,鴻巣市,埼玉県鴻巣市北新宿225-1,36.112499,139.440231,https://www.google.com/maps/search/?api=1&query=UNICUS鴻巣,Google Maps名称検索で施設一致。GSIは住所近傍点として採用
グリーンシティ,愛知県,豊田市,found_google_maps_preferred,グリーンシティ,愛知県,豊田市,愛知県豊田市東山町1丁目5-1,35.087566,137.184296,https://www.google.com/maps/search/?api=1&query=グリーンシティ%20豊田市,Google Maps名称検索で施設一致
XYZ丸モール(ジーズ丸毛モール),香川県,丸亀市,found_google_maps_preferred,XYZ丸亀モール,香川県,丸亀市,香川県丸亀市飯野町西分584-1,34.279827,133.832367,https://www.google.com/maps/search/?api=1&query=XYZ丸亀モール,Google Mapsで部分一致する施設を優先。名称OCRを補正。GSIは町域近傍点として採用
レインボープラザ金岡,大阪府,堺市北区,found_google_maps_preferred,レインボー金岡,大阪府,堺市北区,大阪府堺市北区蔵前町1丁7-15,34.574673,135.509979,https://www.google.com/maps/search/?api=1&query=レインボー金岡,Google Mapsで部分一致する施設を優先。名称OCRを補正
ゆめタウン都井,山口県,柳井市,found_google_maps_preferred,ゆめタウン柳井,山口県,柳井市,山口県柳井市南町4丁目5-3,33.962460,132.105423,https://www.google.com/maps/search/?api=1&query=ゆめタウン柳井,Google Mapsで部分一致する施設を優先。都井を柳井に補正
ハイパーモールMERX本城 (ハイパーモールメルクス本城),福岡県,北九州市八幡西区,found_google_maps_preferred,ハイパーモールMERX本城,福岡県,北九州市八幡西区,福岡県北九州市八幡西区本城5丁目1-1,33.880058,130.737518,https://www.google.com/maps/search/?api=1&query=ハイパーモールMERX本城,Google Maps名称検索で施設一致
ビーンズ赤羽,千葉県,流山市,found_google_maps_preferred,ビーンズ赤羽,東京都,北区,東京都北区赤羽1丁目1-1,35.778782,139.720963,https://www.google.com/maps/search/?api=1&query=ビーンズ赤羽,Google Maps名称検索の所在地を優先し県市を補正
フジ長門店,山口県,長門市,found_google_maps_preferred,フジ長門店,山口県,長門市,山口県長門市仙崎字網田322-2,34.376884,131.193909,https://www.google.com/maps/search/?api=1&query=フジ長門店,Google Maps名称検索で施設一致
有松ジャンボリー,静岡県,静岡市葵区,found_google_maps_preferred,有松ジャンボリー,愛知県,名古屋市緑区,愛知県名古屋市緑区南陵601,35.045155,136.965805,https://www.google.com/maps/search/?api=1&query=有松ジャンボリー,Google Maps名称検索の所在地を優先し県市を補正
ポートタウンショッピングセンター、カリヨンプラザ,大阪府,大阪市住之江区,found_google_maps_preferred,南港ポートタウンショッピングセンター・カリヨンプラザ,大阪府,大阪市住之江区,大阪府大阪市住之江区南港中2丁目1-109,34.631596,135.427399,https://www.google.com/maps/search/?api=1&query=ポートタウンショッピングセンター%20カリヨンプラザ,Google Mapsで部分一致する施設を優先
キャンパススクェア,大阪府,門真市,found_google_maps_preferred,キャンパススクェア,兵庫県,神戸市西区,兵庫県神戸市西区学園西町1丁目4,34.683105,135.057236,https://www.google.com/maps/search/?api=1&query=キャンパススクェア,Google Maps名称検索の所在地を優先し県市を補正
キッコーマンプラザ(イトーヨーカドー流山店),千葉県,流山市,found_google_maps_preferred,イトーヨーカドー流山店,千葉県,流山市,千葉県流山市流山9丁目800-2,35.849094,139.899445,https://www.google.com/maps/search/?api=1&query=イトーヨーカドー流山店,Google Mapsで括弧内の部分一致施設を優先
横浜・八景島シーパラダイス ベイマーケット&レストランプラザ,神奈川県,横浜市金沢区,found_google_maps_preferred,横浜・八景島シーパラダイス ベイマーケット&レストランプラザ,神奈川県,横浜市金沢区,神奈川県横浜市金沢区八景島,35.336521,139.644135,https://www.google.com/maps/search/?api=1&query=横浜・八景島シーパラダイス%20ベイマーケット%20レストランプラザ,Google Maps名称検索で施設一致。GSIは町域点として採用
宮津シーサイドマートミップル,京都府,宮津市,found_google_maps_preferred,宮津シーサイドマートミップル,京都府,宮津市,京都府宮津市浜町3012,35.539089,135.193909,https://www.google.com/maps/search/?api=1&query=宮津シーサイドマートミップル,Google Maps名称検索で施設一致
イトーヨーカドー静岡店,長野県,茅野市,found_google_maps_preferred,イトーヨーカドー静岡店,静岡県,静岡市駿河区,静岡県静岡市駿河区曲金3丁目1-5,34.971851,138.405838,https://www.google.com/maps/search/?api=1&query=イトーヨーカドー静岡店,Google Maps名称検索の所在地を優先し県市を補正。GSIは住所近傍点として採用
久居インターガーデン(B、Cブロック),三重県,津市,found_google_maps_preferred,久居インターガーデン,三重県,津市,三重県津市久居明神町字風早2488-1,34.684696,136.462875,https://www.google.com/maps/search/?api=1&query=久居インターガーデン,Google Mapsで部分一致する施設を優先。GSIは町域近傍点として採用
虎ノ門ヒルズステーションタワー,千葉県,流山市,found_google_maps_preferred,虎ノ門ヒルズステーションタワー,東京都,港区,東京都港区虎ノ門2丁目6-2,35.667068,139.747330,https://www.google.com/maps/search/?api=1&query=虎ノ門ヒルズステーションタワー,Google Maps名称検索の所在地を優先し県市を補正。GSIは住所近傍点として採用
ラブラ?,新潟県,新潟市中央区,found_google_maps_preferred,ラブラ2,新潟県,新潟市中央区,新潟県新潟市中央区万代1丁目4-8,37.916676,139.057251,https://www.google.com/maps/search/?api=1&query=ラブラ2%20新潟,Google Mapsで部分一致する施設を優先。ラブラ?をラブラ2に補正
南陽ショッピングプラザ,山形県,南陽市,found_google_maps_preferred,南陽ショッピングプラザ,山形県,南陽市,山形県南陽市郡山578,38.043152,140.156113,https://www.google.com/maps/search/?api=1&query=南陽ショッピングプラザ,Google Maps名称検索で施設一致
イオン光店,山口県,光市,found_google_maps_preferred,イオン光店,山口県,光市,山口県光市浅江木園1756-1,33.979336,131.927765,https://www.google.com/maps/search/?api=1&query=イオン光店,Google Maps名称検索で施設一致
クラン・プレイス香林坊,石川県,金沢市,found_google_maps_preferred,クラソ・プレイス香林坊,石川県,金沢市,石川県金沢市香林坊2丁目1-1,36.562077,136.653381,https://www.google.com/maps/search/?api=1&query=クラソ・プレイス香林坊,Google Mapsで部分一致する施設を優先。名称OCRを補正
イトーヨーカドー四つ木店,千葉県,流山市,found_google_maps_preferred,イトーヨーカドー四つ木店,東京都,葛飾区,東京都葛飾区四つ木2丁目21-1,35.737312,139.838730,https://www.google.com/maps/search/?api=1&query=イトーヨーカドー四つ木店,Google Maps名称検索の所在地を優先し県市を補正。GSIは住所近傍点として採用
イオンメイトビア店,静岡県,静岡市葵区,found_google_maps_preferred,イオンメイトピア店,愛知県,名古屋市名東区,愛知県名古屋市名東区高間町501-1,35.160839,137.003204,https://www.google.com/maps/search/?api=1&query=イオンメイトピア店,Google Mapsで部分一致する施設を優先。名称と県市を補正
ゆめニティまつばら,大阪府,松原市,found_google_maps_preferred,ゆめニティまつばら,大阪府,松原市,大阪府松原市上田3丁目6-1,34.575092,135.556305,https://www.google.com/maps/search/?api=1&query=ゆめニティまつばら,Google Maps名称検索で施設一致
Market City 桐生,群馬県,桐生市,found_google_maps_preferred,Market City 桐生,群馬県,桐生市,群馬県桐生市相生町1丁目124-1,36.405041,139.318558,https://www.google.com/maps/search/?api=1&query=Market%20City%20桐生,Google Maps名称検索で施設一致
フィールズ南柏,千葉県,柏市,found_google_maps_preferred,フィールズ南柏,千葉県,柏市,千葉県柏市南柏中央6-7,35.844086,139.955124,https://www.google.com/maps/search/?api=1&query=フィールズ南柏,Google Maps名称検索で施設一致。GSIは住所近傍点として採用
アトレ大井町,東京都,品川区,found_google_maps_preferred,アトレ大井町,東京都,品川区,東京都品川区大井1丁目2-1,35.604897,139.734665,https://www.google.com/maps/search/?api=1&query=アトレ大井町,Google Maps名称検索で施設一致
Maker's Pier,静岡県,静岡市葵区,found_google_maps_preferred,Maker’s Pier,愛知県,名古屋市港区,愛知県名古屋市港区金城ふ頭2丁目7-1,35.050579,136.849380,https://www.google.com/maps/search/?api=1&query=Maker%27s%20Pier,Google Maps名称検索の所在地を優先し県市を補正
サザンスカイタワール王子,東京都,八王子市,found_google_maps_preferred,サザンスカイタワー八王子,東京都,八王子市,東京都八王子市子安町4丁目7-1,35.654045,139.338806,https://www.google.com/maps/search/?api=1&query=サザンスカイタワー八王子,Google Mapsで部分一致する施設を優先。名称OCRを補正。GSIは住所近傍点として採用
イオンタウン貴志川,和歌山県,紀の川市,found_google_maps_preferred,イオンタウン貴志川,和歌山県,紀の川市,和歌山県紀の川市貴志川町神戸字野手218,34.217102,135.316010,https://www.google.com/maps/search/?api=1&query=イオンタウン貴志川,Google Maps名称検索で施設一致
tonarie ふじみ野(トナリエふじみ野),埼玉県,ふじみ野市,found_google_maps_preferred,tonarieふじみ野,埼玉県,ふじみ野市,埼玉県ふじみ野市うれし野2丁目10-87,35.856411,139.522858,https://www.google.com/maps/search/?api=1&query=tonarieふじみ野,Google Maps名称検索で施設一致
楽蔵 グリーンモール福光,富山県,南砺市,found_google_maps_preferred,楽蔵 グリーンモール福光,富山県,南砺市,富山県南砺市福光288-1,36.563919,136.870316,https://www.google.com/maps/search/?api=1&query=楽蔵%20グリーンモール福光,Google Maps名称検索で施設一致。GSIは住所近傍点として採用
マグレブEAST、マグレブビル,東京都,多摩市,found_google_maps_preferred,マグレブEAST・マグレブビル,東京都,多摩市,東京都多摩市落合1丁目39-2,35.624168,139.423447,https://www.google.com/maps/search/?api=1&query=マグレブEAST%20マグレブビル,Google Maps名称検索で施設一致
ココローズ,広島県,福山市,found_google_maps_preferred,ココローズ,広島県,福山市,広島県福山市緑町2番44-1号,34.477859,133.374451,https://www.google.com/maps/search/?api=1&query=ココローズ%20福山,Google Maps名称検索で施設一致。GSIは街区近傍点として採用
みなくる刈谷(バロー刈谷店),愛知県,刈谷市,found_google_maps_preferred,みなくる刈谷(バロー刈谷店),愛知県,刈谷市,愛知県刈谷市若松町2丁目101,34.989269,137.008026,https://www.google.com/maps/search/?api=1&query=みなくる刈谷%20バロー刈谷店,Google Maps名称検索で施設一致
三原ショッピングプラザ パルティ,兵庫県,南あわじ市,found_google_maps_preferred,三原ショッピングプラザ パルティ,兵庫県,南あわじ市,兵庫県南あわじ市市円行寺150番地,34.289730,134.778778,https://www.google.com/maps/search/?api=1&query=三原ショッピングプラザ%20パルティ,Google Maps名称検索で施設一致
UNICUS高崎(ウニクス高崎),群馬県,高崎市,found_google_maps_preferred,UNICUS高崎(ウニクス高崎),群馬県,高崎市,群馬県高崎市飯塚町1150-5,36.339783,139.006378,https://www.google.com/maps/search/?api=1&query=UNICUS高崎,Google Maps名称検索で施設一致
イズミヤショッピングセンター白梅町,大阪府,大阪市北区,found_google_maps_preferred,イズミヤショッピングセンター白梅町,京都府,京都市北区,京都府京都市北区北野下白梅町6-1,35.027115,135.730621,https://www.google.com/maps/search/?api=1&query=イズミヤショッピングセンター白梅町,Google Maps名称検索の所在地を優先し県市を補正
峰山ショッピングセンターマイン,京都府,京丹後市,found_google_maps_preferred,峰山ショッピングセンターマイン,京都府,京丹後市,京都府京丹後市峰山町新町1606-1,35.608685,135.082947,https://www.google.com/maps/search/?api=1&query=峰山ショッピングセンターマイン,Google Maps名称検索で施設一致
イオン益田店,島根県,益田市,found_google_maps_preferred,イオン益田店,島根県,益田市,島根県益田市乙吉町イ95-10,34.683338,131.842865,https://www.google.com/maps/search/?api=1&query=イオン益田店,Google Maps名称検索で施設一致
イオン原店,福岡県,福岡市早良区,found_google_maps_preferred,イオン原店,福岡県,福岡市早良区,福岡県福岡市早良区原6-27-52,33.565060,130.341660,https://www.google.com/maps/search/?api=1&query=イオン原店,Google Maps名称検索で施設一致
MEGAドン・キホーテ柏崎店,新潟県,柏崎市,found_google_maps_preferred,MEGAドン・キホーテ柏崎店,新潟県,柏崎市,新潟県柏崎市東長浜町4-15,37.368587,138.578278,https://www.google.com/maps/search/?api=1&query=MEGAドン・キホーテ柏崎店,Google Maps名称検索で施設一致
アンディショッピングセンター,愛知県,安城市,found_google_maps_preferred,アンディショッピングセンター,愛知県,安城市,愛知県安城市住吉町3丁目5-28,34.980190,137.082214,https://www.google.com/maps/search/?api=1&query=アンディショッピングセンター%20安城,Google Maps名称検索で施設一致
横浜駅東口地下街 ポルタ,神奈川県,横浜市西区,found_google_maps_preferred,横浜駅東口地下街 ポルタ,神奈川県,横浜市西区,神奈川県横浜市西区高島2丁目16番B1号,35.465988,139.623001,https://www.google.com/maps/search/?api=1&query=横浜駅東口地下街%20ポルタ,Google Maps名称検索で施設一致。GSIは街区近傍点として採用
ゆめタウン南岩田,山口県,岩国市,found_google_maps_preferred,ゆめタウン南岩国,山口県,岩国市,山口県岩国市南岩国町1丁目20-30,34.134808,132.202118,https://www.google.com/maps/search/?api=1&query=ゆめタウン南岩国,Google Mapsで部分一致する施設を優先。南岩田を南岩国に補正
イオンタウン芸,三重県,津市,found_google_maps_preferred,イオンタウン芸濃,三重県,津市,三重県津市芸濃町椋本字一ツ谷3083,34.805428,136.446304,https://www.google.com/maps/search/?api=1&query=イオンタウン芸濃,Google Mapsで部分一致する施設を優先。名称OCRを補正
ショッピングプラザ・アビカ,徳島県,阿南市,found_google_maps_preferred,ショッピングプラザ・アピカ,徳島県,阿南市,徳島県阿南市西路見町堤外65-1,33.928459,134.673935,https://www.google.com/maps/search/?api=1&query=ショッピングプラザ・アピカ,Google Mapsで部分一致する施設を優先。アビカをアピカに補正
ビオレ明石,兵庫県,明石市,found_google_maps_preferred,ピオレ明石,兵庫県,明石市,兵庫県明石市大明石町1-1-23,34.648937,134.992722,https://www.google.com/maps/search/?api=1&query=ピオレ明石,Google Mapsで部分一致する施設を優先。ビオレをピオレに補正
三井ショッピングパーク LaLaテラス南千住,千葉県,流山市,found_google_maps_preferred,三井ショッピングパーク LaLaテラス南千住,東京都,荒川区,東京都荒川区南千住4丁目7-2,35.735828,139.801926,https://www.google.com/maps/search/?api=1&query=LaLaテラス南千住,Google Maps名称検索の所在地を優先し県市を補正。GSIは街区近傍点として採用
丸亀町グリーン,香川県,高松市,found_google_maps_preferred,丸亀町グリーン,香川県,高松市,香川県高松市丸亀町7-16,34.342182,134.049591,https://www.google.com/maps/search/?api=1&query=丸亀町グリーン,Google Maps名称検索で施設一致。GSIは街区近傍点として採用
イオンフードスタイル小平店,東京都,小平市,found_google_maps_preferred,イオンフードスタイル小平店,東京都,小平市,東京都小平市小川東町2丁目12-1,35.743347,139.467560,https://www.google.com/maps/search/?api=1&query=イオンフードスタイル小平店,Google Maps名称検索で施設一致
イオン高萩店,茨城県,高萩市,found_google_maps_preferred,イオン高萩店,茨城県,高萩市,茨城県高萩市安良川231-1,36.705921,140.708084,https://www.google.com/maps/search/?api=1&query=イオン高萩店,Google Maps名称検索で施設一致
コビオ搭原,東京都,八王子市,found_google_maps_preferred,コピオ楢原,東京都,八王子市,東京都八王子市楢原町1818-15,35.687187,139.306091,https://www.google.com/maps/search/?api=1&query=コピオ楢原,Google Mapsで部分一致する施設を優先。名称OCRを補正
オークビレッジかみす,茨城県,神栖市,found_google_maps_preferred,オークビレッジかみす,茨城県,神栖市,茨城県神栖市大野原4丁目8-67,35.900684,140.636475,https://www.google.com/maps/search/?api=1&query=オークビレッジかみす,Google Maps名称検索で施設一致
ルミネ新宿2,千葉県,流山市,found_google_maps_preferred,ルミネ新宿2,東京都,新宿区,東京都新宿区新宿3-38-2,35.691799,139.700943,https://www.google.com/maps/search/?api=1&query=ルミネ新宿2,Google Maps名称検索の所在地を優先し県市を補正
エスパルスドリームプラザ,長野県,茅野市,found_google_maps_preferred,エスパルスドリームプラザ,静岡県,静岡市清水区,静岡県静岡市清水区入船町13-15,35.010410,138.492599,https://www.google.com/maps/search/?api=1&query=エスパルスドリームプラザ,Google Maps名称検索の所在地を優先し県市を補正
熊谷駅ビル・アズ,埼玉県,熊谷市,found_google_maps_preferred,熊谷駅ビル・アズ,埼玉県,熊谷市,埼玉県熊谷市筑波2丁目115,36.139484,139.390518,https://www.google.com/maps/search/?api=1&query=熊谷駅ビル%20アズ,Google Maps名称検索で施設一致
フレスポ若薬台,東京都,稲城市,found_google_maps_preferred,フレスポ若葉台,東京都,稲城市,東京都稲城市若葉台2丁目4-2,35.620407,139.471176,https://www.google.com/maps/search/?api=1&query=フレスポ若葉台,Google Mapsで部分一致する施設を優先。名称OCRを補正。GSIは街区近傍点として採用
ゆめタウンシレクレ館,広島県,呉市,found_google_maps_preferred,ゆめタウン呉,広島県,呉市,広島県呉市宝町5-10,34.242977,132.556091,https://www.google.com/maps/search/?api=1&query=ゆめタウン呉,Google Mapsで部分一致する施設を優先。名称OCRを補正
茂原ショッピングプラザ アスモ,千葉県,茂原市,found_google_maps_preferred,茂原ショッピングプラザ アスモ,千葉県,茂原市,千葉県茂原市高師1735,35.435036,140.287674,https://www.google.com/maps/search/?api=1&query=茂原ショッピングプラザ%20アスモ,Google Maps名称検索で施設一致
山市イトーヨーカドー東村山店,沖縄県,国頭郡東村,found_google_maps_preferred,イトーヨーカドー東村山店,東京都,東村山市,東京都東村山市本町2丁目2-19,35.758915,139.466614,https://www.google.com/maps/search/?api=1&query=イトーヨーカドー東村山店,Google Mapsで部分一致する施設を優先。名称と県市を補正
イトーヨーカドー武蔵小杉駅前店,神奈川県,川崎市中原区,found_google_maps_preferred,イトーヨーカドー武蔵小杉駅前店,神奈川県,川崎市中原区,神奈川県川崎市中原区小杉町3-420,35.575863,139.657852,https://www.google.com/maps/search/?api=1&query=イトーヨーカドー武蔵小杉駅前店,Google Maps名称検索で施設一致
越谷ツインシティ,埼玉県,越谷市,found_google_maps_preferred,越谷ツインシティ,埼玉県,越谷市,埼玉県越谷市弥生町16-1,35.888966,139.786575,https://www.google.com/maps/search/?api=1&query=越谷ツインシティ,Google Maps名称検索で施設一致。GSIは町域近傍点として採用
新宿マルイアネックス,千葉県,流山市,found_google_maps_preferred,新宿マルイアネックス,東京都,新宿区,東京都新宿区新宿3丁目1-26,35.690266,139.705917,https://www.google.com/maps/search/?api=1&query=新宿マルイアネックス,Google Maps名称検索の所在地を優先し県市を補正
イオンフードスタイル船堀店,千葉県,流山市,found_google_maps_preferred,イオンフードスタイル船堀店,東京都,江戸川区,東京都江戸川区船堀1-1-51,35.684795,139.862701,https://www.google.com/maps/search/?api=1&query=イオンフードスタイル船堀店,Google Maps名称検索の所在地を優先し県市を補正
準橋駅ビル カルミア,愛知県,豊橋市,found_google_maps_preferred,豊橋駅ビル カルミア,愛知県,豊橋市,愛知県豊橋市花田町西宿無番地,34.763454,137.381500,https://www.google.com/maps/search/?api=1&query=豊橋駅ビル%20カルミア,Google Mapsで部分一致する施設を優先。準橋を豊橋に補正。GSIは町域近傍点として採用
テラッセ納屋橋,静岡県,静岡市葵区,found_google_maps_preferred,テラッセ納屋橋,愛知県,名古屋市中区,愛知県名古屋市中区栄1丁目2番49号,35.166809,136.892410,https://www.google.com/maps/search/?api=1&query=テラッセ納屋橋,Google Maps名称検索の所在地を優先し県市を補正
MEGAドン・キホーテUNY江南店,愛知県,江南市,found_google_maps_preferred,MEGAドン・キホーテUNY江南店,愛知県,江南市,愛知県江南市村久野町瀬頭163番地,35.355099,136.873764,https://www.google.com/maps/search/?api=1&query=MEGAドン・キホーテUNY江南店,Google Maps名称検索で施設一致
Tポート,愛知県,高浜市,found_google_maps_preferred,Tぽーと,愛知県,高浜市,愛知県高浜市神明町8丁目20-1,34.935997,137.001434,https://www.google.com/maps/search/?api=1&query=Tぽーと%20高浜,Google Maps名称検索で施設一致。GSIは街区近傍点として採用
バロー大垣南ショッピングセンター,岐阜県,大垣市,found_google_maps_preferred,バロー大垣南ショッピングセンター,岐阜県,大垣市,岐阜県大垣市本今町字西ノ側1639-1,35.339600,136.612976,https://www.google.com/maps/search/?api=1&query=バロー大垣南ショッピングセンター,Google Maps名称検索で施設一致
ベルフローラかわにし,兵庫県,川西市,found_google_maps_preferred,ベルフローラかわにし,兵庫県,川西市,兵庫県川西市栄町20-1,34.827576,135.412949,https://www.google.com/maps/search/?api=1&query=ベルフローラかわにし,Google Maps名称検索で施設一致。GSIは街区近傍点として採用
浅江ショッピングセンター,山口県,光市,found_google_maps_preferred,浅江ショッピングセンター,山口県,光市,山口県光市浅江3丁目22-10,33.972340,131.922653,https://www.google.com/maps/search/?api=1&query=浅江ショッピングセンター,Google Maps名称検索で施設一致
エルサあづみ野,長野県,安曇野市,found_google_maps_preferred,エルサあづみ野,長野県,安曇野市,長野県安曇野市三郷温2716-1,36.244884,137.888824,https://www.google.com/maps/search/?api=1&query=エルサあづみ野,Google Maps名称検索で施設一致
UNICUS秩父(ウニクス秩父),埼玉県,秩父市,found_google_maps_preferred,UNICUS秩父(ウニクス秩父),埼玉県,秩父市,埼玉県秩父市上野町805-14,35.996826,139.088776,https://www.google.com/maps/search/?api=1&query=UNICUS秩父,Google Maps名称検索で施設一致
フレスポ静岡,長野県,茅野市,found_google_maps_preferred,フレスポ静岡,静岡県,静岡市清水区,静岡県静岡市清水区鳥坂860,35.013409,138.433746,https://www.google.com/maps/search/?api=1&query=フレスポ静岡,Google Maps名称検索の所在地を優先し県市を補正
神戸BAL(神戸バル),兵庫県,神戸市中央区,found_google_maps_preferred,神戸BAL(神戸バル),兵庫県,神戸市中央区,兵庫県神戸市中央区三宮町3丁目6-1,34.690075,135.190475,https://www.google.com/maps/search/?api=1&query=神戸BAL,Google Maps名称検索で施設一致
イーストモールショッピングセンターバリオ,山梨県,甲府市,found_google_maps_preferred,イーストモールショッピングセンターバリオ,山梨県,甲府市,山梨県甲府市朝気3丁目1-12,35.650261,138.584091,https://www.google.com/maps/search/?api=1&query=イーストモールショッピングセンターバリオ,Google Maps名称検索で施設一致
ウィング久里浜,神奈川県,横須賀市,found_google_maps_preferred,ウィング久里浜,神奈川県,横須賀市,神奈川県横須賀市久里浜4丁目4-10,35.230839,139.702591,https://www.google.com/maps/search/?api=1&query=ウィング久里浜,Google Maps名称検索で施設一致。GSIは街区近傍点として採用
TWINKLE・NISHIZAWA,長崎県,佐世保市,found_google_maps_preferred,TWINKLE・NISHIZAWA,長崎県,佐世保市,長崎県佐世保市本島町4-7,33.170288,129.721359,https://www.google.com/maps/search/?api=1&query=TWINKLE%20NISHIZAWA,Google Maps名称検索で施設一致
ニシムタスカイマーケット現池,鹿児島県,鹿児島市,found_google_maps_preferred,ニシムタスカイマーケット鴨池,鹿児島県,鹿児島市,鹿児島県鹿児島市真砂本町51-1,31.555466,130.554489,https://www.google.com/maps/search/?api=1&query=ニシムタスカイマーケット鴨池,Google Mapsで部分一致する施設を優先。現池を鴨池に補正。GSIは街区近傍点として採用
アルセ・平和堂坂本店,滋賀県,大津市,found_google_maps_preferred,アルセ・平和堂坂本店,滋賀県,大津市,滋賀県大津市坂本7丁目24-1,35.073933,135.878571,https://www.google.com/maps/search/?api=1&query=アルセ%20平和堂坂本店,Google Maps名称検索で施設一致
イオン有家店,長崎県,南島原市,found_google_maps_preferred,イオン有家店,長崎県,南島原市,長崎県南島原市有家町山川135-1,32.666168,130.302567,https://www.google.com/maps/search/?api=1&query=イオン有家店,Google Maps名称検索で施設一致
三井ショッピングパークアーパン 御徒町吉池本店ビル,千葉県,流山市,found_google_maps_preferred,上野御徒町 吉池本店ビル,東京都,台東区,東京都台東区上野3丁目27-12,35.707405,139.774460,https://www.google.com/maps/search/?api=1&query=上野御徒町%20吉池本店ビル,Google Mapsで部分一致する施設を優先。名称と県市を補正
徳島駅クレメントプラザ,徳島県,徳島市,found_google_maps_preferred,徳島駅クレメントプラザ,徳島県,徳島市,徳島県徳島市寺島本町西1-61,34.074863,134.549835,https://www.google.com/maps/search/?api=1&query=徳島駅クレメントプラザ,Google Maps名称検索で施設一致
イトーヨーカドー小岩店,千葉県,流山市,found_google_maps_preferred,イトーヨーカドー小岩店,東京都,江戸川区,東京都江戸川区西小岩1-24-1,35.733410,139.881210,https://www.google.com/maps/search/?api=1&query=イトーヨーカドー小岩店,Google Maps名称検索の所在地を優先し県市を補正
イトーヨーカドー満ノ口店,神奈川県,川崎市高津区,found_google_maps_preferred,イトーヨーカドー溝ノ口店,神奈川県,川崎市高津区,神奈川県川崎市高津区久本3-6-20,35.598408,139.616348,https://www.google.com/maps/search/?api=1&query=イトーヨーカドー溝ノ口店,Google Mapsで部分一致する施設を優先。満ノ口を溝ノ口に補正。GSIは住所近傍点として採用
アイテラス落合南長崎,千葉県,流山市,found_google_maps_preferred,アイテラス落合南長崎,東京都,豊島区,東京都豊島区南長崎4丁目5-20,35.723911,139.683014,https://www.google.com/maps/search/?api=1&query=アイテラス落合南長崎,Google Maps名称検索の所在地を優先し県市を補正
フジ東予店,山口県,周南市,found_google_maps_preferred,フジ東予店,愛媛県,西条市,愛媛県西条市周布715-1,33.919884,133.076675,https://www.google.com/maps/search/?api=1&query=フジ東予店,Google Maps名称検索の所在地を優先し県市を補正
プランチ福岡下原,福岡県,福岡市東区,found_google_maps_preferred,BRANCH福岡下原,福岡県,福岡市東区,福岡県福岡市東区下原4丁目2-1,33.672558,130.450790,https://www.google.com/maps/search/?api=1&query=BRANCH福岡下原,Google Mapsで部分一致する施設を優先。プランチをBRANCHに補正。GSIは街区近傍点として採用
相鉄ライフいずみ野,東京都,多摩市,found_google_maps_preferred,相鉄ライフいずみ野,神奈川県,横浜市泉区,神奈川県横浜市泉区和泉町6214-1,35.405350,139.485992,https://www.google.com/maps/search/?api=1&query=相鉄ライフいずみ野,Google Maps名称検索の所在地を優先し県市を補正。GSIは町域近傍点として採用
ジョイフルショッピング サンビア,大阪府,堺市南区,found_google_maps_preferred,ジョイフルショッピング サンピア,大阪府,堺市南区,大阪府堺市南区鴨谷台2丁2-1,34.473946,135.476044,https://www.google.com/maps/search/?api=1&query=ジョイフルショッピング%20サンピア,Google Mapsで部分一致する施設を優先。サンビアをサンピアに補正。GSIは街区近傍点として採用
TAKAMATSU ORNE (タカマツオルネ),香川県,高松市,found_google_maps_preferred,TAKAMATSU ORNE(タカマツオルネ),香川県,高松市,香川県高松市浜ノ町1-20,34.350414,134.047607,https://www.google.com/maps/search/?api=1&query=TAKAMATSU%20ORNE,Google Maps名称検索で施設一致
ミーナ津田沼,千葉県,習志野市,found_google_maps_preferred,ミーナ津田沼,千葉県,習志野市,千葉県習志野市津田沼1丁目3-1,35.689430,140.023071,https://www.google.com/maps/search/?api=1&query=ミーナ津田沼,Google Maps名称検索で施設一致
福島駅西口パワーシティビポット,福島県,福島市,found_google_maps_preferred,福島駅西口パワーシティピボット,福島県,福島市,福島県福島市栄町1-1,37.753189,140.460678,https://www.google.com/maps/search/?api=1&query=福島駅西口パワーシティピボット,Google Mapsで部分一致する施設を優先。ビポットをピボットに補正
tonarie清和台(トナリエ清和台),兵庫県,川西市,found_google_maps_preferred,tonarie清和台(トナリエ清和台),兵庫県,川西市,兵庫県川西市清和台東3丁目1-8,34.873890,135.387222,https://www.google.com/maps/search/?api=1&query=tonarie清和台,Google Maps名称検索で施設一致
イオンタウン国分寺,香川県,高松市,found_google_maps_preferred,イオンタウン国分寺,香川県,高松市,香川県高松市国分寺町新名654-3,34.291985,133.961624,https://www.google.com/maps/search/?api=1&query=イオンタウン国分寺,Google Maps名称検索で施設一致
(ハイパーモールメルクス宇佐),大分県,宇佐市,found_google_maps_preferred,ハイパーモールメルクス宇佐,大分県,宇佐市,大分県宇佐市法鏡寺500,33.526218,131.349701,https://www.google.com/maps/search/?api=1&query=ハイパーモールメルクス宇佐,Google Mapsで部分一致する施設を優先
成瀬ショッピングセンター,東京都,町田市,found_google_maps_preferred,成瀬ショッピングセンター,東京都,町田市,東京都町田市成瀬が丘2丁目25-1,35.535969,139.470840,https://www.google.com/maps/search/?api=1&query=成瀬ショッピングセンター,Google Maps名称検索で施設一致。GSIは街区近傍点として採用
ダイエー舞子店,兵庫県,神戸市垂水区,found_google_maps_preferred,ダイエー舞子店,兵庫県,神戸市垂水区,兵庫県神戸市垂水区舞子台6丁目20-17,34.639488,135.031006,https://www.google.com/maps/search/?api=1&query=ダイエー舞子店,Google Maps名称検索で施設一致
三井ショッピングバークアーパン 銀座ベルビア館,東京都,中央区,found_google_maps_preferred,銀座ベルビア館,東京都,中央区,東京都中央区銀座2丁目4-6,35.673977,139.766556,https://www.google.com/maps/search/?api=1&query=銀座ベルビア館,Google Mapsで部分一致する施設を優先。名称OCRを補正
アスナル金山,静岡県,静岡市葵区,found_google_maps_preferred,アスナル金山,愛知県,名古屋市中区,愛知県名古屋市中区金山1丁目17-1,35.143738,136.900146,https://www.google.com/maps/search/?api=1&query=アスナル金山,Google Maps名称検索の所在地を優先し県市を補正
イオンタウン醬中緑丘,大阪府,豊中市,found_google_maps_preferred,イオンタウン豊中緑丘,大阪府,豊中市,大阪府豊中市緑丘4-1,34.812378,135.478683,https://www.google.com/maps/search/?api=1&query=イオンタウン豊中緑丘,Google Mapsで部分一致する施設を優先。名称OCRを補正。GSIは街区近傍点として採用
MrMax熊本インターショッピングセンター,熊本県,熊本市東区,found_google_maps_preferred,MrMax熊本インターショッピングセンター,熊本県,熊本市東区,熊本県熊本市東区石原1丁目1番111号,32.838013,130.778778,https://www.google.com/maps/search/?api=1&query=MrMax熊本インターショッピングセンター,Google Maps名称検索で施設一致
アクロスプラザ野々市,石川県,野々市市,found_google_maps_preferred,アクロスプラザ野々市,石川県,野々市市,石川県野々市市三納一丁目144番地,36.516712,136.609787,https://www.google.com/maps/search/?api=1&query=アクロスプラザ野々市,Google Maps名称検索で施設一致
スーパーマーケットバロー三起屋店,岐阜県,土岐市,found_google_maps_preferred,スーパーマーケットバロー三起屋店,岐阜県,土岐市,岐阜県土岐市泉町久尻42-11,35.356579,137.181854,https://www.google.com/maps/search/?api=1&query=スーパーマーケットバロー三起屋店,Google Maps名称検索の所在地を優先し市を補正
シーサイド海南(スーパーセンターオークワ海南店),和歌山県,海南市,found_google_maps_preferred,シーサイド海南(スーパーセンターオークワ海南店),和歌山県,海南市,和歌山県海南市築地1-1,34.151909,135.206421,https://www.google.com/maps/search/?api=1&query=スーパーセンターオークワ海南店,Google Maps名称検索で施設一致
メラード大和田(関西スーパー大和田店),大阪府,大阪市西淀川区,found_google_maps_preferred,メラード大和田(関西スーパー大和田店),大阪府,大阪市西淀川区,大阪府大阪市西淀川区大和田2-2-43,34.705875,135.446426,https://www.google.com/maps/search/?api=1&query=メラード大和田,Google Maps名称検索で施設一致
ルミネ荻窪,東京都,杉並区,found_google_maps_preferred,ルミネ荻窪,東京都,杉並区,東京都杉並区上荻1-7-1,35.704803,139.620926,https://www.google.com/maps/search/?api=1&query=ルミネ荻窪,Google Maps名称検索で施設一致
グランフェスタ、フェスタビル,兵庫県,姫路市,found_google_maps_preferred,グランフェスタ・フェスタビル,兵庫県,姫路市,兵庫県姫路市駅前町188番地1,34.827621,134.690842,https://www.google.com/maps/search/?api=1&query=グランフェスタ%20姫路,Google Maps名称検索で施設一致。GSIは住所近傍点として採用
イオン大津ショッピングプラザ,熊本県,菊池郡大津町,found_google_maps_preferred,イオン大津ショッピングプラザ,熊本県,菊池郡大津町,熊本県菊池郡大津町大字室137,32.875977,130.867065,https://www.google.com/maps/search/?api=1&query=イオン大津ショッピングプラザ,Google Maps名称検索で施設一致
平和堂あどがわ店,滋賀県,高島市,found_google_maps_preferred,平和堂あどがわ店,滋賀県,高島市,滋賀県高島市安曇川町西万木55,35.327675,136.027954,https://www.google.com/maps/search/?api=1&query=平和堂あどがわ店,Google Maps名称検索で施設一致
the market Place 所沢北原,埼玉県,所沢市,found_google_maps_preferred,the market Place 所沢北原,埼玉県,所沢市,埼玉県所沢市北原町1415-1,35.810192,139.480881,https://www.google.com/maps/search/?api=1&query=the%20market%20Place%20所沢北原,Google Maps名称検索で施設一致
MrMax松橋ショッピングセンター,熊本県,宇城市,found_google_maps_preferred,MrMax松橋ショッピングセンター,熊本県,宇城市,熊本県宇城市松橋町豊福1683番地1号,32.639000,130.700821,https://www.google.com/maps/search/?api=1&query=MrMax松橋ショッピングセンター,Google Maps名称検索で施設一致
大間々ショッピングセンターさくらもーる,群馬県,みどり市,found_google_maps_preferred,大間々ショッピングセンターさくらもーる,群馬県,みどり市,群馬県みどり市大間々町大間々40,36.413872,139.281509,https://www.google.com/maps/search/?api=1&query=大間々ショッピングセンターさくらもーる,Google Maps名称検索で施設一致
大名古屋ビルヂング Shops & Restaurants,静岡県,静岡市葵区,found_google_maps_preferred,大名古屋ビルヂング Shops & Restaurants,愛知県,名古屋市中村区,愛知県名古屋市中村区名駅3丁目28-12,35.171711,136.884430,https://www.google.com/maps/search/?api=1&query=大名古屋ビルヂング,Google Maps名称検索の所在地を優先し県市を補正
tonarie栂・美木多(トナリエ栂・美木多),大阪府,堺市南区,found_google_maps_preferred,tonarie栂・美木多(トナリエ栂・美木多),大阪府,堺市南区,大阪府堺市南区原山台2丁2-1,34.484283,135.491058,https://www.google.com/maps/search/?api=1&query=tonarie栂・美木多,Google Maps名称検索で施設一致。GSIは街区近傍点として採用
小松島ショッピングプラザ ルピア,徳島県,小松島市,found_google_maps_preferred,小松島ショッピングプラザ ルピア,徳島県,小松島市,徳島県小松島市小松島町領田20,34.005280,134.571609,https://www.google.com/maps/search/?api=1&query=小松島ショッピングプラザ%20ルピア,Google Maps名称検索で施設一致
MrMax橋本店,福岡県,福岡市西区,found_google_maps_preferred,MrMax橋本ショッピングセンター,福岡県,福岡市西区,福岡県福岡市西区橋本1丁目10番72号,33.559441,130.318924,https://www.google.com/maps/search/?api=1&query=MrMax橋本ショッピングセンター,Google Mapsで部分一致する施設を優先
ピオレ姫路2.3,兵庫県,姫路市,found_google_maps_preferred,ピオレ姫路2・3,兵庫県,姫路市,兵庫県姫路市駅前町188番地1,34.827621,134.690842,https://www.google.com/maps/search/?api=1&query=ピオレ姫路2%203,Google Maps名称検索で施設一致。GSIは住所近傍点として採用
三井ショッピングパーク ららテラス武蔵小杉,神奈川県,川崎市中原区,found_google_maps_preferred,三井ショッピングパーク ららテラス武蔵小杉,神奈川県,川崎市中原区,神奈川県川崎市中原区新丸子東3丁目1302,35.574726,139.661194,https://www.google.com/maps/search/?api=1&query=ららテラス武蔵小杉,Google Maps名称検索で施設一致。GSIは町域近傍点として採用
LaSoRall|西(ラソラ川西),兵庫県,川西市,found_google_maps_preferred,LaSoRa川西(ラソラ川西),兵庫県,川西市,兵庫県川西市栄町11-1,34.828873,135.413193,https://www.google.com/maps/search/?api=1&query=ラソラ川西,Google Mapsで部分一致する施設を優先。名称OCRを補正
平田ショッピングセンターViVA (平田ショッピングセンタービ/),島根県,出雲市,found_google_maps_preferred,平田ショッピングセンターViVA,島根県,出雲市,島根県出雲市平田町1708-1,35.427937,132.810974,https://www.google.com/maps/search/?api=1&query=平田ショッピングセンターViVA,Google Maps名称検索で施設一致
上市ショッピングタウンパル,富山県,中新川郡上市町,found_google_maps_preferred,上市ショッピングタウンパル,富山県,中新川郡上市町,富山県中新川郡上市町法音寺1,36.698849,137.365479,https://www.google.com/maps/search/?api=1&query=上市ショッピングタウンパル,Google Maps名称検索で施設一致
マリエとやま,富山県,富山市,found_google_maps_preferred,マリエとやま,富山県,富山市,富山県富山市桜町1丁目1番61号,36.700550,137.213669,https://www.google.com/maps/search/?api=1&query=マリエとやま,Google Maps名称検索で施設一致
CORED0日本橋(コレド日本橋),東京都,中央区,found_google_maps_preferred,COREDO日本橋(コレド日本橋),東京都,中央区,東京都中央区日本橋1-4-1,35.682968,139.774231,https://www.google.com/maps/search/?api=1&query=COREDO日本橋,Google Mapsで部分一致する施設を優先。CORED0をCOREDOに補正
ショッピングセンターアプト,鳥取県,東伯郡琴浦町,found_google_maps_preferred,ショッピングセンターアプト,鳥取県,東伯郡琴浦町,鳥取県東伯郡琴浦町八橋371番地,35.502151,133.680969,https://www.google.com/maps/search/?api=1&query=ショッピングセンターアプト%20琴浦,Google Maps名称検索で施設一致
ヨークタウン・アクロスプラザ結城,茨城県,結城市,found_google_maps_preferred,ヨークタウン・アクロスプラザ結城,茨城県,結城市,茨城県結城市大字結城字根本原11839-1,36.297340,139.872223,https://www.google.com/maps/search/?api=1&query=ヨークタウン%20アクロスプラザ結城,Google Maps名称検索で施設一致。GSIは町域近傍点として採用
ショッピングタウン・カリブ梅島,千葉県,流山市,found_google_maps_preferred,ショッピングタウン・カリブ梅島,東京都,足立区,東京都足立区梅田6-9-16,35.766823,139.798126,https://www.google.com/maps/search/?api=1&query=ショッピングタウン%20カリブ梅島,Google Maps名称検索の所在地を優先し県市を補正
福島 県 エスパル福島,福島県,福島市,found_google_maps_preferred,エスパル福島,福島県,福島市,福島県福島市栄町1-1,37.753189,140.460678,https://www.google.com/maps/search/?api=1&query=エスパル福島,Google Mapsで部分一致する施設を優先。名称OCRを補正
PARCO_ya (バルコヤ),千葉県,流山市,found_google_maps_preferred,PARCO_ya上野,東京都,台東区,東京都台東区上野3-24-6,35.706970,139.772964,https://www.google.com/maps/search/?api=1&query=PARCO_ya上野,Google Maps名称検索の所在地を優先し県市を補正
フレスポ西条,山口県,周南市,found_google_maps_preferred,フレスポ西条,愛媛県,西条市,愛媛県西条市新田155,33.930527,133.191177,https://www.google.com/maps/search/?api=1&query=フレスポ西条,Google Maps名称検索の所在地を優先し県市を補正
ティアラ21,埼玉県,熊谷市,found_google_maps_preferred,ティアラ21,埼玉県,熊谷市,埼玉県熊谷市筑波3丁目202番地,36.139412,139.392044,https://www.google.com/maps/search/?api=1&query=ティアラ21%20熊谷,Google Maps名称検索で施設一致
ベルシャイン伊那店,長野県,伊那市,found_google_maps_preferred,ベルシャイン伊那店,長野県,伊那市,長野県伊那市日影435-1,35.837654,137.973633,https://www.google.com/maps/search/?api=1&query=ベルシャイン伊那店,Google Maps名称検索で施設一致
MEGAドン・キホーテ北鴻巣店,埼玉県,鴻巣市,found_google_maps_preferred,MEGAドン・キホーテ北鴻巣店,埼玉県,鴻巣市,埼玉県鴻巣市箕田3111-1,36.080360,139.488907,https://www.google.com/maps/search/?api=1&query=MEGAドン・キホーテ北鴻巣店,Google Maps名称検索で施設一致
羽田空港第2旅客ターミナルビル,東京都,大田区,found_google_maps_preferred,羽田空港第2旅客ターミナルビル,東京都,大田区,東京都大田区羽田空港3丁目4-2,35.554890,139.784454,https://www.google.com/maps/search/?api=1&query=羽田空港第2旅客ターミナルビル,Google Maps名称検索で施設一致。GSIは街区近傍点として採用
Li-Ka1920(ライカイチキューニーマル),鹿児島県,鹿児島市,found_google_maps_preferred,Li-Ka1920(ライカイチキューニーマル),鹿児島県,鹿児島市,鹿児島県鹿児島市中央町19-40,31.582844,130.543182,https://www.google.com/maps/search/?api=1&query=Li-Ka1920,Google Maps名称検索で施設一致。GSIは街区近傍点として採用
さんちか,兵庫県,神戸市中央区,found_google_maps_preferred,さんちか,兵庫県,神戸市中央区,兵庫県神戸市中央区三宮町1丁目10-1,34.693146,135.193771,https://www.google.com/maps/search/?api=1&query=さんちか,Google Maps名称検索で施設一致。GSIは街区近傍点として採用
中日ビル,静岡県,静岡市葵区,found_google_maps_preferred,中日ビル,愛知県,名古屋市中区,愛知県名古屋市中区栄4丁目1-1,35.168846,136.909363,https://www.google.com/maps/search/?api=1&query=中日ビル,Google Maps名称検索の所在地を優先し県市を補正
スーパー・センター垂井,岐阜県,不破郡垂井町,found_google_maps_preferred,スーパー・センター垂井,岐阜県,不破郡垂井町,岐阜県不破郡垂井町表佐字大持野55-1,35.356361,136.548691,https://www.google.com/maps/search/?api=1&query=スーパーセンター垂井,Google Maps名称検索で施設一致。GSIは町域近傍点として採用
ゆめりあフェンテ,千葉県,流山市,found_google_maps_preferred,ゆめりあフェンテ,東京都,練馬区,東京都練馬区東大泉5丁目43-1,35.748936,139.585556,https://www.google.com/maps/search/?api=1&query=ゆめりあフェンテ,Google Maps名称検索の所在地を優先し県市を補正。GSIは街区近傍点として採用
コモーレ丹波の森,兵庫県,丹波市,found_google_maps_preferred,コモーレ丹波の森,兵庫県,丹波市,兵庫県丹波市柏原町母坪335-1,35.150772,135.045593,https://www.google.com/maps/search/?api=1&query=コモーレ丹波の森,Google Maps名称検索で施設一致
VIERRA TOWN けいはんな (ビエラタウンけいはんな),京都府,相楽郡精華町,found_google_maps_preferred,VIERRA TOWN けいはんな(ビエラタウンけいはんな),京都府,相楽郡精華町,京都府相楽郡精華町光台1丁目4-1,34.745426,135.767303,https://www.google.com/maps/search/?api=1&query=VIERRA%20TOWN%20けいはんな,Google Maps名称検索で施設一致。GSIは街区近傍点として採用
Tio舞子(ティオ舞子),兵庫県,神戸市垂水区,found_google_maps_preferred,Tio舞子(ティオ舞子),兵庫県,神戸市垂水区,兵庫県神戸市垂水区東舞子町10-1,34.633720,135.034027,https://www.google.com/maps/search/?api=1&query=Tio舞子,Google Maps名称検索で施設一致
THE Kitahama PLAZA,京都府,亀岡市,found_google_maps_preferred,THE Kitahama PLAZA,大阪府,大阪市中央区,大阪府大阪市中央区高麗橋1丁目7-3,34.689426,135.506683,https://www.google.com/maps/search/?api=1&query=THE%20Kitahama%20PLAZA,Google Maps名称検索の所在地を優先し県市を補正
Friend Town 瀬田川,滋賀県,大津市,found_google_maps_preferred,Friend Town 瀬田川,滋賀県,大津市,滋賀県大津市瀬田1丁目31-1,34.977470,135.909668,https://www.google.com/maps/search/?api=1&query=Friend%20Town%20瀬田川,Google Maps名称検索で施設一致。GSIは住所近傍点として採用
フォレストモール南大沢,東京都,八王子市,found_google_maps_preferred,フォレストモール南大沢,東京都,八王子市,東京都八王子市南大沢2-25,35.613148,139.381607,https://www.google.com/maps/search/?api=1&query=フォレストモール南大沢,Google Maps名称検索で施設一致
ゆめタウン安古市,広島県,広島市安佐南区,found_google_maps_preferred,ゆめタウン安古市,広島県,広島市安佐南区,広島県広島市安佐南区高取北1丁目6-11,34.474316,132.440430,https://www.google.com/maps/search/?api=1&query=ゆめタウン安古市,Google Maps名称検索で施設一致
大宮門街 EAST/WEST,埼玉県,さいたま市大宮区,found_google_maps_preferred,大宮門街 EAST/WEST,埼玉県,さいたま市大宮区,埼玉県さいたま市大宮区大門町二丁目118番地,35.907307,139.627335,https://www.google.com/maps/search/?api=1&query=大宮門街,Google Maps名称検索で施設一致。GSIは町域近傍点として採用
サビア日南ショッピングセンター,宮崎県,日南市,found_google_maps_preferred,サビア日南ショッピングセンター,宮崎県,日南市,宮崎県日南市材木町4-1,31.586973,131.401749,https://www.google.com/maps/search/?api=1&query=サビア日南ショッピングセンター,Google Maps名称検索で施設一致
アル・プラザ木津,京都府,木津川市,found_google_maps_preferred,アル・プラザ木津,京都府,木津川市,京都府木津川市相楽城西15,34.738533,135.792496,https://www.google.com/maps/search/?api=1&query=アル・プラザ木津,Google Maps名称検索で施設一致
ヒルトンプラザ ウエスト,京都府,亀岡市,found_google_maps_preferred,ヒルトンプラザ ウエスト,大阪府,大阪市北区,大阪府大阪市北区梅田2丁目2-2,34.699486,135.495316,https://www.google.com/maps/search/?api=1&query=ヒルトンプラザ%20ウエスト,Google Maps名称検索の所在地を優先し県市を補正
ニッケコルトンプラザ,千葉県,市川市,found_google_maps_preferred,ニッケコルトンプラザ,千葉県,市川市,千葉県市川市鬼高1丁目1-1,35.715031,139.932663,https://www.google.com/maps/search/?api=1&query=ニッケコルトンプラザ,Google Maps名称検索で施設一致
エミフルMASAKI,愛媛県,伊予郡松前町,found_google_maps_preferred,エミフルMASAKI,愛媛県,伊予郡松前町,愛媛県伊予郡松前町筒井850番,33.789639,132.715591,https://www.google.com/maps/search/?api=1&query=エミフルMASAKI,Google Maps名称検索で施設一致
イオンモール和歌山,和歌山県,和歌山市,found_google_maps_preferred,イオンモール和歌山,和歌山県,和歌山市,和歌山県和歌山市ふじと台23番地,34.277016,135.149597,https://www.google.com/maps/search/?api=1&query=イオンモール和歌山,Google Maps名称検索で施設一致。GSIは町域近傍点として採用
あべのキューズタウン,大阪府,大阪市阿倍野区,found_google_maps_preferred,あべのキューズタウン,大阪府,大阪市阿倍野区,大阪府大阪市阿倍野区阿倍野筋1丁目6番1号,34.646053,135.512772,https://www.google.com/maps/search/?api=1&query=あべのキューズタウン,Google Maps名称検索で施設一致
イオンモール大和郡山,奈良県,大和郡山市,found_google_maps_preferred,イオンモール大和郡山,奈良県,大和郡山市,奈良県大和郡山市下三橋町741,34.650848,135.802139,https://www.google.com/maps/search/?api=1&query=イオンモール大和郡山,Google Maps名称検索で施設一致
イオンモール新居浜,愛媛県,新居浜市,found_google_maps_preferred,イオンモール新居浜,愛媛県,新居浜市,愛媛県新居浜市前田町8-8,33.954357,133.270233,https://www.google.com/maps/search/?api=1&query=イオンモール新居浜,Google Maps名称検索で施設一致
イオンモール川口前川,埼玉県,川口市,found_google_maps_preferred,イオンモール川口前川,埼玉県,川口市,埼玉県川口市前川1-1-11,35.833347,139.706055,https://www.google.com/maps/search/?api=1&query=イオンモール川口前川,Google Maps名称検索で施設一致
トリアス,福岡県,糟屋郡久山町,found_google_maps_preferred,トリアス,福岡県,糟屋郡久山町,福岡県糟屋郡久山町山田1111,33.653015,130.489349,https://www.google.com/maps/search/?api=1&query=トリアス%20久山,Google Maps名称検索で施設一致
イオンモール浜松志都呂,静岡県,浜松市中区,found_google_maps_preferred,イオンモール浜松志都呂,静岡県,浜松市中央区,静岡県浜松市中央区志都呂二丁目37番1号,34.696949,137.650879,https://www.google.com/maps/search/?api=1&query=イオンモール浜松志都呂,Google Maps名称検索の所在地を優先し県市を補正
イオンモール成田,千葉県,成田市,found_google_maps_preferred,イオンモール成田,千葉県,成田市,千葉県成田市ウイング土屋24,35.795254,140.318909,https://www.google.com/maps/search/?api=1&query=イオンモール成田,Google Maps名称検索で施設一致
イオンモール日の出,東京都,西多摩郡日の出町,found_google_maps_preferred,イオンモール日の出,東京都,西多摩郡日の出町,東京都西多摩郡日の出町大字平井字三吉野桜木237番地3,35.741478,139.279709,https://www.google.com/maps/search/?api=1&query=イオンモール日の出,Google Maps名称検索で施設一致。GSIは住所近傍点として採用
イオンモールつくば,茨城県,つくば市,found_google_maps_preferred,イオンモールつくば,茨城県,つくば市,茨城県つくば市稲岡66-1,36.034595,140.132721,https://www.google.com/maps/search/?api=1&query=イオンモールつくば,Google Maps名称検索で施設一致
イオンモール浜松市野,静岡県,浜松市中区,found_google_maps_preferred,イオンモール浜松市野,静岡県,浜松市中央区,静岡県浜松市中央区天王町字諏訪1981-3,34.738644,137.763733,https://www.google.com/maps/search/?api=1&query=イオンモール浜松市野,Google Maps名称検索の所在地を優先し県市を補正
イオンモール川,愛知県,豊川市,found_google_maps_preferred,イオンモール豊川,愛知県,豊川市,愛知県豊川市白鳥町兎足1-16,34.825500,137.354095,https://www.google.com/maps/search/?api=1&query=イオンモール豊川,Google Mapsで部分一致する施設を優先。名称OCRを補正
イオンモール宇城,熊本県,宇城市,found_google_maps_preferred,イオンモール宇城,熊本県,宇城市,熊本県宇城市小川町河江1-1,32.594955,130.705338,https://www.google.com/maps/search/?api=1&query=イオンモール宇城,Google Maps名称検索で施設一致
イオンモール浦和美園,埼玉県,さいたま市緑区,found_google_maps_preferred,イオンモール浦和美園,埼玉県,さいたま市緑区,埼玉県さいたま市緑区美園5丁目50番地1,35.890839,139.731522,https://www.google.com/maps/search/?api=1&query=イオンモール浦和美園,Google Maps名称検索で施設一致
イオンモールかほく,石川県,かほく市,found_google_maps_preferred,イオンモールかほく,石川県,かほく市,石川県かほく市内日角タ25,36.708992,136.702209,https://www.google.com/maps/search/?api=1&query=イオンモールかほく,Google Maps名称検索で施設一致
イオンモール福津,福岡県,福津市,found_google_maps_preferred,イオンモール福津,福岡県,福津市,福岡県福津市日蒔野6丁目16番地の1,33.753025,130.492828,https://www.google.com/maps/search/?api=1&query=イオンモール福津,Google Maps名称検索で施設一致。GSIは街区近傍点として採用
イオンモール大牟田,福岡県,大牟田市,found_google_maps_preferred,イオンモール大牟田,福岡県,大牟田市,福岡県大牟田市岬町3-4,33.030472,130.427765,https://www.google.com/maps/search/?api=1&query=イオンモール大牟田,Google Maps名称検索で施設一致
ファッションクルーズ,茨城県,ひたちなか市,found_google_maps_preferred,ファッションクルーズ,茨城県,ひたちなか市,茨城県ひたちなか市新光町35,36.406807,140.586945,https://www.google.com/maps/search/?api=1&query=ファッションクルーズ%20ひたちなか,Google Maps名称検索で施設一致
トレッサ横浜,神奈川県,横浜市港北区,found_google_maps_preferred,トレッサ横浜,神奈川県,横浜市港北区,神奈川県横浜市港北区師岡町700,35.524197,139.645462,https://www.google.com/maps/search/?api=1&query=トレッサ横浜,Google Maps名称検索で施設一致
モリタウン,東京都,昭島市,found_google_maps_preferred,モリタウン,東京都,昭島市,東京都昭島市田中町562-1,35.715012,139.362717,https://www.google.com/maps/search/?api=1&query=モリタウン%20昭島,Google Maps名称検索で施設一致。GSIは町域近傍点として採用
イオンモール札幌発寒,北海道,札幌市西区,found_google_maps_preferred,イオンモール札幌発寒,北海道,札幌市西区,北海道札幌市西区発寒8条12丁目1番1号,43.095791,141.278183,https://www.google.com/maps/search/?api=1&query=イオンモール札幌発寒,Google Maps名称検索で施設一致
アルパーク,広島県,広島市西区,found_google_maps_preferred,アルパーク,広島県,広島市西区,広島県広島市西区草津新町2丁目26-1,34.373730,132.394516,https://www.google.com/maps/search/?api=1&query=アルパーク%20広島,Google Maps名称検索で施設一致
イオンモール下田,青森県,上北郡おいらせ町,found_google_maps_preferred,イオンモール下田,青森県,上北郡おいらせ町,青森県上北郡おいらせ町中野平40-1,40.602257,141.417770,https://www.google.com/maps/search/?api=1&query=イオンモール下田,Google Maps名称検索で施設一致
THE OUTLETS HIROSHIMA,広島県,広島市佐伯区,found_google_maps_preferred,THE OUTLETS HIROSHIMA,広島県,広島市佐伯区,広島県広島市佐伯区石内東4丁目1番1号,34.410095,132.397629,https://www.google.com/maps/search/?api=1&query=THE%20OUTLETS%20HIROSHIMA,Google Maps名称検索で施設一致
ゆめタウン佐賀,佐賀県,佐賀市,found_google_maps_preferred,ゆめタウン佐賀,佐賀県,佐賀市,佐賀県佐賀市兵庫北5丁目14番1号,33.275646,130.308182,https://www.google.com/maps/search/?api=1&query=ゆめタウン佐賀,Google Maps名称検索で施設一致
イオンモール秋田,秋田県,秋田市,found_google_maps_preferred,イオンモール秋田,秋田県,秋田市,秋田県秋田市御所野地蔵田1丁目1-1,39.663094,140.160889,https://www.google.com/maps/search/?api=1&query=イオンモール秋田,Google Maps名称検索で施設一致
イオンモール直方,福岡県,直方市,found_google_maps_preferred,イオンモール直方,福岡県,直方市,福岡県直方市湯野原2丁目1-1,33.768940,130.749512,https://www.google.com/maps/search/?api=1&query=イオンモール直方,Google Maps名称検索で施設一致
イオンモール土浦,茨城県,土浦市,found_google_maps_preferred,イオンモール土浦,茨城県,土浦市,茨城県土浦市上高津367,36.080860,140.179550,https://www.google.com/maps/search/?api=1&query=イオンモール土浦,Google Maps名称検索で施設一致
あまがさきキューズモール,兵庫県,尼崎市,found_google_maps_preferred,あまがさきキューズモール,兵庫県,尼崎市,兵庫県尼崎市潮江1丁目3番1号,34.733112,135.431763,https://www.google.com/maps/search/?api=1&query=あまがさきキューズモール,Google Maps名称検索で施設一致
イオンモール綾川,香川県,綾歌郡綾川町,found_google_maps_preferred,イオンモール綾川,香川県,綾歌郡綾川町,香川県綾歌郡綾川町萱原822-1,34.251804,133.930771,https://www.google.com/maps/search/?api=1&query=イオンモール綾川,Google Maps名称検索で施設一致
三井ショッピングパーク ららぽーと堺,大阪府,堺市美原区,found_google_maps_preferred,三井ショッピングパーク ららぽーと堺,大阪府,堺市美原区,大阪府堺市美原区黒山22番1,34.542019,135.558380,https://www.google.com/maps/search/?api=1&query=三井ショッピングパーク%20ららぽーと堺,Google Maps名称検索で施設一致。GSIは町域近傍点として採用
川崎ルフロン,神奈川県,川崎市川崎区,found_google_maps_preferred,川崎ルフロン,神奈川県,川崎市川崎区,神奈川県川崎市川崎区日進町1-11,35.528065,139.695099,https://www.google.com/maps/search/?api=1&query=川崎ルフロン,Google Maps名称検索で施設一致
イオンモール春日部,埼玉県,春日部市,found_google_maps_preferred,イオンモール春日部,埼玉県,春日部市,埼玉県春日部市下柳420-1,35.987576,139.788605,https://www.google.com/maps/search/?api=1&query=イオンモール春日部,Google Maps名称検索で施設一致
けやきウォーク前橋,群馬県,前橋市,found_google_maps_preferred,けやきウォーク前橋,群馬県,前橋市,群馬県前橋市文京町2丁目1-1,36.380619,139.076813,https://www.google.com/maps/search/?api=1&query=けやきウォーク前橋,Google Maps名称検索で施設一致
イオンモール神戸北,兵庫県,神戸市北区,found_google_maps_preferred,イオンモール神戸北,兵庫県,神戸市北区,兵庫県神戸市北区上津台8丁目1-1,34.860859,135.196518,https://www.google.com/maps/search/?api=1&query=イオンモール神戸北,Google Maps名称検索で施設一致
ゆめタウン高松,香川県,高松市,found_google_maps_preferred,ゆめタウン高松,香川県,高松市,香川県高松市三条町608-1,34.314392,134.046753,https://www.google.com/maps/search/?api=1&query=ゆめタウン高松,Google Maps名称検索で施設一致。GSIは町域近傍点として採用
なんばパークス,大阪府,大阪市浪速区,found_google_maps_preferred,なんばパークス,大阪府,大阪市浪速区,大阪府大阪市浪速区難波中2丁目10-70,34.662411,135.501251,https://www.google.com/maps/search/?api=1&query=なんばパークス,Google Maps名称検索で施設一致
イオンモール鶴見緑地,大阪府,大阪市鶴見区,found_google_maps_preferred,イオンモール鶴見緑地,大阪府,大阪市鶴見区,大阪府大阪市鶴見区鶴見4丁目17-1,34.703033,135.565430,https://www.google.com/maps/search/?api=1&query=イオンモール鶴見緑地,Google Maps名称検索で施設一致
ステラタウン,埼玉県,さいたま市北区,found_google_maps_preferred,ステラタウン,埼玉県,さいたま市北区,埼玉県さいたま市北区宮原町1丁目854-1,35.932701,139.622437,https://www.google.com/maps/search/?api=1&query=ステラタウン,Google Maps名称検索で施設一致
三井アウトレットパーク 木更津,千葉県,木更津市,found_google_maps_preferred,三井アウトレットパーク 木更津,千葉県,木更津市,千葉県木更津市金田東3丁目1-1,35.435112,139.934372,https://www.google.com/maps/search/?api=1&query=三井アウトレットパーク%20木更津,Google Maps名称検索で施設一致。GSIは街区近傍点として採用
イオンタウン四日市泊,三重県,四日市市,found_google_maps_preferred,イオンタウン四日市泊,三重県,四日市市,三重県四日市市泊小柳町4-5-1,34.940277,136.602753,https://www.google.com/maps/search/?api=1&query=イオンタウン四日市泊,Google Maps名称検索で施設一致
モラージュ佐賀,佐賀県,佐賀市,found_google_maps_preferred,モラージュ佐賀,佐賀県,佐賀市,佐賀県佐賀市巨勢町大字牛島730,33.252487,130.318680,https://www.google.com/maps/search/?api=1&query=モラージュ佐賀,Google Maps名称検索で施設一致
プレ葉ウォーク浜北,静岡県,浜松市浜北区,found_google_maps_preferred,プレ葉ウォーク浜北,静岡県,浜松市浜名区,静岡県浜松市浜名区貴布祢1200,34.797241,137.779282,https://www.google.com/maps/search/?api=1&query=プレ葉ウォーク浜北,Google Maps名称検索の所在地を優先し県市を補正
イオンモール盛岡,岩手県,盛岡市,found_google_maps_preferred,イオンモール盛岡,岩手県,盛岡市,岩手県盛岡市前潟4丁目7-1,39.710526,141.101059,https://www.google.com/maps/search/?api=1&query=イオンモール盛岡,Google Maps名称検索で施設一致
ピアラシティみさと,埼玉県,三郷市,found_google_maps_preferred,ピアラシティみさと,埼玉県,三郷市,埼玉県三郷市ピアラシティ1丁目1-1,35.842663,139.855316,https://www.google.com/maps/search/?api=1&query=ピアラシティみさと,Google Maps名称検索で施設一致。GSIは街区近傍点として採用
イオンモールKYOTO,京都府,京都市南区,found_google_maps_preferred,イオンモールKYOTO,京都府,京都市南区,京都府京都市南区西九条鳥居口町1,34.982719,135.754532,https://www.google.com/maps/search/?api=1&query=イオンモールKYOTO,Google Maps名称検索で施設一致
柏高島屋ステーションモール,千葉県,柏市,found_google_maps_preferred,柏高島屋ステーションモール,千葉県,柏市,千葉県柏市末広町1-1,35.862377,139.970825,https://www.google.com/maps/search/?api=1&query=柏高島屋ステーションモール,Google Maps名称検索で施設一致
ベルモール,栃木県,宇都宮市,found_google_maps_preferred,ベルモール,栃木県,宇都宮市,栃木県宇都宮市陽東6丁目2-1,36.552746,139.931610,https://www.google.com/maps/search/?api=1&query=ベルモール%20宇都宮,Google Maps名称検索で施設一致
リーフウォーク稲沢,愛知県,稲沢市,found_google_maps_preferred,リーフウォーク稲沢,愛知県,稲沢市,愛知県稲沢市長野7丁目1-2,35.261143,136.819443,https://www.google.com/maps/search/?api=1&query=リーフウォーク稲沢,Google Maps名称検索で施設一致
イオンモール広島祇園,広島県,広島市安佐南区,found_google_maps_preferred,イオンモール広島祇園,広島県,広島市安佐南区,広島県広島市安佐南区祇園3丁目2-1,34.443783,132.461578,https://www.google.com/maps/search/?api=1&query=イオンモール広島祇園,Google Maps名称検索で施設一致
ゆめタウン久留米,福岡県,久留米市,found_google_maps_preferred,ゆめタウン久留米,福岡県,久留米市,福岡県久留米市新合川1丁目2-1,33.321095,130.536743,https://www.google.com/maps/search/?api=1&query=ゆめタウン久留米,Google Maps名称検索で施設一致
イーアス高尾,東京都,八王子市,found_google_maps_preferred,イーアス高尾,東京都,八王子市,東京都八王子市東浅川町550-1,35.643543,139.289185,https://www.google.com/maps/search/?api=1&query=イーアス高尾,Google Maps名称検索で施設一致
イオンモール土岐,岐阜県,土岐市,found_google_maps_preferred,イオンモール土岐,岐阜県,土岐市,岐阜県土岐市土岐津町土岐口1372-1,35.348499,137.153839,https://www.google.com/maps/search/?api=1&query=イオンモール土岐,Google Maps名称検索で施設一致
ピオニウォーク東松山,埼玉県,東松山市,found_google_maps_preferred,ピオニウォーク東松山,埼玉県,東松山市,埼玉県東松山市あずま町4丁目3,36.005379,139.410278,https://www.google.com/maps/search/?api=1&query=ピオニウォーク東松山,Google Maps名称検索で施設一致
ゆめタウン博多,福岡県,福岡市東区,found_google_maps_preferred,ゆめタウン博多,福岡県,福岡市東区,福岡県福岡市東区東浜1丁目1-1,33.611530,130.412064,https://www.google.com/maps/search/?api=1&query=ゆめタウン博多,Google Maps名称検索で施設一致
パンジョ,大阪府,堺市南区,found_google_maps_preferred,パンジョ,大阪府,堺市南区,大阪府堺市南区茶山台1丁3番1号,34.495998,135.515228,https://www.google.com/maps/search/?api=1&query=パンジョ,Google Maps名称検索で施設一致
イオンモールナゴヤドーム前,愛知県,名古屋市東区,found_google_maps_preferred,イオンモールナゴヤドーム前,愛知県,名古屋市東区,愛知県名古屋市東区矢田南4丁目102-3,35.188564,136.944626,https://www.google.com/maps/search/?api=1&query=イオンモールナゴヤドーム前,Google Maps名称検索で施設一致。GSIは街区近傍点として採用
マーサ21,岐阜県,岐阜市,found_google_maps_preferred,マーサ21,岐阜県,岐阜市,岐阜県岐阜市正木中1丁目2-1,35.446793,136.745743,https://www.google.com/maps/search/?api=1&query=マーサ21,Google Maps名称検索で施設一致
アリオ橋本,神奈川県,横浜市戸塚区,found_google_maps_preferred,アリオ橋本,神奈川県,相模原市緑区,神奈川県相模原市緑区大山町1-22,35.592728,139.348618,https://www.google.com/maps/search/?api=1&query=アリオ橋本,Google Maps名称検索の所在地を優先し県市を補正
ゆめタウン光の森,熊本県,菊池郡菊陽町,found_google_maps_preferred,ゆめタウン光の森,熊本県,菊池郡菊陽町,熊本県菊池郡菊陽町光の森7丁目33-1,32.860233,130.784576,https://www.google.com/maps/search/?api=1&query=ゆめタウン光の森,Google Maps名称検索で施設一致
アミュプラザ長崎,長崎県,長崎市,found_google_maps_preferred,アミュプラザ長崎,長崎県,長崎市,長崎県長崎市尾上町1-1,32.753613,129.868652,https://www.google.com/maps/search/?api=1&query=アミュプラザ長崎,Google Maps名称検索で施設一致
イオンモール大曲,秋田県,大仙市,found_google_maps_preferred,イオンモール大曲,秋田県,大仙市,秋田県大仙市和合字坪立177,39.438168,140.509277,https://www.google.com/maps/search/?api=1&query=イオンモール大曲,Google Maps名称検索で施設一致
イオンモール旭川西,北海道,旭川市,found_google_maps_preferred,イオンモール旭川西,北海道,旭川市,北海道旭川市緑町23丁目2161-3,43.794594,142.325775,https://www.google.com/maps/search/?api=1&query=イオンモール旭川西,Google Maps名称検索で施設一致
イオンモール高松,香川県,高松市,found_google_maps_preferred,イオンモール高松,香川県,高松市,香川県高松市香西本町1-1,34.351009,134.003082,https://www.google.com/maps/search/?api=1&query=イオンモール高松,Google Maps名称検索で施設一致
イオンモール日吉津,鳥取県,西伯郡日吉津村,found_google_maps_preferred,イオンモール日吉津,鳥取県,西伯郡日吉津村,鳥取県西伯郡日吉津村日吉津1160-1,35.445347,133.387360,https://www.google.com/maps/search/?api=1&query=イオンモール日吉津,Google Maps名称検索で施設一致
イオンモール天,山形県,天童市,found_google_maps_preferred,イオンモール天童,山形県,天童市,山形県天童市芳賀タウン北4丁目1-1,38.345303,140.364975,https://www.google.com/maps/search/?api=1&query=イオンモール天童,Google Mapsで部分一致する施設を優先。名称OCRを補正
ユニモちはら台,千葉県,市原市,found_google_maps_preferred,ユニモちはら台,千葉県,市原市,千葉県市原市ちはら台西3丁目4,35.528172,140.171539,https://www.google.com/maps/search/?api=1&query=ユニモちはら台,Google Maps名称検索で施設一致
流山おおたかの森S.C.,千葉県,流山市,found_google_maps_preferred,流山おおたかの森S.C.,千葉県,流山市,千葉県流山市おおたかの森南1丁目5-1,35.870468,139.926270,https://www.google.com/maps/search/?api=1&query=流山おおたかの森S.C.,Google Maps名称検索で施設一致
イオン本牧店,神奈川県,横浜市中区,found_google_maps_preferred,イオン本牧店,神奈川県,横浜市中区,神奈川県横浜市中区本牧原7-1,35.425446,139.666809,https://www.google.com/maps/search/?api=1&query=イオン本牧店,Google Maps名称検索で施設一致
THE MALL仙台長町,宮城県,仙台市太白区,found_google_maps_preferred,THE MALL仙台長町,宮城県,仙台市太白区,宮城県仙台市太白区長町7丁目20番地3号,38.225822,140.876862,https://www.google.com/maps/search/?api=1&query=THE%20MALL仙台長町,Google Maps名称検索で施設一致
三井アウトレットパーク ジャズドリーム長島,三重県,桑名市,found_google_maps_preferred,三井アウトレットパーク ジャズドリーム長島,三重県,桑名市,三重県桑名市長島町浦安368,35.029049,136.729919,https://www.google.com/maps/search/?api=1&query=三井アウトレットパーク%20ジャズドリーム長島,Google Maps名称検索で施設一致
カラフルタウン歧阜,岐阜県,岐阜市,found_google_maps_preferred,カラフルタウン岐阜,岐阜県,岐阜市,岐阜県岐阜市柳津町丸野3丁目3-6,35.363968,136.728607,https://www.google.com/maps/search/?api=1&query=カラフルタウン岐阜,Google Mapsで部分一致する施設を優先。名称OCRを補正
ディオス北千里,大阪府,吹田市,found_google_maps_preferred,ディオス北千里,大阪府,吹田市,大阪府吹田市古江台4丁目119番地,34.820126,135.509918,https://www.google.com/maps/search/?api=1&query=ディオス北千里,Google Maps名称検索で施設一致
サッポロファクトリー,北海道,札幌市中央区,found_google_maps_preferred,サッポロファクトリー,北海道,札幌市中央区,北海道札幌市中央区北2条東4丁目,43.065254,141.361923,https://www.google.com/maps/search/?api=1&query=サッポロファクトリー,Google Maps名称検索で施設一致。GSIは街区近傍点として採用
ゆめタウン徳島,徳島県,板野郡藍住町,found_google_maps_preferred,ゆめタウン徳島,徳島県,板野郡藍住町,徳島県板野郡藍住町奥野字東中須88-1,34.119118,134.500977,https://www.google.com/maps/search/?api=1&query=ゆめタウン徳島,Google Maps名称検索で施設一致
ゆめタウンはません,熊本県,熊本市西区,found_google_maps_preferred,ゆめタウンはません,熊本県,熊本市南区,熊本県熊本市南区田井島1丁目2-1,32.773132,130.723999,https://www.google.com/maps/search/?api=1&query=ゆめタウンはません,Google Maps名称検索の所在地を優先し県市を補正
ピエリ守山,滋賀県,守山市,found_google_maps_preferred,ピエリ守山,滋賀県,守山市,滋賀県守山市今浜町2620-5,35.122837,135.945679,https://www.google.com/maps/search/?api=1&query=ピエリ守山,Google Maps名称検索で施設一致
イオンモール北戸田,埼玉県,戸田市,found_google_maps_preferred,イオンモール北戸田,埼玉県,戸田市,埼玉県戸田市美女木東1丁目3-1,35.826706,139.653030,https://www.google.com/maps/search/?api=1&query=イオンモール北戸田,Google Maps名称検索で施設一致
イオンモール釧路昭和,北海道,釧路市,found_google_maps_preferred,イオンモール釧路昭和,北海道,釧路市,北海道釧路市昭和中央4丁目18-1,43.026386,144.359985,https://www.google.com/maps/search/?api=1&query=イオンモール釧路昭和,Google Maps名称検索で施設一致
イオンモール大垣,岐阜県,大垣市,found_google_maps_preferred,イオンモール大垣,岐阜県,大垣市,岐阜県大垣市外野2丁目100番地,35.336967,136.613708,https://www.google.com/maps/search/?api=1&query=イオンモール大垣,Google Maps名称検索で施設一致
マリンピア,千葉県,千葉市美浜区,found_google_maps_preferred,マリンピア,千葉県,千葉市美浜区,千葉県千葉市美浜区高洲3丁目13-1,35.628323,140.073074,https://www.google.com/maps/search/?api=1&query=マリンピア%20千葉,Google Maps名称検索で施設一致
サントムーン柿田川,静岡県,駿東郡清水町,found_google_maps_preferred,サントムーン柿田川,静岡県,駿東郡清水町,静岡県駿東郡清水町玉川61-2,35.109955,138.905624,https://www.google.com/maps/search/?api=1&query=サントムーン柿田川,Google Maps名称検索で施設一致
みのおキューズモール,大阪府,箕面市,found_google_maps_preferred,みのおキューズモール,大阪府,箕面市,大阪府箕面市西宿1丁目15-30,34.832684,135.489944,https://www.google.com/maps/search/?api=1&query=みのおキューズモール,Google Maps名称検索で施設一致
おやまゆうえんハーヴェストウォーク,栃木県,小山市,found_google_maps_preferred,おやまゆうえんハーヴェストウォーク,栃木県,小山市,栃木県小山市喜沢1475,36.334133,139.806915,https://www.google.com/maps/search/?api=1&query=おやまゆうえんハーヴェストウォーク,Google Maps名称検索で施設一致
軽井沢・プリンスショッピングプラザ,長野県,北佐久郡軽井沢町,found_google_maps_preferred,軽井沢・プリンスショッピングプラザ,長野県,北佐久郡軽井沢町,長野県北佐久郡軽井沢町軽井沢,36.350819,138.630157,https://www.google.com/maps/search/?api=1&query=軽井沢・プリンスショッピングプラザ,Google Maps名称検索で施設一致。GSIは町域近傍点として採用
イオンモール三光,大分県,中津市,found_google_maps_preferred,イオンモール三光,大分県,中津市,大分県中津市三光佐知1032,33.554157,131.195282,https://www.google.com/maps/search/?api=1&query=イオンモール三光,Google Maps名称検索で施設一致。GSIは町域近傍点として採用
アピタ稲沢店,愛知県,稲沢市,found_google_maps_preferred,アピタ稲沢店,愛知県,稲沢市,愛知県稲沢市天池五反田町1,35.252556,136.771484,https://www.google.com/maps/search/?api=1&query=アピタ稲沢店,Google Maps名称検索で施設一致
福岡PARCO,福岡県,福岡市中央区,found_google_maps_preferred,福岡PARCO,福岡県,福岡市中央区,福岡県福岡市中央区天神2丁目11-1,33.590420,130.398895,https://www.google.com/maps/search/?api=1&query=福岡PARCO,Google Maps名称検索で施設一致
神戸三田プレミアム・アウトレット,兵庫県,神戸市北区,found_google_maps_preferred,神戸三田プレミアム・アウトレット,兵庫県,神戸市北区,兵庫県神戸市北区上津台7丁目3,34.859200,135.191727,https://www.google.com/maps/search/?api=1&query=神戸三田プレミアム・アウトレット,Google Maps名称検索で施設一致
酒々井プレミアム・アウトレット,千葉県,印旛郡酒々井町,found_google_maps_preferred,酒々井プレミアム・アウトレット,千葉県,印旛郡酒々井町,千葉県印旛郡酒々井町飯積2丁目4-1,35.713799,140.293381,https://www.google.com/maps/search/?api=1&query=酒々井プレミアム・アウトレット,Google Maps名称検索で施設一致。GSIは街区近傍点として採用
イオンモール盛岡南,岩手県,盛岡市,found_google_maps_preferred,イオンモール盛岡南,岩手県,盛岡市,岩手県盛岡市本宮7丁目1-1,39.684128,141.128922,https://www.google.com/maps/search/?api=1&query=イオンモール盛岡南,Google Maps名称検索で施設一致
アリオ札幌,北海道,札幌市東区,found_google_maps_preferred,アリオ札幌,北海道,札幌市東区,北海道札幌市東区北7条東9丁目2-20,43.072914,141.370392,https://www.google.com/maps/search/?api=1&query=アリオ札幌,Google Maps名称検索で施設一致
イオンモール船橋,千葉県,船橋市,found_google_maps_preferred,イオンモール船橋,千葉県,船橋市,千葉県船橋市山手1丁目1-8,35.711884,139.975769,https://www.google.com/maps/search/?api=1&query=イオンモール船橋,Google Maps名称検索で施設一致
フォレオ大津一里山,滋賀県,大津市,found_google_maps_preferred,フォレオ大津一里山,滋賀県,大津市,滋賀県大津市一里山7丁目1-1,34.974094,135.933640,https://www.google.com/maps/search/?api=1&query=フォレオ大津一里山,Google Maps名称検索で施設一致
あびこショッピングプラザ,千葉県,我孫子市,found_google_maps_preferred,あびこショッピングプラザ,千葉県,我孫子市,千葉県我孫子市我孫子4丁目11-1,35.876476,140.009506,https://www.google.com/maps/search/?api=1&query=あびこショッピングプラザ,Google Maps名称検索で施設一致
イオンモール三川,山形県,東田川郡三川町,found_google_maps_preferred,イオンモール三川,山形県,東田川郡三川町,山形県東田川郡三川町猪子和田庫128-1,38.815754,139.835663,https://www.google.com/maps/search/?api=1&query=イオンモール三川,Google Maps名称検索で施設一致
イオンモール与野,埼玉県,さいたま市中央区,found_google_maps_preferred,イオンモール与野,埼玉県,さいたま市中央区,埼玉県さいたま市中央区本町西5丁目2-9,35.889599,139.615906,https://www.google.com/maps/search/?api=1&query=イオンモール与野,Google Maps名称検索で施設一致
エールエールA館,広島県,広島市南区,found_google_maps_preferred,エールエールA館,広島県,広島市南区,広島県広島市南区松原町9-1,34.396297,132.474472,https://www.google.com/maps/search/?api=1&query=エールエールA館,Google Maps名称検索で施設一致
ニッケパークタウン,兵庫県,神戸市中央区,found_google_maps_preferred,ニッケパークタウン,兵庫県,加古川市,兵庫県加古川市加古川町寺家町173-1,34.769508,134.835693,https://www.google.com/maps/search/?api=1&query=ニッケパークタウン,Google Maps名称検索の所在地を優先し県市を補正
アクアウォーク大垣,岐阜県,大垣市,found_google_maps_preferred,アクアウォーク大垣,岐阜県,大垣市,岐阜県大垣市林町6丁目80-21,35.369884,136.617233,https://www.google.com/maps/search/?api=1&query=アクアウォーク大垣,Google Maps名称検索で施設一致
マリンピア,千葉県,千葉市美浜区,found_google_maps_preferred,マリンピア,千葉県,千葉市美浜区,千葉県千葉市美浜区高洲3丁目13-1,35.628323,140.073074,https://www.google.com/maps/search/?api=1&query=マリンピア%20千葉,Google Maps名称検索で施設一致
イオンモール京都五条,京都府,京都市右京区,found_google_maps_preferred,イオンモール京都五条,京都府,京都市右京区,京都府京都市右京区西院追分町25-1,34.997326,135.727249,https://www.google.com/maps/search/?api=1&query=イオンモール京都五条,Google Maps名称検索で施設一致
イオンモール石巻,宮城県,石巻市,found_google_maps_preferred,イオンモール石巻,宮城県,石巻市,宮城県石巻市茜平4丁目104,38.447937,141.266296,https://www.google.com/maps/search/?api=1&query=イオンモール石巻,Google Maps名称検索で施設一致
イオンモール札幌平岡,北海道,札幌市清田区,found_google_maps_preferred,イオンモール札幌平岡,北海道,札幌市清田区,北海道札幌市清田区平岡3条5丁目3-1,42.998219,141.458145,https://www.google.com/maps/search/?api=1&query=イオンモール札幌平岡,Google Maps名称検索で施設一致。GSIは街区近傍点として採用
LECT (レクト),広島県,広島市西区,found_google_maps_preferred,LECT (レクト),広島県,広島市西区,広島県広島市西区扇2丁目1-45,34.371510,132.407181,https://www.google.com/maps/search/?api=1&query=LECT%20レクト,Google Maps名称検索で施設一致
リバーサイド千秋,新潟県,長岡市,found_google_maps_preferred,リバーサイド千秋,新潟県,長岡市,新潟県長岡市千秋2丁目278,37.460854,138.827026,https://www.google.com/maps/search/?api=1&query=リバーサイド千秋,Google Maps名称検索で施設一致
ゆめタウン広島,広島県,広島市南区,found_google_maps_preferred,ゆめタウン広島,広島県,広島市南区,広島県広島市南区皆実町2丁目8-17,34.375362,132.464935,https://www.google.com/maps/search/?api=1&query=ゆめタウン広島,Google Maps名称検索で施設一致
イオンモール香椎浜,福岡県,福岡市東区,found_google_maps_preferred,イオンモール香椎浜,福岡県,福岡市東区,福岡県福岡市東区香椎浜3丁目12-1,33.657017,130.429855,https://www.google.com/maps/search/?api=1&query=イオンモール香椎浜,Google Maps名称検索で施設一致
ポップタウン住道オペラパーク,大阪府,大東市,found_google_maps_preferred,ポップタウン住道オペラパーク,大阪府,大東市,大阪府大東市赤井1丁目4-1,34.708920,135.619995,https://www.google.com/maps/search/?api=1&query=ポップタウン住道オペラパーク,Google Maps名称検索で施設一致
おのだサンパーク,山口県,山陽小野田市,found_google_maps_preferred,おのだサンパーク,山口県,山陽小野田市,山口県山陽小野田市中川6丁目4-1,33.985802,131.170547,https://www.google.com/maps/search/?api=1&query=おのだサンパーク,Google Maps名称検索で施設一致
横浜ワールドポーターズ,神奈川県,横浜市中区,found_google_maps_preferred,横浜ワールドポーターズ,神奈川県,横浜市中区,神奈川県横浜市中区新港2丁目2-1,35.453987,139.638855,https://www.google.com/maps/search/?api=1&query=横浜ワールドポーターズ,Google Maps名称検索で施設一致
佐野プレミアム・アウトレット,栃木県,佐野市,found_google_maps_preferred,佐野プレミアム・アウトレット,栃木県,佐野市,栃木県佐野市越名町2058,36.292492,139.604828,https://www.google.com/maps/search/?api=1&query=佐野プレミアム・アウトレット,Google Maps名称検索で施設一致
須磨パティオ,兵庫県,神戸市須磨区,found_google_maps_preferred,須磨パティオ,兵庫県,神戸市須磨区,兵庫県神戸市須磨区中落合2丁目2-1,34.678413,135.094650,https://www.google.com/maps/search/?api=1&query=須磨パティオ,Google Maps名称検索で施設一致
サンエー那覇メインプレイス,沖縄県,那覇市,found_google_maps_preferred,サンエー那覇メインプレイス,沖縄県,那覇市,沖縄県那覇市おもろまち4丁目4-9,26.225033,127.694359,https://www.google.com/maps/search/?api=1&query=サンエー那覇メインプレイス,Google Maps名称検索で施設一致
キュービックプラザ新横浜,神奈川県,横浜市港北区,found_google_maps_preferred,キュービックプラザ新横浜,神奈川県,横浜市港北区,神奈川県横浜市港北区新横浜2丁目100-45,35.508678,139.614029,https://www.google.com/maps/search/?api=1&query=キュービックプラザ新横浜,Google Maps名称検索で施設一致。GSIは街区近傍点として採用
三井アウトレットパーク 滋賀竜王,滋賀県,蒲生郡竜王町,found_google_maps_preferred,三井アウトレットパーク 滋賀竜王,滋賀県,蒲生郡竜王町,滋賀県蒲生郡竜王町薬師砂山1178-694,35.066269,136.111084,https://www.google.com/maps/search/?api=1&query=三井アウトレットパーク%20滋賀竜王,Google Maps名称検索で施設一致。GSIは町域近傍点として採用
フジグラン東広島,広島県,東広島市,found_google_maps_preferred,フジグラン東広島,広島県,東広島市,広島県東広島市西条町御薗宇4405,34.407951,132.749527,https://www.google.com/maps/search/?api=1&query=フジグラン東広島,Google Maps名称検索で施設一致
ぐりーんうぉーく多摩,東京都,八王子市,found_google_maps_preferred,ぐりーんうぉーく多摩,東京都,八王子市,東京都八王子市別所2丁目56,35.611900,139.395996,https://www.google.com/maps/search/?api=1&query=ぐりーんうぉーく多摩,Google Maps名称検索で施設一致
ワンズモール,千葉県,千葉市稲毛区,found_google_maps_preferred,ワンズモール,千葉県,千葉市稲毛区,千葉県千葉市稲毛区長沼町330-50,35.657303,140.117447,https://www.google.com/maps/search/?api=1&query=%E3%83%AF%E3%83%B3%E3%82%BA%E3%83%A2%E3%83%BC%E3%83%AB,google_maps_name_match_gsi_address_point
イオンモール姫路大津,兵庫県,姫路市,found_google_maps_preferred,イオンモール姫路大津,兵庫県,姫路市,兵庫県姫路市大津区大津町2丁目5,34.806774,134.606537,https://www.google.com/maps/search/?api=1&query=%E3%82%A4%E3%82%AA%E3%83%B3%E3%83%A2%E3%83%BC%E3%83%AB%E5%A7%AB%E8%B7%AF%E5%A4%A7%E6%B4%A5,google_maps_name_match_gsi_address_point
tonarie四日市(トナリエ四日市),三重県,四日市市,found_google_maps_preferred,tonarie四日市,三重県,四日市市,三重県四日市市安島1丁目3-31,34.968884,136.616714,https://www.google.com/maps/search/?api=1&query=tonarie%E5%9B%9B%E6%97%A5%E5%B8%82,google_maps_name_match_gsi_address_point
イオンモール下妻,茨城県,下妻市,found_google_maps_preferred,イオンモール下妻,茨城県,下妻市,茨城県下妻市堀篭972-1,36.190086,139.989410,https://www.google.com/maps/search/?api=1&query=%E3%82%A4%E3%82%AA%E3%83%B3%E3%83%A2%E3%83%BC%E3%83%AB%E4%B8%8B%E5%A6%BB,google_maps_name_match_gsi_address_point
アシコタウンあしかが,栃木県,足利市,found_google_maps_preferred,アシコタウンあしかが,栃木県,足利市,栃木県足利市大月町3-2,36.336800,139.477295,https://www.google.com/maps/search/?api=1&query=%E3%82%A2%E3%82%B7%E3%82%B3%E3%82%BF%E3%82%A6%E3%83%B3%E3%81%82%E3%81%97%E3%81%8B%E3%81%8C,google_maps_name_match_gsi_address_point
イオンモール姫路リバーシティー,兵庫県,姫路市,found_google_maps_preferred,イオンモール姫路リバーシティー,兵庫県,姫路市,兵庫県姫路市飾磨区細江2560,34.798260,134.668427,https://www.google.com/maps/search/?api=1&query=%E3%82%A4%E3%82%AA%E3%83%B3%E3%83%A2%E3%83%BC%E3%83%AB%E5%A7%AB%E8%B7%AF%E3%83%AA%E3%83%90%E3%83%BC%E3%82%B7%E3%83%86%E3%82%A3%E3%83%BC,google_maps_name_match_gsi_address_point
アミュプラザおおいた,大分県,大分市,found_google_maps_preferred,アミュプラザおおいた,大分県,大分市,大分県大分市要町1-14,33.233311,131.606415,https://www.google.com/maps/search/?api=1&query=%E3%82%A2%E3%83%9F%E3%83%A5%E3%83%97%E3%83%A9%E3%82%B6%E3%81%8A%E3%81%8A%E3%81%84%E3%81%9F,google_maps_name_match_gsi_address_point
ゆめタウン大牟田,福岡県,大牟田市,found_google_maps_preferred,ゆめタウン大牟田,福岡県,大牟田市,福岡県大牟田市旭町2丁目28-1,33.036034,130.452225,https://www.google.com/maps/search/?api=1&query=%E3%82%86%E3%82%81%E3%82%BF%E3%82%A6%E3%83%B3%E5%A4%A7%E7%89%9F%E7%94%B0,google_maps_name_match_gsi_address_point
イオン防府店,山口県,防府市,found_google_maps_preferred,イオン防府店,山口県,防府市,山口県防府市中央町1-3,34.052197,131.569031,https://www.google.com/maps/search/?api=1&query=%E3%82%A4%E3%82%AA%E3%83%B3%E9%98%B2%E5%BA%9C%E5%BA%97,google_maps_name_match_gsi_block_level_nearby_point
そよら成田ニュータウン,千葉県,成田市,found_google_maps_preferred,そよら成田ニュータウン,千葉県,成田市,千葉県成田市赤坂2丁目1-10,35.778236,140.290726,https://www.google.com/maps/search/?api=1&query=%E3%81%9D%E3%82%88%E3%82%89%E6%88%90%E7%94%B0%E3%83%8B%E3%83%A5%E3%83%BC%E3%82%BF%E3%82%A6%E3%83%B3,google_maps_name_match_gsi_block_level_nearby_point
ジョイホンパーク吉岡,群馬県,北群馬郡吉岡町,found_google_maps_preferred,ジョイホンパーク吉岡,群馬県,北群馬郡吉岡町,群馬県北群馬郡吉岡町大久保364-1,36.434250,139.020493,https://www.google.com/maps/search/?api=1&query=%E3%82%B8%E3%83%A7%E3%82%A4%E3%83%9B%E3%83%B3%E3%83%91%E3%83%BC%E3%82%AF%E5%90%89%E5%B2%A1,google_maps_name_match_gsi_town_level_nearby_point
フレスポニッテン,北海道,帯広市,found_google_maps_preferred,フレスポニッテン,北海道,帯広市,北海道帯広市稲田町南9線西9-1,42.887104,143.198883,https://www.google.com/maps/search/?api=1&query=%E3%83%95%E3%83%AC%E3%82%B9%E3%83%9D%E3%83%8B%E3%83%83%E3%83%86%E3%83%B3,google_maps_name_match_gsi_address_point
ミ・ナーラ,奈良県,奈良市,found_google_maps_preferred,ミ・ナーラ,奈良県,奈良市,奈良県奈良市二条大路南1丁目3-1,34.684502,135.802902,https://www.google.com/maps/search/?api=1&query=%E3%83%9F%E3%83%BB%E3%83%8A%E3%83%BC%E3%83%A9,google_maps_name_match_gsi_address_point
フジグラン今治,愛媛県,今治市,found_google_maps_preferred,フジグラン今治,愛媛県,今治市,愛媛県今治市東門町5丁目13-1,34.060947,133.013687,https://www.google.com/maps/search/?api=1&query=%E3%83%95%E3%82%B8%E3%82%B0%E3%83%A9%E3%83%B3%E4%BB%8A%E6%B2%BB,google_maps_name_match_gsi_address_point
イオンタウン大垣,岐阜県,大垣市,found_google_maps_preferred,イオンタウン大垣,岐阜県,大垣市,岐阜県大垣市三塚町丹瀬463-1,35.365883,136.629562,https://www.google.com/maps/search/?api=1&query=%E3%82%A4%E3%82%AA%E3%83%B3%E3%82%BF%E3%82%A6%E3%83%B3%E5%A4%A7%E5%9E%A3,google_maps_name_match_gsi_address_point
サンマルシェ,愛知県,春日井市,found_google_maps_preferred,サンマルシェ,愛知県,春日井市,愛知県春日井市中央台2丁目5,35.282776,137.048828,https://www.google.com/maps/search/?api=1&query=%E3%82%B5%E3%83%B3%E3%83%9E%E3%83%AB%E3%82%B7%E3%82%A7%20%E6%98%A5%E6%97%A5%E4%BA%95,google_maps_name_match_gsi_block_level_nearby_point
イオンタウン防府,山口県,防府市,found_google_maps_preferred,イオンタウン防府,山口県,防府市,山口県防府市鐘紡町7-1,34.048691,131.587585,https://www.google.com/maps/search/?api=1&query=%E3%82%A4%E3%82%AA%E3%83%B3%E3%82%BF%E3%82%A6%E3%83%B3%E9%98%B2%E5%BA%9C,google_maps_name_match_gsi_address_point
イオンモール大阪ドームシティ,大阪府,大阪市西区,found_google_maps_preferred,イオンモール大阪ドームシティ,大阪府,大阪市西区,大阪府大阪市西区千代崎3丁目13-1,34.669487,135.477341,https://www.google.com/maps/search/?api=1&query=%E3%82%A4%E3%82%AA%E3%83%B3%E3%83%A2%E3%83%BC%E3%83%AB%E5%A4%A7%E9%98%AA%E3%83%89%E3%83%BC%E3%83%A0%E3%82%B7%E3%83%86%E3%82%A3,google_maps_name_match_gsi_town_level_nearby_point
金沢エムザ,石川県,金沢市,found_google_maps_preferred,金沢エムザ,石川県,金沢市,石川県金沢市武蔵町15-1,36.571487,136.655136,https://www.google.com/maps/search/?api=1&query=%E9%87%91%E6%B2%A2%E3%82%A8%E3%83%A0%E3%82%B6,google_maps_name_match_gsi_address_point
イオンモール佐野新都市,栃木県,佐野市,found_google_maps_preferred,イオンモール佐野新都市,栃木県,佐野市,栃木県佐野市高萩町1324-1,36.298794,139.606155,https://www.google.com/maps/search/?api=1&query=%E3%82%A4%E3%82%AA%E3%83%B3%E3%83%A2%E3%83%BC%E3%83%AB%E4%BD%90%E9%87%8E%E6%96%B0%E9%83%BD%E5%B8%82,google_maps_name_match_gsi_block_level_nearby_point
インターヴィレッジ大曲,北海道,北広島市,found_google_maps_preferred,インターヴィレッジ大曲,北海道,北広島市,北海道北広島市大曲幸町6丁目1,42.969116,141.469772,https://www.google.com/maps/search/?api=1&query=%E3%82%A4%E3%83%B3%E3%82%BF%E3%83%BC%E3%83%B4%E3%82%A3%E3%83%AC%E3%83%83%E3%82%B8%E5%A4%A7%E6%9B%B2,google_maps_name_match_gsi_block_level_nearby_point
T-FACE,愛知県,豊田市,found_google_maps_preferred,T-FACE,愛知県,豊田市,愛知県豊田市若宮町1丁目57-1,35.087593,137.155624,https://www.google.com/maps/search/?api=1&query=T-FACE%20%E8%B1%8A%E7%94%B0,google_maps_name_match_gsi_address_point
イオンモール加西北条,兵庫県,加西市,found_google_maps_preferred,イオンモール加西北条,兵庫県,加西市,兵庫県加西市北条町北条308-1,34.930515,134.828217,https://www.google.com/maps/search/?api=1&query=%E3%82%A4%E3%82%AA%E3%83%B3%E3%83%A2%E3%83%BC%E3%83%AB%E5%8A%A0%E8%A5%BF%E5%8C%97%E6%9D%A1,google_maps_name_match_gsi_address_point
イオンモール東久留米,東京都,東久留米市,found_google_maps_preferred,イオンモール東久留米,東京都,東久留米市,東京都東久留米市南沢5丁目17-62,35.746162,139.528061,https://www.google.com/maps/search/?api=1&query=%E3%82%A4%E3%82%AA%E3%83%B3%E3%83%A2%E3%83%BC%E3%83%AB%E6%9D%B1%E4%B9%85%E7%95%99%E7%B1%B3,google_maps_name_match_gsi_address_point
阪急三番街,大阪府,大阪市北区,found_google_maps_preferred,阪急三番街,大阪府,大阪市北区,大阪府大阪市北区芝田1丁目1-3,34.704140,135.499008,https://www.google.com/maps/search/?api=1&query=%E9%98%AA%E6%80%A5%E4%B8%89%E7%95%AA%E8%A1%97,google_maps_name_match_gsi_address_point
イオンモール猪名川,兵庫県,川辺郡猪名川町,found_google_maps_preferred,イオンモール猪名川,兵庫県,川辺郡猪名川町,兵庫県川辺郡猪名川町白金2丁目1,34.901764,135.364838,https://www.google.com/maps/search/?api=1&query=%E3%82%A4%E3%82%AA%E3%83%B3%E3%83%A2%E3%83%BC%E3%83%AB%E7%8C%AA%E5%90%8D%E5%B7%9D,google_maps_name_match_gsi_block_level_nearby_point
イオンタウン釜石,岩手県,釜石市,found_google_maps_preferred,イオンタウン釜石,岩手県,釜石市,岩手県釜石市港町2丁目1-1,39.272457,141.882492,https://www.google.com/maps/search/?api=1&query=%E3%82%A4%E3%82%AA%E3%83%B3%E3%82%BF%E3%82%A6%E3%83%B3%E9%87%9C%E7%9F%B3,google_maps_name_match_gsi_block_level_nearby_point
イオンモール佐賀大和,佐賀県,佐賀市,found_google_maps_preferred,イオンモール佐賀大和,佐賀県,佐賀市,佐賀県佐賀市大和町尼寺3535,33.303963,130.280472,https://www.google.com/maps/search/?api=1&query=%E3%82%A4%E3%82%AA%E3%83%B3%E3%83%A2%E3%83%BC%E3%83%AB%E4%BD%90%E8%B3%80%E5%A4%A7%E5%92%8C,google_maps_name_match_gsi_address_point
香林坊アトリオ,石川県,金沢市,found_google_maps_preferred,香林坊アトリオ,石川県,金沢市,石川県金沢市香林坊1丁目1-1,36.562408,136.654358,https://www.google.com/maps/search/?api=1&query=%E9%A6%99%E6%9E%97%E5%9D%8A%E3%82%A2%E3%83%88%E3%83%AA%E3%82%AA,google_maps_name_match_gsi_address_point
エスパル仙台,宮城県,仙台市青葉区,found_google_maps_preferred,エスパル仙台,宮城県,仙台市青葉区,宮城県仙台市青葉区中央1丁目1-1,38.260338,140.881699,https://www.google.com/maps/search/?api=1&query=%E3%82%A8%E3%82%B9%E3%83%91%E3%83%AB%E4%BB%99%E5%8F%B0,google_maps_name_match_gsi_block_level_nearby_point
アゼリアモール,群馬県,館林市,found_google_maps_preferred,アゼリアモール,群馬県,館林市,群馬県館林市楠町3648-1,36.242226,139.568497,https://www.google.com/maps/search/?api=1&query=%E3%82%A2%E3%82%BC%E3%83%AA%E3%82%A2%E3%83%A2%E3%83%BC%E3%83%AB,google_maps_name_match_gsi_address_point
三井アウトレットパーク 入間,埼玉県,入間市,found_google_maps_preferred,三井アウトレットパーク 入間,埼玉県,入間市,埼玉県入間市宮寺3169-1,35.811531,139.379013,https://www.google.com/maps/search/?api=1&query=%E4%B8%89%E4%BA%95%E3%82%A2%E3%82%A6%E3%83%88%E3%83%AC%E3%83%83%E3%83%88%E3%83%91%E3%83%BC%E3%82%AF%20%E5%85%A5%E9%96%93,google_maps_name_match_gsi_address_point
ヨドバシAkiba,東京都,千代田区,found_google_maps_preferred,ヨドバシAkiba,東京都,千代田区,東京都千代田区神田花岡町1-1,35.698639,139.774612,https://www.google.com/maps/search/?api=1&query=%E3%83%A8%E3%83%89%E3%83%90%E3%82%B7Akiba,google_maps_name_match_gsi_block_level_nearby_point
サンストリート浜北,静岡県,浜松市浜北区,found_google_maps_preferred,サンストリート浜北,静岡県,浜松市浜名区,静岡県浜松市浜名区平口2861,34.794586,137.761246,https://www.google.com/maps/search/?api=1&query=%E3%82%B5%E3%83%B3%E3%82%B9%E3%83%88%E3%83%AA%E3%83%BC%E3%83%88%E6%B5%9C%E5%8C%97,google_maps_name_match_corrected_municipality_gsi_address_point
minamoa (ミナモア),広島県,広島市南区,found_google_maps_preferred,minamoa,広島県,広島市南区,広島県広島市南区松原町2-37,34.397057,132.474991,https://www.google.com/maps/search/?api=1&query=minamoa%20%E3%83%9F%E3%83%8A%E3%83%A2%E3%82%A2,google_maps_name_match_gsi_address_point
宮交シティ,宮崎県,宮崎市,found_google_maps_preferred,宮交シティ,宮崎県,宮崎市,宮崎県宮崎市大淀4丁目6-28,31.894594,131.418961,https://www.google.com/maps/search/?api=1&query=%E5%AE%AE%E4%BA%A4%E3%82%B7%E3%83%86%E3%82%A3,google_maps_name_match_gsi_address_point
イオンモール佐久平,長野県,佐久市,found_google_maps_preferred,イオンモール佐久平,長野県,佐久市,長野県佐久市佐久平駅南11-10,36.275497,138.464325,https://www.google.com/maps/search/?api=1&query=%E3%82%A4%E3%82%AA%E3%83%B3%E3%83%A2%E3%83%BC%E3%83%AB%E4%BD%90%E4%B9%85%E5%B9%B3,google_maps_name_match_gsi_block_level_nearby_point
鳥栖プレミアム・アウトレット,佐賀県,鳥栖市,found_google_maps_preferred,鳥栖プレミアム・アウトレット,佐賀県,鳥栖市,佐賀県鳥栖市弥生が丘8丁目1,33.406254,130.511795,https://www.google.com/maps/search/?api=1&query=%E9%B3%A5%E6%A0%96%E3%83%97%E3%83%AC%E3%83%9F%E3%82%A2%E3%83%A0%E3%83%BB%E3%82%A2%E3%82%A6%E3%83%88%E3%83%AC%E3%83%83%E3%83%88,google_maps_name_match_gsi_address_point
ココリア多摩センター,東京都,立川市,found_google_maps_preferred,ココリア多摩センター,東京都,多摩市,東京都多摩市落合1丁目46-1,35.622295,139.424759,https://www.google.com/maps/search/?api=1&query=%E3%82%B3%E3%82%B3%E3%83%AA%E3%82%A2%E5%A4%9A%E6%91%A9%E3%82%BB%E3%83%B3%E3%82%BF%E3%83%BC,google_maps_name_match_corrected_municipality_gsi_block_level_nearby_point
イオンタウン鈴鹿,三重県,鈴鹿市,found_google_maps_preferred,イオンタウン鈴鹿,三重県,鈴鹿市,三重県鈴鹿市庄野羽山4丁目20-1,34.873783,136.529099,https://www.google.com/maps/search/?api=1&query=%E3%82%A4%E3%82%AA%E3%83%B3%E3%82%BF%E3%82%A6%E3%83%B3%E9%88%B4%E9%B9%BF,google_maps_name_match_gsi_address_point
イオンタウン館山,千葉県,館山市,found_google_maps_preferred,イオンタウン館山,千葉県,館山市,千葉県館山市八幡545-1,35.006264,139.862976,https://www.google.com/maps/search/?api=1&query=%E3%82%A4%E3%82%AA%E3%83%B3%E3%82%BF%E3%82%A6%E3%83%B3%E9%A4%A8%E5%B1%B1,google_maps_name_match_gsi_address_point
イオンモール札幌苗穂,北海道,札幌市東区,found_google_maps_preferred,イオンモール札幌苗穂,北海道,札幌市東区,北海道札幌市東区東苗穂2条3丁目1-1,43.079685,141.403885,https://www.google.com/maps/search/?api=1&query=%E3%82%A4%E3%82%AA%E3%83%B3%E3%83%A2%E3%83%BC%E3%83%AB%E6%9C%AD%E5%B9%8C%E8%8B%97%E7%A9%82,google_maps_name_match_gsi_block_level_nearby_point
イオンモール銚子,千葉県,銚子市,found_google_maps_preferred,イオンモール銚子,千葉県,銚子市,千葉県銚子市三崎町2丁目2660-1,35.709991,140.787796,https://www.google.com/maps/search/?api=1&query=%E3%82%A4%E3%82%AA%E3%83%B3%E3%83%A2%E3%83%BC%E3%83%AB%E9%8A%9A%E5%AD%90,google_maps_name_match_gsi_address_point
ゆめタウン筑紫野,福岡県,筑紫野市,found_google_maps_preferred,ゆめタウン筑紫野,福岡県,筑紫野市,福岡県筑紫野市針摺東3丁目3-1,33.484249,130.538498,https://www.google.com/maps/search/?api=1&query=%E3%82%86%E3%82%81%E3%82%BF%E3%82%A6%E3%83%B3%E7%AD%91%E7%B4%AB%E9%87%8E,google_maps_name_match_gsi_block_level_nearby_point
岸和田カンカンベイサイドモール,大阪府,岸和田市,found_google_maps_preferred,岸和田カンカンベイサイドモール,大阪府,岸和田市,大阪府岸和田市港緑町3-1,34.467484,135.371460,https://www.google.com/maps/search/?api=1&query=%E5%B2%B8%E5%92%8C%E7%94%B0%E3%82%AB%E3%83%B3%E3%82%AB%E3%83%B3%E3%83%99%E3%82%A4%E3%82%B5%E3%82%A4%E3%83%89%E3%83%A2%E3%83%BC%E3%83%AB,google_maps_name_match_gsi_address_point
マーゴ,岐阜県,関市,found_google_maps_preferred,マーゴ,岐阜県,関市,岐阜県関市倉知516,35.477791,136.900055,https://www.google.com/maps/search/?api=1&query=%E3%83%9E%E3%83%BC%E3%82%B4%20%E9%96%A2%E5%B8%82,google_maps_name_match_gsi_address_point
イオンモール津田沼,千葉県,習志野市,found_google_maps_preferred,イオンモール津田沼,千葉県,習志野市,千葉県習志野市津田沼1丁目23-1,35.691143,140.022507,https://www.google.com/maps/search/?api=1&query=%E3%82%A4%E3%82%AA%E3%83%B3%E3%83%A2%E3%83%BC%E3%83%AB%E6%B4%A5%E7%94%B0%E6%B2%BC,google_maps_name_match_gsi_address_point
あみプレミアム・アウトレット,茨城県,稲敷郡阿見町,found_google_maps_preferred,あみプレミアム・アウトレット,茨城県,稲敷郡阿見町,茨城県稲敷郡阿見町よしわら4丁目1-1,35.983620,140.237854,https://www.google.com/maps/search/?api=1&query=%E3%81%82%E3%81%BF%E3%83%97%E3%83%AC%E3%83%9F%E3%82%A2%E3%83%A0%E3%83%BB%E3%82%A2%E3%82%A6%E3%83%88%E3%83%AC%E3%83%83%E3%83%88,google_maps_name_match_gsi_address_point
ゆめシティ,山口県,下関市,found_google_maps_preferred,ゆめシティ,山口県,下関市,山口県下関市伊倉新町3丁目1-1,34.007175,130.935349,https://www.google.com/maps/search/?api=1&query=%E3%82%86%E3%82%81%E3%82%B7%E3%83%86%E3%82%A3,google_maps_name_match_gsi_address_point
イオンタウン郡山,福島県,郡山市,found_google_maps_preferred,イオンタウン郡山,福島県,郡山市,福島県郡山市松木町2-88,37.388954,140.387589,https://www.google.com/maps/search/?api=1&query=%E3%82%A4%E3%82%AA%E3%83%B3%E3%82%BF%E3%82%A6%E3%83%B3%E9%83%A1%E5%B1%B1,google_maps_name_match_gsi_address_point
ノア,千葉県,野田市,found_google_maps_preferred,ノア,千葉県,野田市,千葉県野田市中根36-1,35.946472,139.876190,https://www.google.com/maps/search/?api=1&query=%E3%83%8E%E3%82%A2%20%E9%87%8E%E7%94%B0%E5%B8%82,google_maps_name_match_gsi_block_level_nearby_point
イオンタウン金沢示野,石川県,金沢市,found_google_maps_preferred,イオンタウン金沢示野,石川県,金沢市,石川県金沢市戸板西1丁目55,36.580887,136.617020,https://www.google.com/maps/search/?api=1&query=%E3%82%A4%E3%82%AA%E3%83%B3%E3%82%BF%E3%82%A6%E3%83%B3%E9%87%91%E6%B2%A2%E7%A4%BA%E9%87%8E,google_maps_name_match_gsi_town_level_nearby_point
イオンモール小山,栃木県,小山市,found_google_maps_preferred,イオンモール小山,栃木県,小山市,栃木県小山市中久喜1467-1,36.321819,139.840454,https://www.google.com/maps/search/?api=1&query=%E3%82%A4%E3%82%AA%E3%83%B3%E3%83%A2%E3%83%BC%E3%83%AB%E5%B0%8F%E5%B1%B1,google_maps_name_match_gsi_address_point
イオンモール柏,千葉県,柏市,found_google_maps_preferred,イオンモール柏,千葉県,柏市,千葉県柏市豊町2丁目5-25,35.852562,139.959900,https://www.google.com/maps/search/?api=1&query=%E3%82%A4%E3%82%AA%E3%83%B3%E3%83%A2%E3%83%BC%E3%83%AB%E6%9F%8F,google_maps_name_match_gsi_address_point
MOMOテラス(モモテラス),京都府,京都市伏見区,found_google_maps_preferred,MOMOテラス,京都府,京都市伏見区,京都府京都市伏見区桃山町山ノ下32,34.937057,135.794800,https://www.google.com/maps/search/?api=1&query=MOMO%E3%83%86%E3%83%A9%E3%82%B9,google_maps_name_match_gsi_address_point
ブルメール舞多聞,兵庫県,神戸市垂水区,found_google_maps_preferred,ブルメール舞多聞,兵庫県,神戸市垂水区,兵庫県神戸市垂水区舞多聞東2丁目1-45,34.664722,135.053909,https://www.google.com/maps/search/?api=1&query=%E3%83%96%E3%83%AB%E3%83%A1%E3%83%BC%E3%83%AB%E8%88%9E%E5%A4%9A%E8%81%9E,google_maps_name_match_gsi_address_point
イオン市川妙典店,千葉県,市川市,found_google_maps_preferred,イオン市川妙典店,千葉県,市川市,千葉県市川市妙典5丁目3-1,35.693695,139.928009,https://www.google.com/maps/search/?api=1&query=%E3%82%A4%E3%82%AA%E3%83%B3%E5%B8%82%E5%B7%9D%E5%A6%99%E5%85%B8%E5%BA%97,google_maps_name_match_gsi_address_point
パワードーム半田,愛知県,半田市,found_google_maps_preferred,パワードーム半田,愛知県,半田市,愛知県半田市乙川吉野町9,34.904934,136.937210,https://www.google.com/maps/search/?api=1&query=%E3%83%91%E3%83%AF%E3%83%BC%E3%83%89%E3%83%BC%E3%83%A0%E5%8D%8A%E7%94%B0,google_maps_name_match_gsi_address_point
モラージュ柏,千葉県,柏市,found_google_maps_preferred,モラージュ柏,千葉県,柏市,千葉県柏市大山台2丁目3,35.882629,139.969238,https://www.google.com/maps/search/?api=1&query=%E3%83%A2%E3%83%A9%E3%83%BC%E3%82%B8%E3%83%A5%E6%9F%8F,google_maps_name_match_gsi_address_point
牧の原モア,千葉県,印西市,found_google_maps_preferred,牧の原モア,千葉県,印西市,千葉県印西市牧の原1丁目3,35.804539,140.166428,https://www.google.com/maps/search/?api=1&query=%E7%89%A7%E3%81%AE%E5%8E%9F%E3%83%A2%E3%82%A2,google_maps_name_match_gsi_address_point
トキハ別府店,大分県,別府市,found_google_maps_preferred,トキハ別府店,大分県,別府市,大分県別府市北浜2丁目9-1,33.279552,131.504898,https://www.google.com/maps/search/?api=1&query=%E3%83%88%E3%82%AD%E3%83%8F%E5%88%A5%E5%BA%9C%E5%BA%97,google_maps_name_match_gsi_address_point
イオン大塔ショッピングセンター,長崎県,佐世保市,found_google_maps_preferred,イオン大塔ショッピングセンター,長崎県,佐世保市,長崎県佐世保市大塔町14-2,33.147987,129.777878,https://www.google.com/maps/search/?api=1&query=%E3%82%A4%E3%82%AA%E3%83%B3%E5%A4%A7%E5%A1%94%E3%82%B7%E3%83%A7%E3%83%83%E3%83%94%E3%83%B3%E3%82%B0%E3%82%BB%E3%83%B3%E3%82%BF%E3%83%BC,google_maps_name_match_gsi_block_level_nearby_point
エコール・リラ,兵庫県,神戸市北区,found_google_maps_preferred,エコール・リラ,兵庫県,神戸市北区,兵庫県神戸市北区藤原台中町1丁目2-2,34.821514,135.220642,https://www.google.com/maps/search/?api=1&query=%E3%82%A8%E3%82%B3%E3%83%BC%E3%83%AB%E3%83%BB%E3%83%AA%E3%83%A9,google_maps_name_match_gsi_block_level_nearby_point
イオン小郡ショッピングセンター,福岡県,小郡市,found_google_maps_preferred,イオン小郡ショッピングセンター,福岡県,小郡市,福岡県小郡市大保110,33.409969,130.561401,https://www.google.com/maps/search/?api=1&query=%E3%82%A4%E3%82%AA%E3%83%B3%E5%B0%8F%E9%83%A1%E3%82%B7%E3%83%A7%E3%83%83%E3%83%94%E3%83%B3%E3%82%B0%E3%82%BB%E3%83%B3%E3%82%BF%E3%83%BC,google_maps_name_match_gsi_town_level_nearby_point
イオンモール久山,滋賀県,久御山町,found_google_maps_preferred,イオンモール久御山,京都府,久世郡久御山町,京都府久世郡久御山町森南大内156-1,34.893517,135.745865,https://www.google.com/maps/search/?api=1&query=%E3%82%A4%E3%82%AA%E3%83%B3%E3%83%A2%E3%83%BC%E3%83%AB%E4%B9%85%E5%BE%A1%E5%B1%B1,google_maps_name_match_corrected_name_prefecture_municipality_gsi_address_point
フジグラン神辺,広島県,福山市,found_google_maps_preferred,フジグラン神辺,広島県,福山市,広島県福山市神辺町新道上2-10-26,34.545383,133.358856,https://www.google.com/maps/search/?api=1&query=%E3%83%95%E3%82%B8%E3%82%B0%E3%83%A9%E3%83%B3%E7%A5%9E%E8%BE%BA,google_maps_name_match_gsi_block_level_nearby_point
ゆめモール西条,広島県,東広島市,found_google_maps_preferred,ゆめモール西条,広島県,東広島市,広島県東広島市西条町助実1189-1,34.415848,132.770950,https://www.google.com/maps/search/?api=1&query=%E3%82%86%E3%82%81%E3%83%A2%E3%83%BC%E3%83%AB%E8%A5%BF%E6%9D%A1,google_maps_name_match_gsi_town_level_nearby_point
那須ガーデンアウトレット,栃木県,那須塩原市,found_google_maps_preferred,那須ガーデンアウトレット,栃木県,那須塩原市,栃木県那須塩原市塩野崎184-7,36.965893,139.991364,https://www.google.com/maps/search/?api=1&query=%E9%82%A3%E9%A0%88%E3%82%AC%E3%83%BC%E3%83%87%E3%83%B3%E3%82%A2%E3%82%A6%E3%83%88%E3%83%AC%E3%83%83%E3%83%88,google_maps_name_match_gsi_block_level_nearby_point
アリオ鷲宮,埼玉県,所沢市,found_google_maps_preferred,アリオ鷲宮,埼玉県,久喜市,埼玉県久喜市久本寺谷田7-1,36.078667,139.661331,https://www.google.com/maps/search/?api=1&query=%E3%82%A2%E3%83%AA%E3%82%AA%E9%B7%B2%E5%AE%AE,google_maps_name_match_corrected_municipality_gsi_address_point
セレオ八王子北館,東京都,八王子市,found_google_maps_preferred,セレオ八王子北館,東京都,八王子市,東京都八王子市旭町1-1,35.655796,139.336212,https://www.google.com/maps/search/?api=1&query=%E3%82%BB%E3%83%AC%E3%82%AA%E5%85%AB%E7%8E%8B%E5%AD%90%E5%8C%97%E9%A4%A8,google_maps_name_match_gsi_block_level_nearby_point
イオン松任店,石川県,白山市,found_google_maps_preferred,イオン松任店,石川県,白山市,石川県白山市平松町102-1,36.508198,136.566010,https://www.google.com/maps/search/?api=1&query=%E3%82%A4%E3%82%AA%E3%83%B3%E6%9D%BE%E4%BB%BB%E5%BA%97,google_maps_name_match_gsi_address_point
アステ川西,兵庫県,川西市,found_google_maps_preferred,アステ川西,兵庫県,川西市,兵庫県川西市栄町25-1,34.826466,135.413116,https://www.google.com/maps/search/?api=1&query=%E3%82%A2%E3%82%B9%E3%83%86%E5%B7%9D%E8%A5%BF,google_maps_name_match_gsi_block_level_nearby_point
イオン四日市尾平ショッピングセンター,三重県,四日市市,found_google_maps_preferred,イオン四日市尾平ショッピングセンター,三重県,四日市市,三重県四日市市尾平町1805,34.978474,136.588806,https://www.google.com/maps/search/?api=1&query=%E3%82%A4%E3%82%AA%E3%83%B3%E5%9B%9B%E6%97%A5%E5%B8%82%E5%B0%BE%E5%B9%B3%E3%82%B7%E3%83%A7%E3%83%83%E3%83%94%E3%83%B3%E3%82%B0%E3%82%BB%E3%83%B3%E3%82%BF%E3%83%BC,google_maps_name_match_gsi_town_level_nearby_point
イオンタウン湖南,滋賀県,湖南市,found_google_maps_preferred,イオンタウン湖南,滋賀県,湖南市,滋賀県湖南市岩根4580,35.010540,136.109787,https://www.google.com/maps/search/?api=1&query=%E3%82%A4%E3%82%AA%E3%83%B3%E3%82%BF%E3%82%A6%E3%83%B3%E6%B9%96%E5%8D%97,google_maps_name_match_gsi_town_level_nearby_point
フジグラン松山,愛媛県,松山市,found_google_maps_preferred,フジグラン松山,愛媛県,松山市,愛媛県松山市宮西1丁目2-1,33.844311,132.753036,https://www.google.com/maps/search/?api=1&query=%E3%83%95%E3%82%B8%E3%82%B0%E3%83%A9%E3%83%B3%E6%9D%BE%E5%B1%B1,google_maps_name_match_gsi_address_point
イオンモール富津,千葉県,富津市,found_google_maps_preferred,イオンモール富津,千葉県,富津市,千葉県富津市青木1丁目5-1,35.329353,139.846039,https://www.google.com/maps/search/?api=1&query=%E3%82%A4%E3%82%AA%E3%83%B3%E3%83%A2%E3%83%BC%E3%83%AB%E5%AF%8C%E6%B4%A5,google_maps_name_match_gsi_block_level_nearby_point
ゆめタウン姫路,兵庫県,姫路市,found_google_maps_preferred,ゆめタウン姫路,兵庫県,姫路市,兵庫県姫路市神子岡前3丁目12-17,34.841373,134.669785,https://www.google.com/maps/search/?api=1&query=%E3%82%86%E3%82%81%E3%82%BF%E3%82%A6%E3%83%B3%E5%A7%AB%E8%B7%AF,google_maps_name_match_gsi_address_point
イオン豊橋南店,愛知県,豊橋市,found_google_maps_preferred,イオン豊橋南店,愛知県,豊橋市,愛知県豊橋市野依町落合1-12,34.709778,137.387756,https://www.google.com/maps/search/?api=1&query=%E3%82%A4%E3%82%AA%E3%83%B3%E8%B1%8A%E6%A9%8B%E5%8D%97%E5%BA%97,google_maps_name_match_gsi_address_point
icotなかもず(イコットなかもず),大阪府,堺市北区,found_google_maps_preferred,icotなかもず,大阪府,堺市北区,大阪府堺市北区中百舌鳥町3丁428-2,34.554340,135.509109,https://www.google.com/maps/search/?api=1&query=icot%E3%81%AA%E3%81%8B%E3%82%82%E3%81%9A,google_maps_name_match_gsi_address_point
イオン穂波ショッピングセンター,福岡県,飯塚市,found_google_maps_preferred,イオン穂波ショッピングセンター,福岡県,飯塚市,福岡県飯塚市枝国長浦666-48,33.637447,130.673935,https://www.google.com/maps/search/?api=1&query=%E3%82%A4%E3%82%AA%E3%83%B3%E7%A9%82%E6%B3%A2%E3%82%B7%E3%83%A7%E3%83%83%E3%83%94%E3%83%B3%E3%82%B0%E3%82%BB%E3%83%B3%E3%82%BF%E3%83%BC,google_maps_name_match_gsi_address_point
イクスピアリ,千葉県,浦安市,found_google_maps_preferred,イクスピアリ,千葉県,浦安市,千葉県浦安市舞浜1-4,35.631264,139.874329,https://www.google.com/maps/search/?api=1&query=%E3%82%A4%E3%82%AF%E3%82%B9%E3%83%94%E3%82%A2%E3%83%AA,google_maps_name_match_gsi_block_level_nearby_point
イオン新潟西店,新潟県,新潟市西区,found_google_maps_preferred,イオン新潟西店,新潟県,新潟市西区,新潟県新潟市西区小新南2丁目1-10,37.869236,138.995529,https://www.google.com/maps/search/?api=1&query=%E3%82%A4%E3%82%AA%E3%83%B3%E6%96%B0%E6%BD%9F%E8%A5%BF%E5%BA%97,google_maps_name_match_gsi_address_point
ガーデンモール木津川,京都府,木津川市,found_google_maps_preferred,ガーデンモール木津川,京都府,木津川市,京都府木津川市州見台1丁目1-1,34.720612,135.817764,https://www.google.com/maps/search/?api=1&query=%E3%82%AC%E3%83%BC%E3%83%87%E3%83%B3%E3%83%A2%E3%83%BC%E3%83%AB%E6%9C%A8%E6%B4%A5%E5%B7%9D,google_maps_name_match_gsi_block_level_nearby_point
アリオ加古川,兵庫県,神戸市中央区,found_google_maps_preferred,アリオ加古川,兵庫県,加古川市,兵庫県加古川市別府町緑町2,34.728249,134.849670,https://www.google.com/maps/search/?api=1&query=%E3%82%A2%E3%83%AA%E3%82%AA%E5%8A%A0%E5%8F%A4%E5%B7%9D,google_maps_name_match_corrected_municipality_gsi_address_point
SAKURA MACHI Kumamoto,宮崎県,,found_google_maps_preferred,SAKURA MACHI Kumamoto,熊本県,熊本市中央区,熊本県熊本市中央区桜町3-10,32.800598,130.704300,https://www.google.com/maps/search/?api=1&query=SAKURA%20MACHI%20Kumamoto,google_maps_name_match_corrected_prefecture_municipality_gsi_address_point
エコール・いずみ,大阪府,和泉市,found_google_maps_preferred,エコール・いずみ,大阪府,和泉市,大阪府和泉市いぶき野5丁目1-11,34.460056,135.456863,https://www.google.com/maps/search/?api=1&query=%E3%82%A8%E3%82%B3%E3%83%BC%E3%83%AB%E3%83%BB%E3%81%84%E3%81%9A%E3%81%BF,google_maps_name_match_gsi_block_level_nearby_point
イオン新潟青山ショッピングセンター,新潟県,新潟市西区,found_google_maps_preferred,イオン新潟青山ショッピングセンター,新潟県,新潟市西区,新潟県新潟市西区青山2丁目5-1,37.896366,139.006012,https://www.google.com/maps/search/?api=1&query=%E3%82%A4%E3%82%AA%E3%83%B3%E6%96%B0%E6%BD%9F%E9%9D%92%E5%B1%B1%E3%82%B7%E3%83%A7%E3%83%83%E3%83%94%E3%83%B3%E3%82%B0%E3%82%BB%E3%83%B3%E3%82%BF%E3%83%BC,google_maps_name_match_gsi_address_point
大 分県 あけのアクロスタウン,大分県,大分市,found_google_maps_preferred,あけのアクロスタウン,大分県,大分市,大分県大分市明野東1丁目1-1,33.224041,131.652710,https://www.google.com/maps/search/?api=1&query=%E3%81%82%E3%81%91%E3%81%AE%E3%82%A2%E3%82%AF%E3%83%AD%E3%82%B9%E3%82%BF%E3%82%A6%E3%83%B3,google_maps_name_match_corrected_name_gsi_block_level_nearby_point
新百合ヶ丘エルミロード,神奈川県,川崎市麻生区,found_google_maps_preferred,新百合ヶ丘エルミロード,神奈川県,川崎市麻生区,神奈川県川崎市麻生区上麻生1丁目4-1,35.603123,139.509323,https://www.google.com/maps/search/?api=1&query=%E6%96%B0%E7%99%BE%E5%90%88%E3%83%B6%E4%B8%98%E3%82%A8%E3%83%AB%E3%83%9F%E3%83%AD%E3%83%BC%E3%83%89,google_maps_name_match_gsi_block_level_nearby_point
プラーレ松戸,千葉県,松戸市,found_google_maps_preferred,プラーレ松戸,千葉県,松戸市,千葉県松戸市松戸1149-1,35.782894,139.902496,https://www.google.com/maps/search/?api=1&query=%E3%83%97%E3%83%A9%E3%83%BC%E3%83%AC%E6%9D%BE%E6%88%B8,google_maps_name_match_gsi_block_level_nearby_point
ふかや花園プレミアム・アウトレット,埼玉県,深谷市,found_google_maps_preferred,ふかや花園プレミアム・アウトレット,埼玉県,深谷市,埼玉県深谷市黒田169,36.132999,139.250397,https://www.google.com/maps/search/?api=1&query=%E3%81%B5%E3%81%8B%E3%82%84%E8%8A%B1%E5%9C%92%E3%83%97%E3%83%AC%E3%83%9F%E3%82%A2%E3%83%A0%E3%83%BB%E3%82%A2%E3%82%A6%E3%83%88%E3%83%AC%E3%83%83%E3%83%88,google_maps_name_match_gsi_address_point
アリオ市原,千葉県,市原市,found_google_maps_preferred,アリオ市原,千葉県,市原市,千葉県市原市更級4丁目3-2,35.507919,140.101807,https://www.google.com/maps/search/?api=1&query=%E3%82%A2%E3%83%AA%E3%82%AA%E5%B8%82%E5%8E%9F,google_maps_name_match_gsi_block_level_nearby_point
みらい長崎ココウォーク,長崎県,長崎市,found_google_maps_preferred,みらい長崎ココウォーク,長崎県,長崎市,長崎県長崎市茂里町1-55,32.762981,129.864777,https://www.google.com/maps/search/?api=1&query=%E3%81%BF%E3%82%89%E3%81%84%E9%95%B7%E5%B4%8E%E3%82%B3%E3%82%B3%E3%82%A6%E3%82%A9%E3%83%BC%E3%82%AF,google_maps_name_match_gsi_address_point
プレンティ,大阪府,門真市,found_google_maps_preferred,プレンティ,兵庫県,神戸市西区,兵庫県神戸市西区糀台5丁目2-3,34.718746,135.019836,https://www.google.com/maps/search/?api=1&query=%E3%83%97%E3%83%AC%E3%83%B3%E3%83%86%E3%82%A3%20%E7%A5%9E%E6%88%B8%E8%A5%BF,google_maps_name_match_corrected_prefecture_municipality_gsi_block_level_nearby_point
ギャラリエアピタ知立店,愛知県,知立市,found_google_maps_preferred,ギャラリエアピタ知立店,愛知県,知立市,愛知県知立市長篠町大山18-1,34.997875,137.051651,https://www.google.com/maps/search/?api=1&query=%E3%82%AE%E3%83%A3%E3%83%A9%E3%83%AA%E3%82%A8%E3%82%A2%E3%83%94%E3%82%BF%E7%9F%A5%E7%AB%8B%E5%BA%97,google_maps_name_match_gsi_address_point
ニトリモール相模原,新潟県,,found_google_maps_preferred,ニトリモール相模原,神奈川県,相模原市南区,神奈川県相模原市南区大野台6丁目1-1,35.555794,139.409653,https://www.google.com/maps/search/?api=1&query=%E3%83%8B%E3%83%88%E3%83%AA%E3%83%A2%E3%83%BC%E3%83%AB%E7%9B%B8%E6%A8%A1%E5%8E%9F,google_maps_name_match_corrected_prefecture_municipality_gsi_block_level_nearby_point
イオン相模原ショッピングセンター,神奈川県,横浜市南区,found_google_maps_preferred,イオン相模原ショッピングセンター,神奈川県,相模原市南区,神奈川県相模原市南区古淵2丁目10-1,35.554676,139.417847,https://www.google.com/maps/search/?api=1&query=%E3%82%A4%E3%82%AA%E3%83%B3%E7%9B%B8%E6%A8%A1%E5%8E%9F%E3%82%B7%E3%83%A7%E3%83%83%E3%83%94%E3%83%B3%E3%82%B0%E3%82%BB%E3%83%B3%E3%82%BF%E3%83%BC,google_maps_name_match_corrected_municipality_gsi_address_point
ヴェルサウォーク西尾,三重県,,found_google_maps_preferred,ヴェルサウォーク西尾,愛知県,西尾市,愛知県西尾市高畠町3丁目23-9,34.863388,137.059662,https://www.google.com/maps/search/?api=1&query=%E3%83%B4%E3%82%A7%E3%83%AB%E3%82%B5%E3%82%A6%E3%82%A9%E3%83%BC%E3%82%AF%E8%A5%BF%E5%B0%BE,google_maps_name_match_corrected_prefecture_municipality_gsi_address_point
イオンタウン仙台泉大沢,宮城県,仙台市泉区,found_google_maps_preferred,イオンタウン仙台泉大沢,宮城県,仙台市泉区,宮城県仙台市泉区大沢1丁目5-1,38.349903,140.881073,https://www.google.com/maps/search/?api=1&query=%E3%82%A4%E3%82%AA%E3%83%B3%E3%82%BF%E3%82%A6%E3%83%B3%E4%BB%99%E5%8F%B0%E6%B3%89%E5%A4%A7%E6%B2%A2,google_maps_name_match_gsi_block_level_nearby_point
イオン京都洛南ショッピングセンター,京都府,京都市南区,found_google_maps_preferred,イオン京都洛南ショッピングセンター,京都府,京都市南区,京都府京都市南区吉祥院御池町31,34.975109,135.735428,https://www.google.com/maps/search/?api=1&query=%E3%82%A4%E3%82%AA%E3%83%B3%E4%BA%AC%E9%83%BD%E6%B4%9B%E5%8D%97%E3%82%B7%E3%83%A7%E3%83%83%E3%83%94%E3%83%B3%E3%82%B0%E3%82%BB%E3%83%B3%E3%82%BF%E3%83%BC,google_maps_name_match_gsi_address_point
ビオルネ,大阪府,枚方市,found_google_maps_preferred,ビオルネ,大阪府,枚方市,大阪府枚方市岡本町7-1,34.815689,135.646545,https://www.google.com/maps/search/?api=1&query=%E3%83%93%E3%82%AA%E3%83%AB%E3%83%8D,google_maps_name_match_gsi_block_level_nearby_point
ゆめタウン中津,大分県,中津市,found_google_maps_preferred,ゆめタウン中津,大分県,中津市,大分県中津市蛭子町3丁目99,33.602325,131.194641,https://www.google.com/maps/search/?api=1&query=%E3%82%86%E3%82%81%E3%82%BF%E3%82%A6%E3%83%B3%E4%B8%AD%E6%B4%A5,google_maps_name_match_gsi_address_point
三井アウトレットパーク 横浜ベイサイド,神奈川県,横浜市金沢区,found_google_maps_preferred,三井アウトレットパーク 横浜ベイサイド,神奈川県,横浜市金沢区,神奈川県横浜市金沢区白帆5-2,35.379951,139.646271,https://www.google.com/maps/search/?api=1&query=%E4%B8%89%E4%BA%95%E3%82%A2%E3%82%A6%E3%83%88%E3%83%AC%E3%83%83%E3%83%88%E3%83%91%E3%83%BC%E3%82%AF%20%E6%A8%AA%E6%B5%9C%E3%83%99%E3%82%A4%E3%82%B5%E3%82%A4%E3%83%89,google_maps_name_match_gsi_block_level_nearby_point
フレスポ稲毛,千葉県,千葉市稲毛区,found_google_maps_preferred,フレスポ稲毛,千葉県,千葉市稲毛区,千葉県千葉市稲毛区長沼原町731-17,35.655750,140.127365,https://www.google.com/maps/search/?api=1&query=%E3%83%95%E3%83%AC%E3%82%B9%E3%83%9D%E7%A8%B2%E6%AF%9B,google_maps_name_match_gsi_address_point
アトレ川崎,神奈川県,川崎市川崎区,found_google_maps_preferred,アトレ川崎,神奈川県,川崎市川崎区,神奈川県川崎市川崎区駅前本町26-1,35.530125,139.697968,https://www.google.com/maps/search/?api=1&query=%E3%82%A2%E3%83%88%E3%83%AC%E5%B7%9D%E5%B4%8E,google_maps_name_match_gsi_block_level_nearby_point
エコール・マミ,岡山県,広陵町,found_google_maps_preferred,エコール・マミ,奈良県,北葛城郡広陵町,奈良県北葛城郡広陵町馬見中4丁目1,34.546322,135.724960,https://www.google.com/maps/search/?api=1&query=%E3%82%A8%E3%82%B3%E3%83%BC%E3%83%AB%E3%83%BB%E3%83%9E%E3%83%9F,google_maps_name_match_corrected_prefecture_municipality_gsi_block_level_nearby_point
恵比寿ガーデンプレイス,東京都,,found_google_maps_preferred,恵比寿ガーデンプレイス,東京都,渋谷区,東京都渋谷区恵比寿4丁目20,35.642971,139.713684,https://www.google.com/maps/search/?api=1&query=%E6%81%B5%E6%AF%94%E5%AF%BF%E3%82%AC%E3%83%BC%E3%83%87%E3%83%B3%E3%83%97%E3%83%AC%E3%82%A4%E3%82%B9,google_maps_name_match_gsi_block_level_nearby_point
横須賀モアーズシティ,神奈川県,横須賀市,found_google_maps_preferred,横須賀モアーズシティ,神奈川県,横須賀市,神奈川県横須賀市若松町2丁目30,35.278214,139.669861,https://www.google.com/maps/search/?api=1&query=%E6%A8%AA%E9%A0%88%E8%B3%80%E3%83%A2%E3%82%A2%E3%83%BC%E3%82%BA%E3%82%B7%E3%83%86%E3%82%A3,google_maps_name_match_gsi_address_point
イオン南風原ショッピングセンター,沖縄県,島尻郡南風原町,found_google_maps_preferred,イオン南風原ショッピングセンター,沖縄県,島尻郡南風原町,沖縄県島尻郡南風原町宮平264,26.200636,127.737434,https://www.google.com/maps/search/?api=1&query=%E3%82%A4%E3%82%AA%E3%83%B3%E5%8D%97%E9%A2%A8%E5%8E%9F%E3%82%B7%E3%83%A7%E3%83%83%E3%83%94%E3%83%B3%E3%82%B0%E3%82%BB%E3%83%B3%E3%82%BF%E3%83%BC,google_maps_name_match_gsi_address_point
アリオ川口,埼玉県,川口市,found_google_maps_preferred,アリオ川口,埼玉県,川口市,埼玉県川口市並木元町1-79,35.806885,139.715820,https://www.google.com/maps/search/?api=1&query=%E3%82%A2%E3%83%AA%E3%82%AA%E5%B7%9D%E5%8F%A3,google_maps_name_match_gsi_address_point
金沢フォーラス,石川県,金沢市,found_google_maps_preferred,金沢フォーラス,石川県,金沢市,石川県金沢市堀川新町3-1,36.578560,136.649506,https://www.google.com/maps/search/?api=1&query=%E9%87%91%E6%B2%A2%E3%83%95%E3%82%A9%E3%83%BC%E3%83%A9%E3%82%B9,google_maps_name_match_gsi_address_point
アル・プラザ鶴見,岐阜県,大垣市,found_google_maps_preferred,アル・プラザ鶴見,岐阜県,大垣市,岐阜県大垣市鶴見町641-2,35.360947,136.638657,https://www.google.com/maps/search/?api=1&query=%E3%82%A2%E3%83%AB%E3%83%BB%E3%83%97%E3%83%A9%E3%82%B6%E9%B6%B4%E8%A6%8B,google_maps_name_match_gsi_town_level_nearby_point
グランデュオ立川,東京都,立川市,found_google_maps_preferred,グランデュオ立川,東京都,立川市,東京都立川市柴崎町3丁目2-1,35.697296,139.414185,https://www.google.com/maps/search/?api=1&query=%E3%82%B0%E3%83%A9%E3%83%B3%E3%83%87%E3%83%A5%E3%82%AA%E7%AB%8B%E5%B7%9D,google_maps_name_match_gsi_block_level_nearby_point
白河モール,福島県,白河市,found_google_maps_preferred,白河モール,福島県,白河市,福島県白河市老久保28,37.116680,140.199799,https://www.google.com/maps/search/?api=1&query=%E7%99%BD%E6%B2%B3%E3%83%A2%E3%83%BC%E3%83%AB,google_maps_name_match_tenant_same_site_gsi_address_point
ゆめタウン呉,広島県,呉市,found_google_maps_preferred,ゆめタウン呉,広島県,呉市,広島県呉市宝町5-10,34.242977,132.556091,https://www.google.com/maps/search/?api=1&query=%E3%82%86%E3%82%81%E3%82%BF%E3%82%A6%E3%83%B3%E5%91%89,google_maps_name_match_gsi_address_point
イオンタウン上里,栃木県,上里町,found_google_maps_preferred,イオンタウン上里,埼玉県,児玉郡上里町,埼玉県児玉郡上里町金久保359-1,36.260586,139.136673,https://www.google.com/maps/search/?api=1&query=%E3%82%A4%E3%82%AA%E3%83%B3%E3%82%BF%E3%82%A6%E3%83%B3%E4%B8%8A%E9%87%8C,google_maps_name_match_corrected_prefecture_municipality_gsi_address_point
イオンタウン古川,宮城県,大崎市,found_google_maps_preferred,イオンタウン古川,宮城県,大崎市,宮城県大崎市古川沢田筒場浦15,38.598164,140.971817,https://www.google.com/maps/search/?api=1&query=%E3%82%A4%E3%82%AA%E3%83%B3%E3%82%BF%E3%82%A6%E3%83%B3%E5%8F%A4%E5%B7%9D,google_maps_name_match_gsi_address_point
アリオ深谷,埼玉県,深谷市,found_google_maps_preferred,アリオ深谷,埼玉県,深谷市,埼玉県深谷市上柴町西4丁目2-14,36.181110,139.298462,https://www.google.com/maps/search/?api=1&query=%E3%82%A2%E3%83%AA%E3%82%AA%E6%B7%B1%E8%B0%B7,google_maps_name_match_gsi_block_level_nearby_point
ニトリモール東大阪,大阪府,東大阪市,found_google_maps_preferred,ニトリモール東大阪,大阪府,東大阪市,大阪府東大阪市西岩田2丁目3-25,34.663280,135.601410,https://www.google.com/maps/search/?api=1&query=%E3%83%8B%E3%83%88%E3%83%AA%E3%83%A2%E3%83%BC%E3%83%AB%E6%9D%B1%E5%A4%A7%E9%98%AA,google_maps_name_match_gsi_address_point
仙台PARCO2,宮城県,仙台市青葉区,found_google_maps_preferred,仙台PARCO2,宮城県,仙台市青葉区,宮城県仙台市青葉区中央3丁目7-5,38.259109,140.880142,https://www.google.com/maps/search/?api=1&query=%E4%BB%99%E5%8F%B0PARCO2,google_maps_name_match_gsi_address_point
ベニバナウォーク桶川,埼玉県,桶川市,found_google_maps_preferred,ベニバナウォーク桶川,埼玉県,桶川市,埼玉県桶川市下日出谷東2丁目15-1,35.996693,139.551163,https://www.google.com/maps/search/?api=1&query=%E3%83%99%E3%83%8B%E3%83%90%E3%83%8A%E3%82%A6%E3%82%A9%E3%83%BC%E3%82%AF%E6%A1%B6%E5%B7%9D,google_maps_name_match_gsi_town_level_nearby_point
ゆめタウン宇部,山口県,宇部市,found_google_maps_preferred,ゆめタウン宇部,山口県,宇部市,山口県宇部市黒石北3丁目4-1,33.985245,131.207321,https://www.google.com/maps/search/?api=1&query=%E3%82%86%E3%82%81%E3%82%BF%E3%82%A6%E3%83%B3%E5%AE%87%E9%83%A8,google_maps_name_match_gsi_address_point
イオン大井店,埼玉県,ふじみ野市,found_google_maps_preferred,イオン大井店,埼玉県,ふじみ野市,埼玉県ふじみ野市ふじみ野1丁目2-1,35.860817,139.513092,https://www.google.com/maps/search/?api=1&query=%E3%82%A4%E3%82%AA%E3%83%B3%E5%A4%A7%E4%BA%95%E5%BA%97,google_maps_name_match_gsi_address_point
ゆめタウン山口,山口県,山口市,found_google_maps_preferred,ゆめタウン山口,山口県,山口市,山口県山口市大内千坊6丁目9-1,34.159306,131.490845,https://www.google.com/maps/search/?api=1&query=%E3%82%86%E3%82%81%E3%82%BF%E3%82%A6%E3%83%B3%E5%B1%B1%E5%8F%A3,google_maps_name_match_gsi_address_point
フジグラン広島,広島県,広島市中区,found_google_maps_preferred,フジグラン広島,広島県,広島市中区,広島県広島市中区宝町2-1,34.386375,132.465012,https://www.google.com/maps/search/?api=1&query=%E3%83%95%E3%82%B8%E3%82%B0%E3%83%A9%E3%83%B3%E5%BA%83%E5%B3%B6,google_maps_name_match_gsi_address_point
アイシティ21,長野県,東筑摩郡山形村,found_google_maps_preferred,アイシティ21,長野県,東筑摩郡山形村,長野県東筑摩郡山形村7977,36.168056,137.878891,https://www.google.com/maps/search/?api=1&query=%E3%82%A2%E3%82%A4%E3%82%B7%E3%83%86%E3%82%A321,google_maps_name_match_gsi_town_level_nearby_point
イオンタウン能代,秋田県,能代市,found_google_maps_preferred,イオンタウン能代,秋田県,能代市,秋田県能代市鰄渕古屋布1,40.189766,140.078125,https://www.google.com/maps/search/?api=1&query=%E3%82%A4%E3%82%AA%E3%83%B3%E3%82%BF%E3%82%A6%E3%83%B3%E8%83%BD%E4%BB%A3,google_maps_name_match_gsi_town_level_nearby_point
イオン帯広店,北海道,帯広市,found_google_maps_preferred,イオン帯広店,北海道,帯広市,北海道帯広市西4条南20丁目1,42.908875,143.200684,https://www.google.com/maps/search/?api=1&query=%E3%82%A4%E3%82%AA%E3%83%B3%E5%B8%AF%E5%BA%83%E5%BA%97,google_maps_name_match_gsi_address_point
ワールドプラザ,愛媛県,今治市,found_google_maps_preferred,ワールドプラザ,愛媛県,今治市,愛媛県今治市東村1丁目14-2,34.042542,133.026886,https://www.google.com/maps/search/?api=1&query=%E3%83%AF%E3%83%BC%E3%83%AB%E3%83%89%E3%83%97%E3%83%A9%E3%82%B6%20%E4%BB%8A%E6%B2%BB,google_maps_name_match_gsi_address_point
ビバモール埼玉大井,埼玉県,ふじみ野市,found_google_maps_preferred,ビバモール埼玉大井,埼玉県,ふじみ野市,埼玉県ふじみ野市西鶴ケ岡1丁目3-15,35.862591,139.501144,https://www.google.com/maps/search/?api=1&query=%E3%83%93%E3%83%90%E3%83%A2%E3%83%BC%E3%83%AB%E5%9F%BC%E7%8E%89%E5%A4%A7%E4%BA%95,google_maps_name_match_gsi_address_point
ゆめタウン丸亀,香川県,丸亀市,found_google_maps_preferred,ゆめタウン丸亀,香川県,丸亀市,香川県丸亀市新田町150,34.273121,133.785736,https://www.google.com/maps/search/?api=1&query=%E3%82%86%E3%82%81%E3%82%BF%E3%82%A6%E3%83%B3%E4%B8%B8%E4%BA%80,google_maps_name_match_gsi_address_point
イオン大宮店,栃木県,,found_google_maps_preferred,イオン大宮店,埼玉県,さいたま市北区,埼玉県さいたま市北区櫛引町2丁目574-1,35.922531,139.609924,https://www.google.com/maps/search/?api=1&query=%E3%82%A4%E3%82%AA%E3%83%B3%E5%A4%A7%E5%AE%AE%E5%BA%97,google_maps_name_match_corrected_prefecture_municipality_gsi_address_point
クロスガーデン多摩,東京都,立川市,found_google_maps_preferred,クロスガーデン多摩,東京都,多摩市,東京都多摩市落合2丁目33,35.620087,139.423340,https://www.google.com/maps/search/?api=1&query=%E3%82%AF%E3%83%AD%E3%82%B9%E3%82%AC%E3%83%BC%E3%83%87%E3%83%B3%E5%A4%9A%E6%91%A9,google_maps_name_match_corrected_municipality_gsi_address_point
島忠ホームズ草加舎人店,埼玉県,草加市,found_google_maps_preferred,島忠ホームズ草加舎人店,埼玉県,草加市,埼玉県草加市遊馬町2-1,35.818073,139.768219,https://www.google.com/maps/search/?api=1&query=%E5%B3%B6%E5%BF%A0%E3%83%9B%E3%83%BC%E3%83%A0%E3%82%BA%E8%8D%89%E5%8A%A0%E8%88%8E%E4%BA%BA%E5%BA%97,google_maps_name_match_gsi_address_point
ユアエルム成田,千葉県,成田市,found_google_maps_preferred,ユアエルム成田,千葉県,成田市,千葉県成田市公津の杜4丁目5-3,35.759411,140.296722,https://www.google.com/maps/search/?api=1&query=%E3%83%A6%E3%82%A2%E3%82%A8%E3%83%AB%E3%83%A0%E6%88%90%E7%94%B0,google_maps_name_match_gsi_block_level_nearby_point
イオンタウンおゆみ野,千葉県,千葉市緑区,found_google_maps_preferred,イオンタウンおゆみ野,千葉県,千葉市緑区,千葉県千葉市緑区おゆみ野南5丁目37-1,35.543961,140.173523,https://www.google.com/maps/search/?api=1&query=%E3%82%A4%E3%82%AA%E3%83%B3%E3%82%BF%E3%82%A6%E3%83%B3%E3%81%8A%E3%82%86%E3%81%BF%E9%87%8E,google_maps_name_match_gsi_address_point
カインズモール千葉ニュータウン,千葉県,印西市,found_google_maps_preferred,カインズモール千葉ニュータウン,千葉県,印西市,千葉県印西市泉野1丁目144-6,35.804344,140.124847,https://www.google.com/maps/search/?api=1&query=%E3%82%AB%E3%82%A4%E3%83%B3%E3%82%BA%E3%83%A2%E3%83%BC%E3%83%AB%E5%8D%83%E8%91%89%E3%83%8B%E3%83%A5%E3%83%BC%E3%82%BF%E3%82%A6%E3%83%B3,google_maps_name_match_gsi_address_point
イオンモール多摩平の森,東京都,日野市,found_google_maps_preferred,イオンモール多摩平の森,東京都,日野市,東京都日野市多摩平2丁目4-1,35.662437,139.380920,https://www.google.com/maps/search/?api=1&query=%E3%82%A4%E3%82%AA%E3%83%B3%E3%83%A2%E3%83%BC%E3%83%AB%E5%A4%9A%E6%91%A9%E5%B9%B3%E3%81%AE%E6%A3%AE,google_maps_name_match_gsi_block_level_nearby_point
広島段原ショッピングセンター,山口県,,found_google_maps_preferred,広島段原ショッピングセンター,広島県,広島市南区,広島県広島市南区段原南1丁目3-52,34.385899,132.475800,https://www.google.com/maps/search/?api=1&query=%E5%BA%83%E5%B3%B6%E6%AE%B5%E5%8E%9F%E3%82%B7%E3%83%A7%E3%83%83%E3%83%94%E3%83%B3%E3%82%B0%E3%82%BB%E3%83%B3%E3%82%BF%E3%83%BC,google_maps_name_match_corrected_prefecture_municipality_gsi_address_point
イオンタウン黒崎,福岡県,北九州市八幡西区,found_google_maps_preferred,イオンタウン黒崎,福岡県,北九州市八幡西区,福岡県北九州市八幡西区西曲里町3-1,33.860020,130.761459,https://www.google.com/maps/search/?api=1&query=%E3%82%A4%E3%82%AA%E3%83%B3%E3%82%BF%E3%82%A6%E3%83%B3%E9%BB%92%E5%B4%8E,google_maps_name_match_gsi_address_point
ゆめタウン東広島,広島県,東広島市,found_google_maps_preferred,ゆめタウン東広島,広島県,東広島市,広島県東広島市西条土与丸1丁目5-7,34.427773,132.750366,https://www.google.com/maps/search/?api=1&query=%E3%82%86%E3%82%81%E3%82%BF%E3%82%A6%E3%83%B3%E6%9D%B1%E5%BA%83%E5%B3%B6,google_maps_name_match_gsi_address_point
バロー羽島インター店,岐阜県,羽島市,found_google_maps_preferred,バロー羽島インター店,岐阜県,羽島市,岐阜県羽島市江吉良町2939,35.305008,136.690598,https://www.google.com/maps/search/?api=1&query=%E3%83%90%E3%83%AD%E3%83%BC%E7%BE%BD%E5%B3%B6%E3%82%A4%E3%83%B3%E3%82%BF%E3%83%BC%E5%BA%97,google_maps_name_match_gsi_address_point
パームシティ和歌山,和歌山県,和歌山市,found_google_maps_preferred,パームシティ和歌山,和歌山県,和歌山市,和歌山県和歌山市中野31-1,34.255280,135.140701,https://www.google.com/maps/search/?api=1&query=%E3%83%91%E3%83%BC%E3%83%A0%E3%82%B7%E3%83%86%E3%82%A3%E5%92%8C%E6%AD%8C%E5%B1%B1,google_maps_name_match_gsi_address_point
ハーバーセンター,兵庫県,神戸市中央区,found_google_maps_preferred,ハーバーセンター,兵庫県,神戸市中央区,兵庫県神戸市中央区東川崎町1丁目3-3,34.677273,135.179138,https://www.google.com/maps/search/?api=1&query=%E3%83%8F%E3%83%BC%E3%83%90%E3%83%BC%E3%82%BB%E3%83%B3%E3%82%BF%E3%83%BC%20%E7%A5%9E%E6%88%B8,google_maps_name_match_gsi_block_level_nearby_point
サンシパーク,三重県,桑名市,found_google_maps_preferred,サンシパーク,三重県,桑名市,三重県桑名市大仲新田84-1,35.078880,136.610153,https://www.google.com/maps/search/?api=1&query=%E3%82%B5%E3%83%B3%E3%82%B7%E3%83%91%E3%83%BC%E3%82%AF%20%E6%A1%91%E5%90%8D,google_maps_name_match_gsi_town_level_nearby_point
イオンタウン野田七光台,千葉県,野田市,found_google_maps_preferred,イオンタウン野田七光台,千葉県,野田市,千葉県野田市七光台4-2,35.981583,139.853256,https://www.google.com/maps/search/?api=1&query=%E3%82%A4%E3%82%AA%E3%83%B3%E3%82%BF%E3%82%A6%E3%83%B3%E9%87%8E%E7%94%B0%E4%B8%83%E5%85%89%E5%8F%B0,google_maps_name_match_gsi_address_point
アピタ安城南店,愛知県,安城市,found_google_maps_preferred,アピタ安城南店,愛知県,安城市,愛知県安城市桜井町貝戸尻60,34.920300,137.087326,https://www.google.com/maps/search/?api=1&query=%E3%82%A2%E3%83%94%E3%82%BF%E5%AE%89%E5%9F%8E%E5%8D%97%E5%BA%97,google_maps_name_match_gsi_address_point
市 日永カヨー,三重県,四日市市,found_google_maps_preferred,日永カヨー,三重県,四日市市,三重県四日市市日永4丁目2-41,34.947765,136.603943,https://www.google.com/maps/search/?api=1&query=%E6%97%A5%E6%B0%B8%E3%82%AB%E3%83%A8%E3%83%BC,google_maps_name_match_corrected_name_gsi_address_point
サンロード青森,青森県,青森市,found_google_maps_preferred,サンロード青森,青森県,青森市,青森県青森市緑3丁目9-2,40.806904,140.753311,https://www.google.com/maps/search/?api=1&query=%E3%82%B5%E3%83%B3%E3%83%AD%E3%83%BC%E3%83%89%E9%9D%92%E6%A3%AE,google_maps_name_match_gsi_block_level_nearby_point
イオン和泉府中店,大阪府,和泉市,found_google_maps_preferred,イオン和泉府中店,大阪府,和泉市,大阪府和泉市肥子町2丁目2-1,34.486366,135.422287,https://www.google.com/maps/search/?api=1&query=%E3%82%A4%E3%82%AA%E3%83%B3%E5%92%8C%E6%B3%89%E5%BA%9C%E4%B8%AD%E5%BA%97,google_maps_name_match_gsi_address_point
アリオ上田,長野県,上田市,found_google_maps_preferred,アリオ上田,長野県,上田市,長野県上田市天神3丁目5-1,36.399662,138.244141,https://www.google.com/maps/search/?api=1&query=%E3%82%A2%E3%83%AA%E3%82%AA%E4%B8%8A%E7%94%B0,google_maps_name_match_gsi_block_level_nearby_point
イオンタウン富士南,静岡県,富士市,found_google_maps_preferred,イオンタウン富士南,静岡県,富士市,静岡県富士市鮫島118-10,35.139099,138.677155,https://www.google.com/maps/search/?api=1&query=%E3%82%A4%E3%82%AA%E3%83%B3%E3%82%BF%E3%82%A6%E3%83%B3%E5%AF%8C%E5%A3%AB%E5%8D%97,google_maps_name_match_gsi_address_point
洛北阪急スクエア,京都府,京都市左京区,found_google_maps_preferred,洛北阪急スクエア,京都府,京都市左京区,京都府京都市左京区高野西開町36,35.040871,135.779327,https://www.google.com/maps/search/?api=1&query=%E6%B4%9B%E5%8C%97%E9%98%AA%E6%80%A5%E3%82%B9%E3%82%AF%E3%82%A8%E3%82%A2,google_maps_name_match_gsi_address_point
イオン大野城ショッピングセンター,福岡県,大野城市,found_google_maps_preferred,イオン大野城ショッピングセンター,福岡県,大野城市,福岡県大野城市錦町4丁目1-1,33.537930,130.474930,https://www.google.com/maps/search/?api=1&query=%E3%82%A4%E3%82%AA%E3%83%B3%E5%A4%A7%E9%87%8E%E5%9F%8E%E3%82%B7%E3%83%A7%E3%83%83%E3%83%94%E3%83%B3%E3%82%B0%E3%82%BB%E3%83%B3%E3%82%BF%E3%83%BC,google_maps_name_match_gsi_address_point
イオン古河店,茨城県,古河市,found_google_maps_preferred,イオン古河店,茨城県,古河市,茨城県古河市旭町1丁目2-17,36.197170,139.719055,https://www.google.com/maps/search/?api=1&query=%E3%82%A4%E3%82%AA%E3%83%B3%E5%8F%A4%E6%B2%B3%E5%BA%97,google_maps_name_match_gsi_address_point
Oh!Me大津テラス,滋賀県,大津市,found_google_maps_preferred,Oh!Me大津テラス,滋賀県,大津市,滋賀県大津市打出浜14-30,35.004417,135.879959,https://www.google.com/maps/search/?api=1&query=Oh%21Me%E5%A4%A7%E6%B4%A5%E3%83%86%E3%83%A9%E3%82%B9,google_maps_name_match_gsi_address_point
あすみが丘ブランニューモール,千葉県,千葉市緑区,found_google_maps_preferred,あすみが丘ブランニューモール,千葉県,千葉市緑区,千葉県千葉市緑区あすみが丘7丁目1,35.520943,140.267120,https://www.google.com/maps/search/?api=1&query=%E3%81%82%E3%81%99%E3%81%BF%E3%81%8C%E4%B8%98%E3%83%96%E3%83%A9%E3%83%B3%E3%83%8B%E3%83%A5%E3%83%BC%E3%83%A2%E3%83%BC%E3%83%AB,google_maps_name_match_gsi_block_level_nearby_point
ラピア,青森県,八戸市,found_google_maps_preferred,ラピア,青森県,八戸市,青森県八戸市江陽2丁目14-1,40.520836,141.503159,https://www.google.com/maps/search/?api=1&query=%E3%83%A9%E3%83%94%E3%82%A2%20%E5%85%AB%E6%88%B8,google_maps_name_match_gsi_address_point
ホームズ川崎大師店,神奈川県,川崎市川崎区,found_google_maps_preferred,ホームズ川崎大師店,神奈川県,川崎市川崎区,神奈川県川崎市川崎区中瀬3丁目20-20,35.538685,139.733353,https://www.google.com/maps/search/?api=1&query=%E3%83%9B%E3%83%BC%E3%83%A0%E3%82%BA%E5%B7%9D%E5%B4%8E%E5%A4%A7%E5%B8%AB%E5%BA%97,google_maps_name_match_gsi_block_level_nearby_point
イオン金沢店,石川県,金沢市,found_google_maps_preferred,イオン金沢店,石川県,金沢市,石川県金沢市福久2丁目58,36.616962,136.681442,https://www.google.com/maps/search/?api=1&query=%E3%82%A4%E3%82%AA%E3%83%B3%E9%87%91%E6%B2%A2%E5%BA%97,google_maps_name_match_gsi_address_point
ワカバウォーク,埼玉県,鶴ヶ島市,found_google_maps_preferred,ワカバウォーク,埼玉県,鶴ヶ島市,埼玉県鶴ヶ島市富士見1丁目2-1,35.949432,139.409744,https://www.google.com/maps/search/?api=1&query=%E3%83%AF%E3%82%AB%E3%83%90%E3%82%A6%E3%82%A9%E3%83%BC%E3%82%AF,google_maps_partial_name_match_gsi_address_point
渋谷ヒカリエ,東京都,渋谷区,found_google_maps_preferred,渋谷ヒカリエ,東京都,渋谷区,東京都渋谷区渋谷2丁目21-1,35.659267,139.703964,https://www.google.com/maps/search/?api=1&query=%E6%B8%8B%E8%B0%B7%E3%83%92%E3%82%AB%E3%83%AA%E3%82%A8,google_maps_name_match_gsi_address_point
木の葉モール橋本,福岡県,福岡市西区,found_google_maps_preferred,木の葉モール橋本,福岡県,福岡市西区,福岡県福岡市西区橋本2丁目27-2,33.555920,130.321625,https://www.google.com/maps/search/?api=1&query=%E6%9C%A8%E3%81%AE%E8%91%89%E3%83%A2%E3%83%BC%E3%83%AB%E6%A9%8B%E6%9C%AC,google_maps_name_match_gsi_block_level_point
イコアス千城台,千葉県,千葉市若葉区,found_google_maps_preferred,イコアス千城台,千葉県,千葉市若葉区,千葉県千葉市若葉区千城台北3丁目21-1,35.622665,140.189178,https://www.google.com/maps/search/?api=1&query=%E3%82%A4%E3%82%B3%E3%82%A2%E3%82%B9%E5%8D%83%E5%9F%8E%E5%8F%B0,google_maps_name_match_gsi_block_level_point
ザ・モール郡山,福島県,郡山市,found_google_maps_preferred,ザ・モール郡山,福島県,郡山市,福島県郡山市長者1丁目1-56,37.398472,140.371918,https://www.google.com/maps/search/?api=1&query=%E3%82%B6%E3%83%BB%E3%83%A2%E3%83%BC%E3%83%AB%E9%83%A1%E5%B1%B1,google_maps_partial_name_match_gsi_address_point
イオン宇品ショッピングセンター,広島県,広島市南区,found_google_maps_preferred,イオン宇品ショッピングセンター,広島県,広島市南区,広島県広島市南区宇品東6丁目1-15,34.362583,132.469528,https://www.google.com/maps/search/?api=1&query=%E3%82%A4%E3%82%AA%E3%83%B3%E5%AE%87%E5%93%81%E3%82%B7%E3%83%A7%E3%83%83%E3%83%94%E3%83%B3%E3%82%B0%E3%82%BB%E3%83%B3%E3%82%BF%E3%83%BC,google_maps_name_match_gsi_address_point
フレスポ東大阪,大阪府,東大阪市,found_google_maps_preferred,フレスポ東大阪,大阪府,東大阪市,大阪府東大阪市稲田新町3丁目9-64,34.692265,135.591400,https://www.google.com/maps/search/?api=1&query=%E3%83%95%E3%83%AC%E3%82%B9%E3%83%9D%E6%9D%B1%E5%A4%A7%E9%98%AA,google_maps_name_match_gsi_address_point
ゆめタウン武雄,佐賀県,武雄市,found_google_maps_preferred,ゆめタウン武雄,佐賀県,武雄市,佐賀県武雄市武雄町武雄4992,33.188622,130.024857,https://www.google.com/maps/search/?api=1&query=%E3%82%86%E3%82%81%E3%82%BF%E3%82%A6%E3%83%B3%E6%AD%A6%E9%9B%84,google_maps_name_match_gsi_address_point
ラソラ札幌,北海道,札幌市白石区,found_google_maps_preferred,ラソラ札幌,北海道,札幌市白石区,北海道札幌市白石区東札幌3丁目1-1,43.054256,141.384369,https://www.google.com/maps/search/?api=1&query=%E3%83%A9%E3%82%BD%E3%83%A9%E6%9C%AD%E5%B9%8C,google_maps_name_match_gsi_address_point
イオン和田山店,兵庫県,朝来市,found_google_maps_preferred,イオン和田山店,兵庫県,朝来市,兵庫県朝来市和田山町枚田岡774,35.327240,134.861618,https://www.google.com/maps/search/?api=1&query=%E3%82%A4%E3%82%AA%E3%83%B3%E5%92%8C%E7%94%B0%E5%B1%B1%E5%BA%97,google_maps_name_match_gsi_block_level_point
ガーラタウン,青森県,青森市,found_google_maps_preferred,ガーラタウン,青森県,青森市,青森県青森市三好2丁目3-19,40.833221,140.702148,https://www.google.com/maps/search/?api=1&query=%E3%82%AC%E3%83%BC%E3%83%A9%E3%82%BF%E3%82%A6%E3%83%B3,google_maps_name_match_gsi_block_level_point
イオン札幌桑園ショッピングセンター,北海道,札幌市中央区,found_google_maps_preferred,イオン札幌桑園ショッピングセンター,北海道,札幌市中央区,北海道札幌市中央区北8条西14丁目28,43.068291,141.333588,https://www.google.com/maps/search/?api=1&query=%E3%82%A4%E3%82%AA%E3%83%B3%E6%9C%AD%E5%B9%8C%E6%A1%91%E5%9C%92%E3%82%B7%E3%83%A7%E3%83%83%E3%83%94%E3%83%B3%E3%82%B0%E3%82%BB%E3%83%B3%E3%82%BF%E3%83%BC,google_maps_name_match_gsi_address_point
博多バスターミナル,福岡県,福岡市博多区,found_google_maps_preferred,博多バスターミナル,福岡県,福岡市博多区,福岡県福岡市博多区博多駅中央街2-1,33.591270,130.419083,https://www.google.com/maps/search/?api=1&query=%E5%8D%9A%E5%A4%9A%E3%83%90%E3%82%B9%E3%82%BF%E3%83%BC%E3%83%9F%E3%83%8A%E3%83%AB,google_maps_name_match_gsi_address_point
パワーモール前橋みなみ,群馬県,前橋市,found_google_maps_preferred,パワーモール前橋みなみ,群馬県,前橋市,群馬県前橋市新堀町18,36.330158,139.095581,https://www.google.com/maps/search/?api=1&query=%E3%83%91%E3%83%AF%E3%83%BC%E3%83%A2%E3%83%BC%E3%83%AB%E5%89%8D%E6%A9%8B%E3%81%BF%E3%81%AA%E3%81%BF,google_maps_name_match_gsi_address_point
イオンタウン大須賀,静岡県,掛川市,found_google_maps_preferred,イオンタウン大須賀,静岡県,掛川市,静岡県掛川市西大渕3359,34.678036,137.969360,https://www.google.com/maps/search/?api=1&query=%E3%82%A4%E3%82%AA%E3%83%B3%E3%82%BF%E3%82%A6%E3%83%B3%E5%A4%A7%E9%A0%88%E8%B3%80,google_maps_name_match_gsi_address_point
イオンタウン守谷,茨城県,守谷市,found_google_maps_preferred,イオンタウン守谷,茨城県,守谷市,茨城県守谷市百合ケ丘3丁目249-1,35.945404,139.992081,https://www.google.com/maps/search/?api=1&query=%E3%82%A4%E3%82%AA%E3%83%B3%E3%82%BF%E3%82%A6%E3%83%B3%E5%AE%88%E8%B0%B7,google_maps_name_match_gsi_block_level_point
アル・プラザ小杉,富山県,射水市,found_google_maps_preferred,アル・プラザ小杉,富山県,射水市,富山県射水市三ケ2602,36.719967,137.092590,https://www.google.com/maps/search/?api=1&query=%E3%82%A2%E3%83%AB%E3%83%BB%E3%83%97%E3%83%A9%E3%82%B6%E5%B0%8F%E6%9D%89,google_maps_name_match_gsi_address_point
イオンタウン佐沼,宮城県,登米市,found_google_maps_preferred,イオンタウン佐沼,宮城県,登米市,宮城県登米市南方町新島前46-1,38.682819,141.184143,https://www.google.com/maps/search/?api=1&query=%E3%82%A4%E3%82%AA%E3%83%B3%E3%82%BF%E3%82%A6%E3%83%B3%E4%BD%90%E6%B2%BC,google_maps_name_match_gsi_block_level_point
SHOPS,千葉県,市川市,found_google_maps_preferred,SHOPS,千葉県,市川市,千葉県市川市鬼高3丁目28-16,35.709042,139.938110,https://www.google.com/maps/search/?api=1&query=SHOPS,google_maps_partial_name_match_gsi_address_point
直江津ショッピングセンター・エルマール,新潟県,上越市,found_google_maps_preferred,直江津ショッピングセンター・エルマール,新潟県,上越市,新潟県上越市西本町3丁目8-8,37.171326,138.236969,https://www.google.com/maps/search/?api=1&query=%E7%9B%B4%E6%B1%9F%E6%B4%A5%E3%82%B7%E3%83%A7%E3%83%83%E3%83%94%E3%83%B3%E3%82%B0%E3%82%BB%E3%83%B3%E3%82%BF%E3%83%BC%E3%83%BB%E3%82%A8%E3%83%AB%E3%83%9E%E3%83%BC%E3%83%AB,google_maps_partial_name_match_gsi_address_point
フジグラン北島,徳島県,板野郡北島町,found_google_maps_preferred,フジグラン北島,徳島県,板野郡北島町,徳島県板野郡北島町鯛浜字西ノ須174,34.112225,134.547073,https://www.google.com/maps/search/?api=1&query=%E3%83%95%E3%82%B8%E3%82%B0%E3%83%A9%E3%83%B3%E5%8C%97%E5%B3%B6,google_maps_name_match_gsi_address_point
イオン浜松西店,静岡県,浜松市中央区,found_google_maps_preferred,イオン浜松西店,静岡県,浜松市中央区,静岡県浜松市中央区入野町6244-1,34.699402,137.690109,https://www.google.com/maps/search/?api=1&query=%E3%82%A4%E3%82%AA%E3%83%B3%E6%B5%9C%E6%9D%BE%E8%A5%BF%E5%BA%97,google_maps_name_match_gsi_block_level_point
イオンタウン刈谷,愛知県,刈谷市,found_google_maps_preferred,イオンタウン刈谷,愛知県,刈谷市,愛知県刈谷市東境町京和1,35.038368,137.027466,https://www.google.com/maps/search/?api=1&query=%E3%82%A4%E3%82%AA%E3%83%B3%E3%82%BF%E3%82%A6%E3%83%B3%E5%88%88%E8%B0%B7,google_maps_name_match_gsi_address_point
ミエルかわぐち,埼玉県,川口市,found_google_maps_preferred,ミエルかわぐち,埼玉県,川口市,埼玉県川口市本町2丁目7-25,35.800613,139.727951,https://www.google.com/maps/search/?api=1&query=%E3%83%9F%E3%82%A8%E3%83%AB%E3%81%8B%E3%82%8F%E3%81%90%E3%81%A1,google_maps_name_match_gsi_address_point
イオン長岡店,新潟県,長岡市,found_google_maps_preferred,イオン長岡店,新潟県,長岡市,新潟県長岡市古正寺1丁目249-1,37.454231,138.823380,https://www.google.com/maps/search/?api=1&query=%E3%82%A4%E3%82%AA%E3%83%B3%E9%95%B7%E5%B2%A1%E5%BA%97,google_maps_name_match_gsi_block_level_point
ニューコースト新浦安,千葉県,浦安市,found_google_maps_preferred,ニューコースト新浦安,千葉県,浦安市,千葉県浦安市明海4丁目1-1,35.643726,139.922821,https://www.google.com/maps/search/?api=1&query=%E3%83%8B%E3%83%A5%E3%83%BC%E3%82%B3%E3%83%BC%E3%82%B9%E3%83%88%E6%96%B0%E6%B5%A6%E5%AE%89,google_maps_name_match_gsi_address_point
メガステージ須賀川,福島県,須賀川市,found_google_maps_preferred,メガステージ須賀川,福島県,須賀川市,福島県須賀川市広表3-1,37.274559,140.370529,https://www.google.com/maps/search/?api=1&query=%E3%83%A1%E3%82%AC%E3%82%B9%E3%83%86%E3%83%BC%E3%82%B8%E9%A0%88%E8%B3%80%E5%B7%9D,google_maps_name_match_gsi_address_point
ゆめタウン別府,大分県,別府市,found_google_maps_preferred,ゆめタウン別府,大分県,別府市,大分県別府市楠町382-7,33.276291,131.507645,https://www.google.com/maps/search/?api=1&query=%E3%82%86%E3%82%81%E3%82%BF%E3%82%A6%E3%83%B3%E5%88%A5%E5%BA%9C,google_maps_name_match_gsi_block_level_point
センタープラザ,兵庫県,神戸市中央区,found_google_maps_preferred,センタープラザ,兵庫県,神戸市中央区,兵庫県神戸市中央区三宮町1丁目9-1,34.691673,135.192444,https://www.google.com/maps/search/?api=1&query=%E3%82%BB%E3%83%B3%E3%82%BF%E3%83%BC%E3%83%97%E3%83%A9%E3%82%B6%20%E7%A5%9E%E6%88%B8,google_maps_name_match_gsi_block_level_point
イオン栃木店,栃木県,栃木市,found_google_maps_preferred,イオン栃木店,栃木県,栃木市,栃木県栃木市箱森町37-9,36.394360,139.725586,https://www.google.com/maps/search/?api=1&query=%E3%82%A4%E3%82%AA%E3%83%B3%E6%A0%83%E6%9C%A8%E5%BA%97,google_maps_name_match_gsi_address_point
イオンタウン宇多津,香川県,綾歌郡宇多津町,found_google_maps_preferred,イオンタウン宇多津,香川県,綾歌郡宇多津町,香川県綾歌郡宇多津町浜二番丁16,34.307522,133.809052,https://www.google.com/maps/search/?api=1&query=%E3%82%A4%E3%82%AA%E3%83%B3%E3%82%BF%E3%82%A6%E3%83%B3%E5%AE%87%E5%A4%9A%E6%B4%A5,google_maps_name_match_gsi_town_block_point
イオンタウン山梨中央,山梨県,中央市,found_google_maps_preferred,イオンタウン山梨中央,山梨県,中央市,山梨県中央市下河東3053-1,35.607609,138.541977,https://www.google.com/maps/search/?api=1&query=%E3%82%A4%E3%82%AA%E3%83%B3%E3%82%BF%E3%82%A6%E3%83%B3%E5%B1%B1%E6%A2%A8%E4%B8%AD%E5%A4%AE,google_maps_name_match_gsi_block_level_point
クッキープラザ,埼玉県,久喜市,found_google_maps_preferred,クッキープラザ,埼玉県,久喜市,埼玉県久喜市久喜中央1丁目1-20,36.066628,139.676788,https://www.google.com/maps/search/?api=1&query=%E3%82%AF%E3%83%83%E3%82%AD%E3%83%BC%E3%83%97%E3%83%A9%E3%82%B6,google_maps_name_match_gsi_address_point
イオン上磯店,北海道,北斗市,found_google_maps_preferred,イオン上磯店,北海道,北斗市,北海道北斗市七重浜4丁目44-1,41.822681,140.710098,https://www.google.com/maps/search/?api=1&query=%E3%82%A4%E3%82%AA%E3%83%B3%E4%B8%8A%E7%A3%AF%E5%BA%97,google_maps_name_match_gsi_address_point
アル・プラザ金沢,石川県,金沢市,found_google_maps_preferred,アル・プラザ金沢,石川県,金沢市,石川県金沢市諸江町30-1,36.590523,136.641907,https://www.google.com/maps/search/?api=1&query=%E3%82%A2%E3%83%AB%E3%83%BB%E3%83%97%E3%83%A9%E3%82%B6%E9%87%91%E6%B2%A2,google_maps_name_match_gsi_address_point
アビオシティ加賀,石川県,加賀市,found_google_maps_preferred,アビオシティ加賀,石川県,加賀市,石川県加賀市作見町ル25-1,36.320061,136.353027,https://www.google.com/maps/search/?api=1&query=%E3%82%A2%E3%83%93%E3%82%AA%E3%82%B7%E3%83%86%E3%82%A3%E5%8A%A0%E8%B3%80,google_maps_name_match_gsi_block_level_point
ベイシアゲート本庄早稲田,埼玉県,本庄市,found_google_maps_preferred,ベイシアゲート本庄早稲田,埼玉県,本庄市,埼玉県本庄市早稲田の杜2丁目1-1,36.220615,139.180191,https://www.google.com/maps/search/?api=1&query=%E3%83%99%E3%82%A4%E3%82%B7%E3%82%A2%E3%82%B2%E3%83%BC%E3%83%88%E6%9C%AC%E5%BA%84%E6%97%A9%E7%A8%B2%E7%94%B0,google_maps_name_match_gsi_address_point
カリーノ江坂,大阪府,吹田市,found_google_maps_preferred,カリーノ江坂,大阪府,吹田市,大阪府吹田市豊津町9-40,34.758633,135.496109,https://www.google.com/maps/search/?api=1&query=%E3%82%AB%E3%83%AA%E3%83%BC%E3%83%8E%E6%B1%9F%E5%9D%82,google_maps_name_match_gsi_address_point
フジグラン三原,広島県,三原市,found_google_maps_preferred,フジグラン三原,広島県,三原市,広島県三原市円一町1丁目1-7,34.393700,133.078232,https://www.google.com/maps/search/?api=1&query=%E3%83%95%E3%82%B8%E3%82%B0%E3%83%A9%E3%83%B3%E4%B8%89%E5%8E%9F,google_maps_name_match_gsi_address_point
横浜ビブレ,神奈川県,横浜市西区,found_google_maps_preferred,横浜ビブレ,神奈川県,横浜市西区,神奈川県横浜市西区南幸2丁目15-13,35.464622,139.617844,https://www.google.com/maps/search/?api=1&query=%E6%A8%AA%E6%B5%9C%E3%83%93%E3%83%96%E3%83%AC,google_maps_name_match_gsi_address_point
フジグラン石井,徳島県,名西郡石井町,found_google_maps_preferred,フジグラン石井,徳島県,名西郡石井町,徳島県名西郡石井町高川原字天神544-1,34.084278,134.442139,https://www.google.com/maps/search/?api=1&query=%E3%83%95%E3%82%B8%E3%82%B0%E3%83%A9%E3%83%B3%E7%9F%B3%E4%BA%95,google_maps_name_match_gsi_block_level_point
CiiNA CiiNA青森,青森県,青森市,found_google_maps_preferred,CiiNA CiiNA青森,青森県,青森市,青森県青森市浜田1丁目14-1,40.800922,140.748596,https://www.google.com/maps/search/?api=1&query=CiiNA%20CiiNA%E9%9D%92%E6%A3%AE,google_maps_partial_name_match_gsi_block_level_point
前橋リリカ,群馬県,前橋市,found_google_maps_preferred,前橋リリカ,群馬県,前橋市,群馬県前橋市国領町2丁目14-1,36.404095,139.067383,https://www.google.com/maps/search/?api=1&query=%E5%89%8D%E6%A9%8B%E3%83%AA%E3%83%AA%E3%82%AB,google_maps_name_match_gsi_address_point
ゆめタウン長府,山口県,下関市,found_google_maps_preferred,ゆめタウン長府,山口県,下関市,山口県下関市ゆめタウン1-1,34.029869,131.012619,https://www.google.com/maps/search/?api=1&query=%E3%82%86%E3%82%81%E3%82%BF%E3%82%A6%E3%83%B3%E9%95%B7%E5%BA%9C,google_maps_name_match_gsi_block_level_point
ゆめタウン益田,島根県,益田市,found_google_maps_preferred,ゆめタウン益田,島根県,益田市,島根県益田市高津7丁目21-12,34.690918,131.817062,https://www.google.com/maps/search/?api=1&query=%E3%82%86%E3%82%81%E3%82%BF%E3%82%A6%E3%83%B3%E7%9B%8A%E7%94%B0,google_maps_name_match_gsi_address_point
イオン北見店,北海道,北見市,found_google_maps_preferred,イオン北見店,北海道,北見市,北海道北見市北進町1丁目1-1,43.809235,143.876389,https://www.google.com/maps/search/?api=1&query=%E3%82%A4%E3%82%AA%E3%83%B3%E5%8C%97%E8%A6%8B%E5%BA%97,google_maps_name_match_gsi_address_point
アトレ大森,東京都,大田区,found_google_maps_preferred,アトレ大森,東京都,大田区,東京都大田区大森北1丁目6-16,35.588772,139.728455,https://www.google.com/maps/search/?api=1&query=%E3%82%A2%E3%83%88%E3%83%AC%E5%A4%A7%E6%A3%AE,google_maps_partial_name_match_gsi_block_level_point
イオンタウン水戸南,茨城県,東茨城郡茨城町,found_google_maps_preferred,イオンタウン水戸南,茨城県,東茨城郡茨城町,茨城県東茨城郡茨城町長岡3480-101,36.309361,140.439804,https://www.google.com/maps/search/?api=1&query=%E3%82%A4%E3%82%AA%E3%83%B3%E3%82%BF%E3%82%A6%E3%83%B3%E6%B0%B4%E6%88%B8%E5%8D%97,google_maps_name_match_gsi_block_level_point
ガーデン前橋,群馬県,前橋市,found_google_maps_preferred,ガーデン前橋,群馬県,前橋市,群馬県前橋市小屋原町472-1,36.356049,139.129044,https://www.google.com/maps/search/?api=1&query=%E3%82%AC%E3%83%BC%E3%83%87%E3%83%B3%E5%89%8D%E6%A9%8B,google_maps_name_match_gsi_block_level_point
コスモタウンフリーモール佐伯,大分県,佐伯市,found_google_maps_preferred,コスモタウンフリーモール佐伯,大分県,佐伯市,大分県佐伯市鶴岡西町2丁目153,32.960632,131.866898,https://www.google.com/maps/search/?api=1&query=%E3%82%B3%E3%82%B9%E3%83%A2%E3%82%BF%E3%82%A6%E3%83%B3%E3%83%95%E3%83%AA%E3%83%BC%E3%83%A2%E3%83%BC%E3%83%AB%E4%BD%90%E4%BC%AF,google_maps_name_match_gsi_address_point
広島PARCO,広島県,広島市中区,found_google_maps_preferred,広島PARCO,広島県,広島市中区,広島県広島市中区本通10-1,34.392284,132.461838,https://www.google.com/maps/search/?api=1&query=%E5%BA%83%E5%B3%B6PARCO,google_maps_name_match_gsi_address_point
東武サウスヒルズ,北海道,標津郡中標津町,found_google_maps_preferred,東武サウスヒルズ,北海道,標津郡中標津町,北海道標津郡中標津町南町3-10,43.534557,144.978394,https://www.google.com/maps/search/?api=1&query=%E6%9D%B1%E6%AD%A6%E3%82%B5%E3%82%A6%E3%82%B9%E3%83%92%E3%83%AB%E3%82%BA,google_maps_name_match_gsi_block_level_point
アル・プラザ堅田,滋賀県,大津市,found_google_maps_preferred,アル・プラザ堅田,滋賀県,大津市,滋賀県大津市本堅田5丁目20-10,35.119877,135.915222,https://www.google.com/maps/search/?api=1&query=%E3%82%A2%E3%83%AB%E3%83%BB%E3%83%97%E3%83%A9%E3%82%B6%E5%A0%85%E7%94%B0,google_maps_name_match_gsi_address_point
諏訪ステーションパーク,長野県,諏訪市,found_google_maps_preferred,諏訪ステーションパーク,長野県,諏訪市,長野県諏訪市沖田町5丁目26,36.006329,138.128952,https://www.google.com/maps/search/?api=1&query=%E8%AB%8F%E8%A8%AA%E3%82%B9%E3%83%86%E3%83%BC%E3%82%B7%E3%83%A7%E3%83%B3%E3%83%91%E3%83%BC%E3%82%AF,google_maps_name_match_gsi_address_point
コトノハコ神戸,兵庫県,神戸市中央区,found_google_maps_preferred,コトノハコ神戸,兵庫県,神戸市中央区,兵庫県神戸市中央区北野町1丁目1,34.700108,135.193039,https://www.google.com/maps/search/?api=1&query=%E3%82%B3%E3%83%88%E3%83%8E%E3%83%8F%E3%82%B3%E7%A5%9E%E6%88%B8,google_maps_name_match_gsi_block_level_point
フジグラン緑井,広島県,広島市安佐南区,found_google_maps_preferred,フジグラン緑井,広島県,広島市安佐南区,広島県広島市安佐南区緑井1丁目5-2,34.466320,132.476212,https://www.google.com/maps/search/?api=1&query=%E3%83%95%E3%82%B8%E3%82%B0%E3%83%A9%E3%83%B3%E7%B7%91%E4%BA%95,google_maps_name_match_gsi_block_level_point
宮崎ナナイロ,宮崎県,宮崎市,found_google_maps_preferred,宮崎ナナイロ,宮崎県,宮崎市,宮崎県宮崎市橘通西3丁目10-32,31.915874,131.422943,https://www.google.com/maps/search/?api=1&query=%E5%AE%AE%E5%B4%8E%E3%83%8A%E3%83%8A%E3%82%A4%E3%83%AD,google_maps_name_match_gsi_address_point
成田国際空港,千葉県,成田市,found_google_maps_preferred,成田国際空港,千葉県,成田市,千葉県成田市古込1-1,35.773689,140.386032,https://www.google.com/maps/search/?api=1&query=%E6%88%90%E7%94%B0%E5%9B%BD%E9%9A%9B%E7%A9%BA%E6%B8%AF,google_maps_partial_name_match_gsi_block_level_point
イオン佐賀店,佐賀県,佐賀市,found_google_maps_preferred,イオン佐賀店,佐賀県,佐賀市,佐賀県佐賀市東与賀町下古賀87-1,33.222569,130.307938,https://www.google.com/maps/search/?api=1&query=%E3%82%A4%E3%82%AA%E3%83%B3%E4%BD%90%E8%B3%80%E5%BA%97,google_maps_name_match_gsi_block_level_point
イオン赤穂店,兵庫県,赤穂市,found_google_maps_preferred,イオン赤穂店,兵庫県,赤穂市,兵庫県赤穂市中広55-3,34.755630,134.400360,https://www.google.com/maps/search/?api=1&query=%E3%82%A4%E3%82%AA%E3%83%B3%E8%B5%A4%E7%A9%82%E5%BA%97,google_maps_name_match_gsi_block_level_point
イオンジェームス山店,兵庫県,神戸市垂水区,found_google_maps_preferred,イオンジェームス山店,兵庫県,神戸市垂水区,兵庫県神戸市垂水区青山台7丁目7-1,34.645954,135.077225,https://www.google.com/maps/search/?api=1&query=%E3%82%A4%E3%82%AA%E3%83%B3%E3%82%B8%E3%82%A7%E3%83%BC%E3%83%A0%E3%82%B9%E5%B1%B1%E5%BA%97,google_maps_name_match_gsi_address_point
アクロスモール泉北,大阪府,堺市南区,found_google_maps_preferred,アクロスモール泉北,大阪府,堺市南区,大阪府堺市南区原山台5-9-5,34.479694,135.499466,https://www.google.com/maps/search/?api=1&query=%E3%82%A2%E3%82%AF%E3%83%AD%E3%82%B9%E3%83%A2%E3%83%BC%E3%83%AB%E6%B3%89%E5%8C%97,google_maps_name_match_gsi_block_level_point
高崎モントレー,群馬県,高崎市,found_google_maps_preferred,高崎モントレー,群馬県,高崎市,群馬県高崎市八島町222,36.321606,139.013107,https://www.google.com/maps/search/?api=1&query=%E9%AB%98%E5%B4%8E%E3%83%A2%E3%83%B3%E3%83%88%E3%83%AC%E3%83%BC,google_maps_name_match_gsi_address_point
京都ファミリー,京都府,京都市右京区,found_google_maps_preferred,京都ファミリー,京都府,京都市右京区,京都府京都市右京区山ノ内池尻町1-1,35.004738,135.720474,https://www.google.com/maps/search/?api=1&query=%E4%BA%AC%E9%83%BD%E3%83%95%E3%82%A1%E3%83%9F%E3%83%AA%E3%83%BC,google_maps_name_match_gsi_block_level_point
イオン名寄ショッピングセンター,北海道,名寄市,found_google_maps_preferred,イオン名寄ショッピングセンター,北海道,名寄市,北海道名寄市徳田80-1,44.338459,142.452606,https://www.google.com/maps/search/?api=1&query=%E3%82%A4%E3%82%AA%E3%83%B3%E5%90%8D%E5%AF%84%E3%82%B7%E3%83%A7%E3%83%83%E3%83%94%E3%83%B3%E3%82%B0%E3%82%BB%E3%83%B3%E3%82%BF%E3%83%BC,google_maps_name_match_gsi_block_level_point
MEGAドン・キホーテ函館店,北海道,函館市,found_google_maps_preferred,MEGAドン・キホーテ函館店,北海道,函館市,北海道函館市美原1丁目7-1,41.814320,140.756210,https://www.google.com/maps/search/?api=1&query=MEGA%E3%83%89%E3%83%B3%E3%83%BB%E3%82%AD%E3%83%9B%E3%83%BC%E3%83%86%E5%87%BD%E9%A4%A8%E5%BA%97,google_maps_name_match_gsi_address_point
フジグラン高陽,広島県,広島市安佐北区,found_google_maps_preferred,フジグラン高陽,広島県,広島市安佐北区,広島県広島市安佐北区亀崎1丁目1-6,34.482395,132.524094,https://www.google.com/maps/search/?api=1&query=%E3%83%95%E3%82%B8%E3%82%B0%E3%83%A9%E3%83%B3%E9%AB%98%E9%99%BD,google_maps_name_match_gsi_address_point
ラブラ万代,新潟県,新潟市中央区,found_google_maps_preferred,ラブラ万代,新潟県,新潟市中央区,新潟県新潟市中央区万代1丁目5-1,37.917316,139.056305,https://www.google.com/maps/search/?api=1&query=%E3%83%A9%E3%83%96%E3%83%A9%E4%B8%87%E4%BB%A3,google_maps_name_match_gsi_block_level_point
佐久インターウェーブ,長野県,佐久市,found_google_maps_preferred,佐久インターウェーブ,長野県,佐久市,長野県佐久市小田井613-1,36.290493,138.487457,https://www.google.com/maps/search/?api=1&query=%E4%BD%90%E4%B9%85%E3%82%A4%E3%83%B3%E3%82%BF%E3%83%BC%E3%82%A6%E3%82%A7%E3%83%BC%E3%83%96,google_maps_name_match_gsi_block_level_point
カインズモール大利根,埼玉県,加須市,found_google_maps_preferred,カインズモール大利根,埼玉県,加須市,埼玉県加須市琴寄70,36.126022,139.684479,https://www.google.com/maps/search/?api=1&query=%E3%82%AB%E3%82%A4%E3%83%B3%E3%82%BA%E3%83%A2%E3%83%BC%E3%83%AB%E5%A4%A7%E5%88%A9%E6%A0%B9,google_maps_name_match_gsi_address_point
アドバンスモール松阪,三重県,松阪市,found_google_maps_preferred,アドバンスモール松阪,三重県,松阪市,三重県松阪市田村町235-1,34.555119,136.512299,https://www.google.com/maps/search/?api=1&query=%E3%82%A2%E3%83%89%E3%83%90%E3%83%B3%E3%82%B9%E3%83%A2%E3%83%BC%E3%83%AB%E6%9D%BE%E9%98%AA,google_maps_name_match_gsi_block_level_point
イオンタウン大田,島根県,大田市,found_google_maps_preferred,イオンタウン大田,島根県,大田市,島根県大田市長久町土江97,35.197956,132.479202,https://www.google.com/maps/search/?api=1&query=%E3%82%A4%E3%82%AA%E3%83%B3%E3%82%BF%E3%82%A6%E3%83%B3%E5%A4%A7%E7%94%B0,google_maps_name_match_gsi_address_point
ショーサンプラザ,埼玉県,上尾市,found_google_maps_preferred,ショーサンプラザ,埼玉県,上尾市,埼玉県上尾市谷津2丁目1-1,35.971439,139.589676,https://www.google.com/maps/search/?api=1&query=%E3%82%B7%E3%83%A7%E3%83%BC%E3%82%B5%E3%83%B3%E3%83%97%E3%83%A9%E3%82%B6,google_maps_name_match_gsi_address_point
マルイファミリー志木,埼玉県,志木市,found_google_maps_preferred,マルイファミリー志木,埼玉県,志木市,埼玉県志木市本町5丁目26-1,35.823555,139.574921,https://www.google.com/maps/search/?api=1&query=%E3%83%9E%E3%83%AB%E3%82%A4%E3%83%95%E3%82%A1%E3%83%9F%E3%83%AA%E3%83%BC%E5%BF%97%E6%9C%A8,google_maps_name_match_gsi_address_point
ガレリア・ユギ,東京都,八王子市,found_google_maps_preferred,ガレリア・ユギ,東京都,八王子市,東京都八王子市南大沢2丁目28-1,35.612988,139.379227,https://www.google.com/maps/search/?api=1&query=%E3%82%AC%E3%83%AC%E3%83%AA%E3%82%A2%E3%83%BB%E3%83%A6%E3%82%AE,google_maps_name_match_gsi_block_level_point
なめがわ森林モール,埼玉県,比企郡滑川町,found_google_maps_preferred,なめがわ森林モール,埼玉県,比企郡滑川町,埼玉県比企郡滑川町羽尾2780,36.059055,139.369339,https://www.google.com/maps/search/?api=1&query=%E3%81%AA%E3%82%81%E3%81%8C%E3%82%8F%E6%A3%AE%E6%9E%97%E3%83%A2%E3%83%BC%E3%83%AB,google_maps_name_match_gsi_address_point
アル・プラザ津幡,石川県,河北郡津幡町,found_google_maps_preferred,アル・プラザ津幡,石川県,河北郡津幡町,石川県河北郡津幡町北中条1丁目1,36.660885,136.725998,https://www.google.com/maps/search/?api=1&query=%E3%82%A2%E3%83%AB%E3%83%BB%E3%83%97%E3%83%A9%E3%82%B6%E6%B4%A5%E5%B9%A1,google_maps_name_match_gsi_address_point
アクロスモール守谷,茨城県,守谷市,found_google_maps_preferred,アクロスモール守谷,茨城県,守谷市,茨城県守谷市松ケ丘6丁目6-1,35.941658,139.978912,https://www.google.com/maps/search/?api=1&query=%E3%82%A2%E3%82%AF%E3%83%AD%E3%82%B9%E3%83%A2%E3%83%BC%E3%83%AB%E5%AE%88%E8%B0%B7,google_maps_name_match_gsi_block_level_point
FUJI MALL吹上,埼玉県,鴻巣市,found_google_maps_preferred,FUJI MALL吹上,埼玉県,鴻巣市,埼玉県鴻巣市袋90-1,36.095161,139.466385,https://www.google.com/maps/search/?api=1&query=FUJI%20MALL%E5%90%B9%E4%B8%8A,google_maps_name_match_gsi_block_level_point
アカマル,群馬県,高崎市,found_google_maps_preferred,アカマル,群馬県,高崎市,群馬県高崎市中尾町44-1,36.369942,139.027267,https://www.google.com/maps/search/?api=1&query=%E3%82%A2%E3%82%AB%E3%83%9E%E3%83%AB,google_maps_name_match_gsi_town_block_point
イオン伊勢店,三重県,伊勢市,found_google_maps_preferred,イオン伊勢店,三重県,伊勢市,三重県伊勢市楠部町乙160-2,34.478230,136.731201,https://www.google.com/maps/search/?api=1&query=%E3%82%A4%E3%82%AA%E3%83%B3%E4%BC%8A%E5%8B%A2%E5%BA%97,google_maps_name_match_gsi_block_level_point
アル・プラザ小松,石川県,小松市,found_google_maps_preferred,アル・プラザ小松,石川県,小松市,石川県小松市園町ハ23-1,36.406162,136.460556,https://www.google.com/maps/search/?api=1&query=%E3%82%A2%E3%83%AB%E3%83%BB%E3%83%97%E3%83%A9%E3%82%B6%E5%B0%8F%E6%9D%BE,google_maps_name_match_gsi_block_level_point
サンエー経塚シティ,沖縄県,浦添市,found_google_maps_preferred,サンエー経塚シティ,沖縄県,浦添市,沖縄県浦添市経塚652-1,26.237585,127.722748,https://www.google.com/maps/search/?api=1&query=%E3%82%B5%E3%83%B3%E3%82%A8%E3%83%BC%E7%B5%8C%E5%A1%9A%E3%82%B7%E3%83%86%E3%82%A3,google_maps_name_match_gsi_block_level_point
宜野湾コンベンションシティ,沖縄県,宜野湾市,found_google_maps_preferred,宜野湾コンベンションシティ,沖縄県,宜野湾市,沖縄県宜野湾市宇地泊3丁目6-1,26.275093,127.730797,https://www.google.com/maps/search/?api=1&query=%E5%AE%9C%E9%87%8E%E6%B9%BE%E3%82%B3%E3%83%B3%E3%83%99%E3%83%B3%E3%82%B7%E3%83%A7%E3%83%B3%E3%82%B7%E3%83%86%E3%82%A3,google_maps_name_match_gsi_address_point
ゆめタウン行橋,福岡県,行橋市,found_google_maps_preferred,ゆめタウン行橋,福岡県,行橋市,福岡県行橋市西宮市3丁目8-1,33.721012,130.967834,https://www.google.com/maps/search/?api=1&query=%E3%82%86%E3%82%81%E3%82%BF%E3%82%A6%E3%83%B3%E8%A1%8C%E6%A9%8B,google_maps_name_match_gsi_address_point
サンシティ池田,大阪府,池田市,found_google_maps_preferred,サンシティ池田,大阪府,池田市,大阪府池田市呉服町1-1,34.821445,135.425156,https://www.google.com/maps/search/?api=1&query=%E3%82%B5%E3%83%B3%E3%82%B7%E3%83%86%E3%82%A3%E6%B1%A0%E7%94%B0,google_maps_name_match_gsi_block_level_point
クロスモール清武,宮崎県,宮崎市,found_google_maps_preferred,クロスモール清武,宮崎県,宮崎市,宮崎県宮崎市清武町正手2丁目37,31.861406,131.387665,https://www.google.com/maps/search/?api=1&query=%E3%82%AF%E3%83%AD%E3%82%B9%E3%83%A2%E3%83%BC%E3%83%AB%E6%B8%85%E6%AD%A6,google_maps_name_match_gsi_address_point
イオン酒田南店,山形県,酒田市,found_google_maps_preferred,イオン酒田南店,山形県,酒田市,山形県酒田市あきほ町120-1,38.892193,139.852859,https://www.google.com/maps/search/?api=1&query=%E3%82%A4%E3%82%AA%E3%83%B3%E9%85%92%E7%94%B0%E5%8D%97%E5%BA%97,google_maps_name_match_gsi_block_level_point
molive(モリーブ),滋賀県,守山市,found_google_maps_preferred,molive(モリーブ),滋賀県,守山市,滋賀県守山市播磨田町185-1,35.066067,135.995178,https://www.google.com/maps/search/?api=1&query=molive%20%E3%83%A2%E3%83%AA%E3%83%BC%E3%83%96,google_maps_name_match_gsi_block_level_point
パルシェ,静岡県,静岡市葵区,found_google_maps_preferred,パルシェ,静岡県,静岡市葵区,静岡県静岡市葵区黒金町49,34.971794,138.388901,https://www.google.com/maps/search/?api=1&query=%E3%83%91%E3%83%AB%E3%82%B7%E3%82%A7%20%E9%9D%99%E5%B2%A1,google_maps_name_match_gsi_address_point
プラットプラット,大阪府,堺市堺区,found_google_maps_preferred,プラットプラット,大阪府,堺市堺区,大阪府堺市堺区戎島町3丁22-1,34.582748,135.469559,https://www.google.com/maps/search/?api=1&query=%E3%83%97%E3%83%A9%E3%83%83%E3%83%88%E3%83%97%E3%83%A9%E3%83%83%E3%83%88,google_maps_name_match_gsi_block_level_point
ライフガーデンにらさき,山梨県,韮崎市,found_google_maps_preferred,ライフガーデンにらさき,山梨県,韮崎市,山梨県韮崎市若宮2丁目2-23,35.712109,138.452927,https://www.google.com/maps/search/?api=1&query=%E3%83%A9%E3%82%A4%E3%83%95%E3%82%AC%E3%83%BC%E3%83%87%E3%83%B3%E3%81%AB%E3%82%89%E3%81%95%E3%81%8D,google_maps_name_match_gsi_address_point
メルシティ潟上,秋田県,潟上市,found_google_maps_preferred,メルシティ潟上,秋田県,潟上市,秋田県潟上市飯田川飯塚字上堤敷69-1,39.903015,140.080383,https://www.google.com/maps/search/?api=1&query=%E3%83%A1%E3%83%AB%E3%82%B7%E3%83%86%E3%82%A3%E6%BD%9F%E4%B8%8A,google_maps_name_match_gsi_town_block_point
ヴェル・ノール布施,大阪府,東大阪市,found_google_maps_preferred,ヴェル・ノール布施,大阪府,東大阪市,大阪府東大阪市長堂1丁目8-37,34.665234,135.563431,https://www.google.com/maps/search/?api=1&query=%E3%83%B4%E3%82%A7%E3%83%AB%E3%83%BB%E3%83%8E%E3%83%BC%E3%83%AB%E5%B8%83%E6%96%BD,google_maps_name_match_gsi_address_point
コムタウン,愛知県,岡崎市,found_google_maps_preferred,コムタウン,愛知県,岡崎市,愛知県岡崎市上六名町宮前1,34.951042,137.155960,https://www.google.com/maps/search/?api=1&query=%E3%82%B3%E3%83%A0%E3%82%BF%E3%82%A6%E3%83%B3,google_maps_name_match_gsi_address_point
イオンタウン津河芸,三重県,津市,found_google_maps_preferred,イオンタウン津河芸,三重県,津市,三重県津市河芸町中別保丸垣内100,34.787674,136.544693,https://www.google.com/maps/search/?api=1&query=%E3%82%A4%E3%82%AA%E3%83%B3%E3%82%BF%E3%82%A6%E3%83%B3%E6%B4%A5%E6%B2%B3%E8%8A%B8,google_maps_name_match_gsi_address_point
イオン米沢店,山形県,米沢市,found_google_maps_preferred,イオン米沢店,山形県,米沢市,山形県米沢市春日2丁目13-4,37.923332,140.107864,https://www.google.com/maps/search/?api=1&query=%E3%82%A4%E3%82%AA%E3%83%B3%E7%B1%B3%E6%B2%A2%E5%BA%97,google_maps_name_match_gsi_address_point
イオンタウン那須塩原,栃木県,那須塩原市,found_google_maps_preferred,イオンタウン那須塩原,栃木県,那須塩原市,栃木県那須塩原市島方455,36.930595,140.006454,https://www.google.com/maps/search/?api=1&query=%E3%82%A4%E3%82%AA%E3%83%B3%E3%82%BF%E3%82%A6%E3%83%B3%E9%82%A3%E9%A0%88%E5%A1%A9%E5%8E%9F,google_maps_name_match_gsi_address_point
COCONO SUSUKINO,北海道,札幌市中央区,found_google_maps_preferred,COCONO SUSUKINO,北海道,札幌市中央区,北海道札幌市中央区南4条西4丁目1-1,43.055187,141.352646,https://www.google.com/maps/search/?api=1&query=COCONO%20SUSUKINO,google_maps_partial_name_match_gsi_address_point
コピス吉祥寺,東京都,武蔵野市,found_google_maps_preferred,コピス吉祥寺,東京都,武蔵野市,東京都武蔵野市吉祥寺本町1丁目11-5,35.705013,139.579330,https://www.google.com/maps/search/?api=1&query=%E3%82%B3%E3%83%94%E3%82%B9%E5%90%89%E7%A5%A5%E5%AF%BA,google_maps_name_match_gsi_address_point
調布PARCO,東京都,調布市,found_google_maps_preferred,調布PARCO,東京都,調布市,東京都調布市小島町1丁目38-1,35.652805,139.543518,https://www.google.com/maps/search/?api=1&query=%E8%AA%BF%E5%B8%83PARCO,google_maps_name_match_gsi_block_level_point
ミタス伊勢,三重県,伊勢市,found_google_maps_preferred,ミタス伊勢,三重県,伊勢市,三重県伊勢市船江1丁目471-1,34.499809,136.713074,https://www.google.com/maps/search/?api=1&query=%E3%83%9F%E3%82%BF%E3%82%B9%E4%BC%8A%E5%8B%A2,google_maps_name_match_gsi_town_block_point
ルミネ横浜,神奈川県,横浜市西区,found_google_maps_preferred,ルミネ横浜,神奈川県,横浜市西区,神奈川県横浜市西区高島2丁目16-1,35.465988,139.623001,https://www.google.com/maps/search/?api=1&query=%E3%83%AB%E3%83%9F%E3%83%8D%E6%A8%AA%E6%B5%9C,google_maps_name_match_gsi_block_level_point
イオンタウン浜岡,静岡県,御前崎市,found_google_maps_preferred,イオンタウン浜岡,静岡県,御前崎市,静岡県御前崎市池新田5832-1,34.643948,138.127090,https://www.google.com/maps/search/?api=1&query=%E3%82%A4%E3%82%AA%E3%83%B3%E3%82%BF%E3%82%A6%E3%83%B3%E6%B5%9C%E5%B2%A1,google_maps_name_match_gsi_town_block_point
アクロスプラザたきかわ,北海道,滝川市,found_google_maps_preferred,アクロスプラザたきかわ,北海道,滝川市,北海道滝川市南滝の川115-4,43.571087,141.930679,https://www.google.com/maps/search/?api=1&query=%E3%82%A2%E3%82%AF%E3%83%AD%E3%82%B9%E3%83%97%E3%83%A9%E3%82%B6%E3%81%9F%E3%81%8D%E3%81%8B%E3%82%8F,google_maps_name_match_gsi_block_level_point
岩見沢大和タウンプラザ,北海道,岩見沢市,found_google_maps_preferred,岩見沢大和タウンプラザ,北海道,岩見沢市,北海道岩見沢市大和1条9丁目1-1,43.188873,141.732788,https://www.google.com/maps/search/?api=1&query=%E5%B2%A9%E8%A6%8B%E6%B2%A2%E5%A4%A7%E5%92%8C%E3%82%BF%E3%82%A6%E3%83%B3%E3%83%97%E3%83%A9%E3%82%B6,google_maps_name_match_gsi_block_level_point
アピタタウン金沢ベイ,石川県,金沢市,found_google_maps_preferred,アピタタウン金沢ベイ,石川県,金沢市,石川県金沢市無量寺4丁目56,36.600506,136.614578,https://www.google.com/maps/search/?api=1&query=%E3%82%A2%E3%83%94%E3%82%BF%E3%82%BF%E3%82%A6%E3%83%B3%E9%87%91%E6%B2%A2%E3%83%99%E3%82%A4,google_maps_name_match_gsi_town_block_point
イオンタウン松本村井,長野県,松本市,found_google_maps_preferred,イオンタウン松本村井,長野県,松本市,長野県松本市村井町南2丁目21-45,36.175079,137.961136,https://www.google.com/maps/search/?api=1&query=%E3%82%A4%E3%82%AA%E3%83%B3%E3%82%BF%E3%82%A6%E3%83%B3%E6%9D%BE%E6%9C%AC%E6%9D%91%E4%BA%95,google_maps_name_match_gsi_address_point
横浜モアーズ,神奈川県,横浜市西区,found_google_maps_preferred,横浜モアーズ,神奈川県,横浜市西区,神奈川県横浜市西区南幸1丁目3-1,35.467518,139.622421,https://www.google.com/maps/search/?api=1&query=%E6%A8%AA%E6%B5%9C%E3%83%A2%E3%82%A2%E3%83%BC%E3%82%BA,google_maps_name_match_gsi_address_point
イオン柳津店,岐阜県,岐阜市,found_google_maps_preferred,イオン柳津店,岐阜県,岐阜市,岐阜県岐阜市柳津町本郷4丁目1-1,35.367176,136.744232,https://www.google.com/maps/search/?api=1&query=%E3%82%A4%E3%82%AA%E3%83%B3%E6%9F%B3%E6%B4%A5%E5%BA%97,google_maps_name_match_gsi_block_level_point
イオンスタイル松山,愛媛県,松山市,found_google_maps_preferred,イオンスタイル松山,愛媛県,松山市,愛媛県松山市天山1丁目13-5,33.822834,132.776779,https://www.google.com/maps/search/?api=1&query=%E3%82%A4%E3%82%AA%E3%83%B3%E3%82%B9%E3%82%BF%E3%82%A4%E3%83%AB%E6%9D%BE%E5%B1%B1,google_maps_name_match_gsi_address_point
おおとりウイングス,大阪府,堺市西区,found_google_maps_preferred,おおとりウイングス,大阪府,堺市西区,大阪府堺市西区鳳東町7丁733,34.532494,135.464310,https://www.google.com/maps/search/?api=1&query=%E3%81%8A%E3%81%8A%E3%81%A8%E3%82%8A%E3%82%A6%E3%82%A4%E3%83%B3%E3%82%B0%E3%82%B9,google_maps_name_match_gsi_address_point
サンリブ下松,山口県,下松市,found_google_maps_preferred,サンリブ下松,山口県,下松市,山口県下松市南花岡6丁目8-1,34.029099,131.864777,https://www.google.com/maps/search/?api=1&query=%E3%82%B5%E3%83%B3%E3%83%AA%E3%83%96%E4%B8%8B%E6%9D%BE,google_maps_name_match_gsi_address_point
ロブレ,栃木県,小山市,found_google_maps_preferred,ロブレ,栃木県,小山市,栃木県小山市中央町3丁目7-1,36.312309,139.804642,https://www.google.com/maps/search/?api=1&query=%E3%83%AD%E3%83%96%E3%83%AC,google_maps_name_match_gsi_address_point
イオン福島店,福島県,福島市,found_google_maps_preferred,イオン福島店,福島県,福島市,福島県福島市南矢野目字西荒田50-17,37.788166,140.457825,https://www.google.com/maps/search/?api=1&query=%E3%82%A4%E3%82%AA%E3%83%B3%E7%A6%8F%E5%B3%B6%E5%BA%97,google_maps_name_match_gsi_block_level_point
サンリブシティくまなん,熊本県,熊本市中央区,found_google_maps_preferred,サンリブシティくまなん,熊本県,熊本市中央区,熊本県熊本市中央区平成3丁目23-30,32.777542,130.704041,https://www.google.com/maps/search/?api=1&query=%E3%82%B5%E3%83%B3%E3%83%AA%E3%83%96%E3%82%B7%E3%83%86%E3%82%A3%E3%81%8F%E3%81%BE%E3%81%AA%E3%82%93,google_maps_name_match_gsi_address_point
チトセピア,長崎県,長崎市,found_google_maps_preferred,チトセピア,長崎県,長崎市,長崎県長崎市千歳町5-1,32.789234,129.861633,https://www.google.com/maps/search/?api=1&query=%E3%83%81%E3%83%88%E3%82%BB%E3%83%94%E3%82%A2,google_maps_name_match_gsi_address_point
イオンタウン菰野,三重県,三重郡菰野町,found_google_maps_preferred,イオンタウン菰野,三重県,三重郡菰野町,三重県三重郡菰野町大字宿野字神明田357,35.005203,136.530289,https://www.google.com/maps/search/?api=1&query=%E3%82%A4%E3%82%AA%E3%83%B3%E3%82%BF%E3%82%A6%E3%83%B3%E8%8F%B0%E9%87%8E,google_maps_name_match_gsi_address_point
ビバモール甲斐敷島,山梨県,甲斐市,found_google_maps_preferred,ビバモール甲斐敷島,山梨県,甲斐市,山梨県甲斐市中下条2000-1,35.679108,138.534622,https://www.google.com/maps/search/?api=1&query=%E3%83%93%E3%83%90%E3%83%A2%E3%83%BC%E3%83%AB%E7%94%B2%E6%96%90%E6%95%B7%E5%B3%B6,google_maps_name_match_gsi_block_level_point
グランデュオ蒲田,東京都,大田区,found_google_maps_preferred,グランデュオ蒲田,東京都,大田区,東京都大田区西蒲田7丁目68-1,35.562431,139.715424,https://www.google.com/maps/search/?api=1&query=%E3%82%B0%E3%83%A9%E3%83%B3%E3%83%87%E3%83%A5%E3%82%AA%E8%92%B2%E7%94%B0,google_maps_name_match_gsi_block_level_point
アル・プラザ鹿島,石川県,鹿島郡中能登町,found_google_maps_preferred,アル・プラザ鹿島,石川県,鹿島郡中能登町,石川県鹿島郡中能登町井田と部1-1,36.957989,136.915115,https://www.google.com/maps/search/?api=1&query=%E3%82%A2%E3%83%AB%E3%83%BB%E3%83%97%E3%83%A9%E3%82%B6%E9%B9%BF%E5%B3%B6,google_maps_name_match_gsi_town_block_point
OSCデオシティ新座,埼玉県,新座市,found_google_maps_preferred,OSCデオシティ新座,埼玉県,新座市,埼玉県新座市中野2丁目1-38,35.817535,139.549271,https://www.google.com/maps/search/?api=1&query=OSC%E3%83%87%E3%82%AA%E3%82%B7%E3%83%86%E3%82%A3%E6%96%B0%E5%BA%A7,google_maps_name_match_gsi_address_point
メイワン,静岡県,浜松市中央区,found_google_maps_preferred,メイワン,静岡県,浜松市中央区,静岡県浜松市中央区砂山町6-1,34.703781,137.734451,https://www.google.com/maps/search/?api=1&query=%E3%83%A1%E3%82%A4%E3%83%AF%E3%83%B3,google_maps_name_match_gsi_block_level_point
ウエステ垂水,兵庫県,神戸市垂水区,found_google_maps_preferred,ウエステ垂水,兵庫県,神戸市垂水区,兵庫県神戸市垂水区天ノ下町1-1,34.629604,135.053192,https://www.google.com/maps/search/?api=1&query=%E3%82%A6%E3%82%A8%E3%82%B9%E3%83%86%E5%9E%82%E6%B0%B4,google_maps_name_match_gsi_address_point
丸の内ビルディング,東京都,千代田区,found_google_maps_preferred,丸の内ビルディング,東京都,千代田区,東京都千代田区丸の内2丁目4-1,35.681046,139.763794,https://www.google.com/maps/search/?api=1&query=%E4%B8%B8%E3%81%AE%E5%86%85%E3%83%93%E3%83%AB%E3%83%87%E3%82%A3%E3%83%B3%E3%82%B0,google_maps_name_match_gsi_block_level_point
イオンタウン青森浜田,青森県,青森市,found_google_maps_preferred,イオンタウン青森浜田,青森県,青森市,青森県青森市浜田玉川196-11,40.799046,140.759537,https://www.google.com/maps/search/?api=1&query=%E3%82%A4%E3%82%AA%E3%83%B3%E3%82%BF%E3%82%A6%E3%83%B3%E9%9D%92%E6%A3%AE%E6%B5%9C%E7%94%B0,google_maps_name_match_gsi_block_level_point
フォレオ広島東,広島県,広島市東区,found_google_maps_preferred,フォレオ広島東,広島県,広島市東区,広島県広島市東区温品1丁目3-2,34.405540,132.503922,https://www.google.com/maps/search/?api=1&query=%E3%83%95%E3%82%A9%E3%83%AC%E3%82%AA%E5%BA%83%E5%B3%B6%E6%9D%B1,google_maps_name_match_gsi_address_point
コスタ行橋,福岡県,行橋市,found_google_maps_preferred,コスタ行橋,福岡県,行橋市,福岡県行橋市西泉6丁目1-1,33.717815,130.972336,https://www.google.com/maps/search/?api=1&query=%E3%82%B3%E3%82%B9%E3%82%BF%E8%A1%8C%E6%A9%8B,google_maps_name_match_gsi_block_level_point
ゆめタウン防府,山口県,防府市,found_google_maps_preferred,ゆめタウン防府,山口県,防府市,山口県防府市八王子2丁目8-8,34.057621,131.568008,https://www.google.com/maps/search/?api=1&query=%E3%82%86%E3%82%81%E3%82%BF%E3%82%A6%E3%83%B3%E9%98%B2%E5%BA%9C,google_maps_name_match_gsi_address_point
ユーカリプラザ,千葉県,佐倉市,found_google_maps_preferred,ユーカリプラザ,千葉県,佐倉市,千葉県佐倉市ユーカリが丘4丁目1-4,35.724117,140.155167,https://www.google.com/maps/search/?api=1&query=%E3%83%A6%E3%83%BC%E3%82%AB%E3%83%AA%E3%83%97%E3%83%A9%E3%82%B6,google_maps_name_match_gsi_block_level_point
ベイスクエア津 ラッツ,三重県,津市,found_google_maps_preferred,ベイスクエア津 ラッツ,三重県,津市,三重県津市藤方716,34.6831999,136.5188818,https://www.google.com/maps/search/?api=1&query=%E3%83%99%E3%82%A4%E3%82%B9%E3%82%AF%E3%82%A8%E3%82%A2%E6%B4%A5%20%E3%83%A9%E3%83%83%E3%83%84,google_maps_name_match_existing_facility_candidate
横浜ベイクォーター,神奈川県,横浜市神奈川区,found_google_maps_preferred,横浜ベイクォーター,神奈川県,横浜市神奈川区,神奈川県横浜市神奈川区金港町1-10,35.4665807,139.6264640,https://www.google.com/maps/search/?api=1&query=%E6%A8%AA%E6%B5%9C%E3%83%99%E3%82%A4%E3%82%AF%E3%82%A9%E3%83%BC%E3%82%BF%E3%83%BC,google_maps_name_match_existing_facility_candidate
アピタ桑名店,三重県,桑名市,found_google_maps_preferred,アピタ桑名店,三重県,桑名市,三重県桑名市中央町3丁目21,35.0641119,136.6877964,https://www.google.com/maps/search/?api=1&query=%E3%82%A2%E3%83%94%E3%82%BF%E6%A1%91%E5%90%8D%E5%BA%97,google_maps_name_match_existing_facility_candidate
イオン加賀の里店,石川県,加賀市,found_google_maps_preferred,イオン加賀の里店,石川県,加賀市,石川県加賀市上河崎町47-1,36.3066486,136.3470109,https://www.google.com/maps/search/?api=1&query=%E3%82%A4%E3%82%AA%E3%83%B3%E5%8A%A0%E8%B3%80%E3%81%AE%E9%87%8C%E5%BA%97,google_maps_name_match_existing_facility_candidate
ジョー・プラ,愛媛県,松山市,found_google_maps_preferred,ジョー・プラ,愛媛県,松山市,愛媛県松山市朝生田町5丁目1-25,33.8210127,132.7729116,https://www.google.com/maps/search/?api=1&query=%E3%82%B8%E3%83%A7%E3%83%BC%E3%83%BB%E3%83%97%E3%83%A9,google_maps_name_match_existing_facility_candidate
イオン小千谷店,新潟県,小千谷市,found_google_maps_preferred,イオン小千谷店,新潟県,小千谷市,新潟県小千谷市平沢新田字荒田339,37.3198466,138.7940411,https://www.google.com/maps/search/?api=1&query=%E3%82%A4%E3%82%AA%E3%83%B3%E5%B0%8F%E5%8D%83%E8%B0%B7%E5%BA%97,google_maps_name_match_existing_facility_candidate
さんプラザ,兵庫県,神戸市中央区,found_google_maps_preferred,さんプラザ,兵庫県,神戸市中央区,兵庫県神戸市中央区三宮町1丁目8-1,34.6921503,135.1932046,https://www.google.com/maps/search/?api=1&query=%E3%81%95%E3%82%93%E3%83%97%E3%83%A9%E3%82%B6,google_maps_name_match_existing_facility_candidate
イオンスタイル東神奈川,神奈川県,横浜市神奈川区,found_google_maps_preferred,イオンスタイル東神奈川,神奈川県,横浜市神奈川区,神奈川県横浜市神奈川区富家町1,35.4800785,139.6334558,https://www.google.com/maps/search/?api=1&query=%E3%82%A4%E3%82%AA%E3%83%B3%E3%82%B9%E3%82%BF%E3%82%A4%E3%83%AB%E6%9D%B1%E7%A5%9E%E5%A5%88%E5%B7%9D,google_maps_name_match_existing_facility_candidate
イオンタウン矢本,宮城県,東松島市,found_google_maps_preferred,イオンタウン矢本,宮城県,東松島市,宮城県東松島市小松字上浮足43,38.4260630,141.2033430,https://www.google.com/maps/search/?api=1&query=%E3%82%A4%E3%82%AA%E3%83%B3%E3%82%BF%E3%82%A6%E3%83%B3%E7%9F%A2%E6%9C%AC,google_maps_name_match_existing_facility_candidate
ルビットタウン中津川,岐阜県,中津川市,found_google_maps_preferred,ルビットタウン中津川,岐阜県,中津川市,岐阜県中津川市淀川町3-8,35.4981523,137.5077638,https://www.google.com/maps/search/?api=1&query=%E3%83%AB%E3%83%93%E3%83%83%E3%83%88%E3%82%BF%E3%82%A6%E3%83%B3%E4%B8%AD%E6%B4%A5%E5%B7%9D,google_maps_name_match_existing_facility_candidate
イオンもりの里店,石川県,金沢市,found_google_maps_preferred,イオンもりの里店,石川県,金沢市,石川県金沢市もりの里1丁目70,36.5518269,136.6898148,https://www.google.com/maps/search/?api=1&query=%E3%82%A4%E3%82%AA%E3%83%B3%E3%82%82%E3%82%8A%E3%81%AE%E9%87%8C%E5%BA%97,google_maps_name_match_existing_facility_candidate
イオンタウン千種,愛知県,名古屋市千種区,found_google_maps_preferred,イオンタウン千種,愛知県,名古屋市千種区,愛知県名古屋市千種区千種2丁目16-13,35.1616776,136.9237751,https://www.google.com/maps/search/?api=1&query=%E3%82%A4%E3%82%AA%E3%83%B3%E3%82%BF%E3%82%A6%E3%83%B3%E5%8D%83%E7%A8%AE,google_maps_name_match_existing_facility_candidate
ゆめタウン新南陽,山口県,周南市,found_google_maps_preferred,ゆめタウン新南陽,山口県,周南市,山口県周南市清水2丁目2-1,34.0706686,131.7724881,https://www.google.com/maps/search/?api=1&query=%E3%82%86%E3%82%81%E3%82%BF%E3%82%A6%E3%83%B3%E6%96%B0%E5%8D%97%E9%99%BD,google_maps_name_match_existing_facility_candidate
フレスポ赤穂,兵庫県,赤穂市,found_google_maps_preferred,フレスポ赤穂,兵庫県,赤穂市,兵庫県赤穂市中広2-8,34.7539589,134.3991839,https://www.google.com/maps/search/?api=1&query=%E3%83%95%E3%83%AC%E3%82%B9%E3%83%9D%E8%B5%A4%E7%A9%82,google_maps_name_match_existing_facility_candidate
サンピア,千葉県,東金市,found_google_maps_preferred,サンピア,千葉県,東金市,千葉県東金市東岩崎8-10,35.5584891,140.3646962,https://www.google.com/maps/search/?api=1&query=%E3%82%B5%E3%83%B3%E3%83%94%E3%82%A2%20%E6%9D%B1%E9%87%91,google_maps_name_match_existing_facility_candidate
ラチッタデッラ,神奈川県,川崎市川崎区,found_google_maps_preferred,ラ チッタデッラ,神奈川県,川崎市川崎区,神奈川県川崎市川崎区小川町4-1,35.5281577,139.6978730,https://www.google.com/maps/search/?api=1&query=%E3%83%A9%E3%83%81%E3%83%83%E3%82%BF%E3%83%87%E3%83%83%E3%83%A9,google_maps_name_match_existing_facility_candidate
青木島ショッピングパーク,長野県,長野市,found_google_maps_preferred,青木島ショッピングパーク,長野県,長野市,長野県長野市青木島4丁目4-5,36.6135391,138.1770916,https://www.google.com/maps/search/?api=1&query=%E9%9D%92%E6%9C%A8%E5%B3%B6%E3%82%B7%E3%83%A7%E3%83%83%E3%83%94%E3%83%B3%E3%82%B0%E3%83%91%E3%83%BC%E3%82%AF,google_maps_name_match_existing_facility_candidate
イオン時津ショッピングセンター,長崎県,西彼杵郡時津町,found_google_maps_preferred,イオン時津ショッピングセンター,長崎県,西彼杵郡時津町,長崎県西彼杵郡時津町浜田郷751-5,32.8312698,129.8630841,https://www.google.com/maps/search/?api=1&query=%E3%82%A4%E3%82%AA%E3%83%B3%E6%99%82%E6%B4%A5%E3%82%B7%E3%83%A7%E3%83%83%E3%83%94%E3%83%B3%E3%82%B0%E3%82%BB%E3%83%B3%E3%82%BF%E3%83%BC,google_maps_name_match_existing_facility_candidate
新丸の内ビルディング,東京都,千代田区,found_google_maps_preferred,新丸の内ビルディング,東京都,千代田区,東京都千代田区丸の内1丁目5-1,35.6826907,139.7643437,https://www.google.com/maps/search/?api=1&query=%E6%96%B0%E4%B8%B8%E3%81%AE%E5%86%85%E3%83%93%E3%83%AB%E3%83%87%E3%82%A3%E3%83%B3%E3%82%B0,google_maps_name_match_existing_facility_candidate
イオン瀬戸みずの店,愛知県,瀬戸市,found_google_maps_preferred,イオン瀬戸みずの店,愛知県,瀬戸市,愛知県瀬戸市みずの坂2丁目253,35.2433707,137.0675485,https://www.google.com/maps/search/?api=1&query=%E3%82%A4%E3%82%AA%E3%83%B3%E7%80%AC%E6%88%B8%E3%81%BF%E3%81%9A%E3%81%AE%E5%BA%97,google_maps_name_match_existing_facility_candidate
イオン貝塚店,大阪府,貝塚市,found_google_maps_preferred,イオン貝塚店,大阪府,貝塚市,大阪府貝塚市地蔵堂74-2,34.4258636,135.3548817,https://www.google.com/maps/search/?api=1&query=%E3%82%A4%E3%82%AA%E3%83%B3%E8%B2%9D%E5%A1%9A%E5%BA%97,google_maps_name_match_existing_facility_candidate
パトリア東大宮,埼玉県,さいたま市見沼区,found_google_maps_preferred,パトリア東大宮,埼玉県,さいたま市見沼区,埼玉県さいたま市見沼区春野2丁目7-8,35.9569657,139.6594614,https://www.google.com/maps/search/?api=1&query=%E3%83%91%E3%83%88%E3%83%AA%E3%82%A2%E6%9D%B1%E5%A4%A7%E5%AE%AE,google_maps_name_match_existing_facility_candidate
ヨークタウン坂東,茨城県,坂東市,found_google_maps_preferred,ヨークタウン坂東,茨城県,坂東市,茨城県坂東市辺田1104-1,36.0381490,139.8909580,https://www.google.com/maps/search/?api=1&query=%E3%83%A8%E3%83%BC%E3%82%AF%E3%82%BF%E3%82%A6%E3%83%B3%E5%9D%82%E6%9D%B1,google_maps_name_match_existing_facility_candidate
イオンスタイル検見川浜,千葉県,千葉市美浜区,found_google_maps_preferred,イオンスタイル検見川浜,千葉県,千葉市美浜区,千葉県千葉市美浜区真砂4丁目2-6,35.6375380,140.0602250,https://www.google.com/maps/search/?api=1&query=%E3%82%A4%E3%82%AA%E3%83%B3%E3%82%B9%E3%82%BF%E3%82%A4%E3%83%AB%E6%A4%9C%E8%A6%8B%E5%B7%9D%E6%B5%9C,google_maps_name_match_existing_facility_candidate
イオンタウン平賀,青森県,平川市,found_google_maps_preferred,イオンタウン平賀,青森県,平川市,青森県平川市小和森上松岡193-1,40.5901403,140.5666965,https://www.google.com/maps/search/?api=1&query=%E3%82%A4%E3%82%AA%E3%83%B3%E3%82%BF%E3%82%A6%E3%83%B3%E5%B9%B3%E8%B3%80,google_maps_name_match_existing_facility_candidate
神戸ファッションマート,兵庫県,神戸市東灘区,found_google_maps_preferred,神戸ファッションマート,兵庫県,神戸市東灘区,兵庫県神戸市東灘区向洋町中6丁目9,34.6891856,135.2682641,https://www.google.com/maps/search/?api=1&query=%E7%A5%9E%E6%88%B8%E3%83%95%E3%82%A1%E3%83%83%E3%82%B7%E3%83%A7%E3%83%B3%E3%83%9E%E3%83%BC%E3%83%88,google_maps_name_match_existing_facility_candidate
イオンタウン多度津,香川県,仲多度郡多度津町,found_google_maps_preferred,イオンタウン多度津,香川県,仲多度郡多度津町,香川県仲多度郡多度津町北鴨2丁目10-1,34.2751830,133.7676906,https://www.google.com/maps/search/?api=1&query=%E3%82%A4%E3%82%AA%E3%83%B3%E3%82%BF%E3%82%A6%E3%83%B3%E5%A4%9A%E5%BA%A6%E6%B4%A5,google_maps_name_match_existing_facility_candidate
キラリナ京王吉祥寺,東京都,武蔵野市,found_google_maps_preferred,キラリナ京王吉祥寺,東京都,武蔵野市,東京都武蔵野市吉祥寺南町2丁目1-25,35.7028108,139.5800422,https://www.google.com/maps/search/?api=1&query=%E3%82%AD%E3%83%A9%E3%83%AA%E3%83%8A%E4%BA%AC%E7%8E%8B%E5%90%89%E7%A5%A5%E5%AF%BA,google_maps_name_match_existing_facility_candidate
アクロス能代,秋田県,能代市,found_google_maps_preferred,アクロス能代,秋田県,能代市,秋田県能代市字寺向70,40.1832552,140.0525176,https://www.google.com/maps/search/?api=1&query=%E3%82%A2%E3%82%AF%E3%83%AD%E3%82%B9%E8%83%BD%E4%BB%A3,google_maps_partial_name_match_existing_facility_candidate
ノバティながの,大阪府,河内長野市,found_google_maps_preferred,ノバティながの,大阪府,河内長野市,大阪府河内長野市本町24-1,34.4515607,135.5723607,https://www.google.com/maps/search/?api=1&query=%E3%83%8E%E3%83%90%E3%83%86%E3%82%A3%E3%81%AA%E3%81%8C%E3%81%AE,google_maps_name_match_existing_facility_candidate
ヨークパーク,福島県,郡山市,found_google_maps_preferred,ヨークパーク,福島県,郡山市,福島県郡山市西ノ内2丁目11-40,37.4076223,140.3641039,https://www.google.com/maps/search/?api=1&query=%E3%83%A8%E3%83%BC%E3%82%AF%E3%83%91%E3%83%BC%E3%82%AF,google_maps_name_match_existing_facility_candidate
アスピア明石,兵庫県,明石市,found_google_maps_preferred,アスピア明石,兵庫県,明石市,兵庫県明石市東仲ノ町6-1,34.6477711,134.9952866,https://www.google.com/maps/search/?api=1&query=%E3%82%A2%E3%82%B9%E3%83%94%E3%82%A2%E6%98%8E%E7%9F%B3,google_maps_name_match_existing_facility_candidate
ウィラ大井,東京都,品川区,found_google_maps_preferred,ウィラ大井,東京都,品川区,東京都品川区勝島1丁目6-16,35.5965790,139.7450090,https://www.google.com/maps/search/?api=1&query=%E3%82%A6%E3%82%A3%E3%83%A9%E5%A4%A7%E4%BA%95,google_maps_name_match_existing_facility_candidate
アピタ北方,岐阜県,本巣郡北方町,found_google_maps_preferred,アピタ北方店,岐阜県,本巣郡北方町,岐阜県本巣郡北方町平成2丁目3,35.4326885,136.6814081,https://www.google.com/maps/search/?api=1&query=%E3%82%A2%E3%83%94%E3%82%BF%E5%8C%97%E6%96%B9%E5%BA%97,google_maps_name_match_existing_facility_candidate
イオンタウン彦根,滋賀県,彦根市,found_google_maps_preferred,イオンタウン彦根,滋賀県,彦根市,滋賀県彦根市古沢町255-1,35.2703778,136.2684023,https://www.google.com/maps/search/?api=1&query=%E3%82%A4%E3%82%AA%E3%83%B3%E3%82%BF%E3%82%A6%E3%83%B3%E5%BD%A6%E6%A0%B9,google_maps_name_match_existing_facility_candidate
イオンタウン姫路,兵庫県,姫路市,found_google_maps_preferred,イオンタウン姫路,兵庫県,姫路市,兵庫県姫路市延末435-3,34.8255594,134.6826164,https://www.google.com/maps/search/?api=1&query=%E3%82%A4%E3%82%AA%E3%83%B3%E3%82%BF%E3%82%A6%E3%83%B3%E5%A7%AB%E8%B7%AF,google_maps_name_match_existing_facility_candidate
イトーヨーカドー幕張店,千葉県,千葉市花見川区,found_google_maps_preferred,イトーヨーカドー幕張店,千葉県,千葉市花見川区,千葉県千葉市花見川区幕張町4丁目417-25,35.6569440,140.0510100,https://www.google.com/maps/search/?api=1&query=%E3%82%A4%E3%83%88%E3%83%BC%E3%83%A8%E3%83%BC%E3%82%AB%E3%83%89%E3%83%BC%E5%B9%95%E5%BC%B5%E5%BA%97,google_maps_name_match_existing_facility_candidate
MINANO (ミナノ),東京都,府中市,found_google_maps_preferred,MINANO,東京都,府中市,東京都府中市片町3丁目22-26,35.6671207,139.4694648,https://www.google.com/maps/search/?api=1&query=MINANO,google_maps_name_match_existing_facility_candidate
サンリブ古賀,福岡県,古賀市,found_google_maps_preferred,サンリブ古賀,福岡県,古賀市,福岡県古賀市天神2丁目5-1,33.7345014,130.4665264,https://www.google.com/maps/search/?api=1&query=%E3%82%B5%E3%83%B3%E3%83%AA%E3%83%96%E5%8F%A4%E8%B3%80,google_maps_name_match_existing_facility_candidate
ちとせモール,北海道,千歳市,found_google_maps_preferred,ちとせモール,北海道,千歳市,北海道千歳市勇舞8丁目1-1,42.8541738,141.6265663,https://www.google.com/maps/search/?api=1&query=%E3%81%A1%E3%81%A8%E3%81%9B%E3%83%A2%E3%83%BC%E3%83%AB,google_maps_name_match_existing_facility_candidate
仙台泉プレミアム・アウトレット,宮城県,仙台市泉区,found_google_maps_preferred,仙台泉プレミアム・アウトレット,宮城県,仙台市泉区,宮城県仙台市泉区寺岡6丁目1-1,38.3415949,140.8372476,https://www.google.com/maps/search/?api=1&query=%E4%BB%99%E5%8F%B0%E6%B3%89%E3%83%97%E3%83%AC%E3%83%9F%E3%82%A2%E3%83%A0%E3%83%BB%E3%82%A2%E3%82%A6%E3%83%88%E3%83%AC%E3%83%83%E3%83%88,google_maps_name_match_existing_facility_candidate
京阪モール,大阪府,大阪市都島区,found_google_maps_preferred,京阪モール,大阪府,大阪市都島区,大阪府大阪市都島区東野田町2丁目1-38,34.6972438,135.5325453,https://www.google.com/maps/search/?api=1&query=%E4%BA%AC%E9%98%AA%E3%83%A2%E3%83%BC%E3%83%AB,google_maps_name_match_existing_facility_candidate
フレスポ深堀,長崎県,長崎市,found_google_maps_preferred,フレスポ深堀,長崎県,長崎市,長崎県長崎市深堀町1丁目145-24,32.6842535,129.8345410,https://www.google.com/maps/search/?api=1&query=%E3%83%95%E3%83%AC%E3%82%B9%E3%83%9D%E6%B7%B1%E5%A0%80,google_maps_name_match_existing_facility_candidate
ヨークタウン足利,栃木県,足利市,found_google_maps_preferred,ヨークタウン足利,栃木県,足利市,栃木県足利市朝倉町2丁目21-16,36.3160269,139.4449379,https://www.google.com/maps/search/?api=1&query=%E3%83%A8%E3%83%BC%E3%82%AF%E3%82%BF%E3%82%A6%E3%83%B3%E8%B6%B3%E5%88%A9,google_maps_name_match_existing_facility_candidate
川越マイン,埼玉県,川越市,found_google_maps_preferred,川越マイン,埼玉県,川越市,埼玉県川越市脇田町103,35.9071508,139.4841107,https://www.google.com/maps/search/?api=1&query=%E5%B7%9D%E8%B6%8A%E3%83%9E%E3%82%A4%E3%83%B3,google_maps_name_match_existing_facility_candidate
イトーヨーカドー大森店,東京都,大田区,found_google_maps_preferred,イトーヨーカドー大森店,東京都,大田区,東京都大田区大森北2丁目13-1,35.5871480,139.7331850,https://www.google.com/maps/search/?api=1&query=%E3%82%A4%E3%83%88%E3%83%BC%E3%83%A8%E3%83%BC%E3%82%AB%E3%83%89%E3%83%BC%E5%A4%A7%E6%A3%AE%E5%BA%97,google_maps_name_match_existing_facility_candidate
そよら古川橋駅前,大阪府,門真市,found_google_maps_preferred,そよら古川橋駅前,大阪府,門真市,大阪府門真市末広町41-2,34.7387083,135.5915589,https://www.google.com/maps/search/?api=1&query=%E3%81%9D%E3%82%88%E3%82%89%E5%8F%A4%E5%B7%9D%E6%A9%8B%E9%A7%85%E5%89%8D,google_maps_name_match_existing_facility_candidate
あきるのプレイス,東京都,あきる野市,found_google_maps_preferred,あきるのプレイス,東京都,あきる野市,東京都あきる野市秋川1丁目17-1,35.7308827,139.2873361,https://www.google.com/maps/search/?api=1&query=%E3%81%82%E3%81%8D%E3%82%8B%E3%81%AE%E3%83%97%E3%83%AC%E3%82%A4%E3%82%B9,google_maps_name_match_existing_facility_candidate
フレスポスズランプラザ,北海道,帯広市,found_google_maps_preferred,フレスポスズランプラザ,北海道,帯広市,北海道帯広市稲田町南8線西10-1,42.8901307,143.1979626,https://www.google.com/maps/search/?api=1&query=%E3%83%95%E3%83%AC%E3%82%B9%E3%83%9D%E3%82%B9%E3%82%BA%E3%83%A9%E3%83%B3%E3%83%97%E3%83%A9%E3%82%B6,google_maps_name_match_existing_facility_candidate
サンシャインワーフ神戸,兵庫県,神戸市東灘区,found_google_maps_preferred,サンシャインワーフ神戸,兵庫県,神戸市東灘区,兵庫県神戸市東灘区青木1丁目2-34,34.7147729,135.2861253,https://www.google.com/maps/search/?api=1&query=%E3%82%B5%E3%83%B3%E3%82%B7%E3%83%A3%E3%82%A4%E3%83%B3%E3%83%AF%E3%83%BC%E3%83%95%E7%A5%9E%E6%88%B8,google_maps_name_match_existing_facility_candidate
イオンタウン須賀川,福島県,須賀川市,found_google_maps_preferred,イオンタウン須賀川,福島県,須賀川市,福島県須賀川市古河105,37.2977511,140.3849139,https://www.google.com/maps/search/?api=1&query=%E3%82%A4%E3%82%AA%E3%83%B3%E3%82%BF%E3%82%A6%E3%83%B3%E9%A0%88%E8%B3%80%E5%B7%9D,google_maps_name_match_existing_facility_candidate
MEGAドン・キホーテ西帯広店,北海道,帯広市,found_google_maps_preferred,MEGAドン・キホーテ西帯広店,北海道,帯広市,北海道帯広市西21条南4丁目1,42.9118292,143.1436362,https://www.google.com/maps/search/?api=1&query=MEGA%E3%83%89%E3%83%B3%E3%83%BB%E3%82%AD%E3%83%9B%E3%83%BC%E3%83%86%E8%A5%BF%E5%B8%AF%E5%BA%83%E5%BA%97,google_maps_name_match_existing_facility_candidate
MEGAドン・キホーテ三郷店,埼玉県,三郷市,found_google_maps_preferred,MEGAドン・キホーテ三郷店,埼玉県,三郷市,埼玉県三郷市さつき平1丁目1-1,35.8529310,139.8681420,https://www.google.com/maps/search/?api=1&query=MEGA%E3%83%89%E3%83%B3%E3%83%BB%E3%82%AD%E3%83%9B%E3%83%BC%E3%83%86%E4%B8%89%E9%83%B7%E5%BA%97,google_maps_name_match_existing_facility_candidate
日清プラザ,静岡県,三島市,found_google_maps_preferred,日清プラザ,静岡県,三島市,静岡県三島市中田町9-30,35.1133557,138.9192995,https://www.google.com/maps/search/?api=1&query=%E6%97%A5%E6%B8%85%E3%83%97%E3%83%A9%E3%82%B6,google_maps_name_match_existing_facility_candidate
アル・プラザ野洲,滋賀県,野洲市,found_google_maps_preferred,アル・プラザ野洲,滋賀県,野洲市,滋賀県野洲市小篠原1000,35.0649574,136.0266657,https://www.google.com/maps/search/?api=1&query=%E3%82%A2%E3%83%AB%E3%83%BB%E3%83%97%E3%83%A9%E3%82%B6%E9%87%8E%E6%B4%B2,google_maps_name_match_existing_facility_candidate
イトーヨーカドー国領店,東京都,調布市,found_google_maps_preferred,イトーヨーカドー国領店,東京都,調布市,東京都調布市国領町8丁目2-64,35.6475020,139.5639080,https://www.google.com/maps/search/?api=1&query=%E3%82%A4%E3%83%88%E3%83%BC%E3%83%A8%E3%83%BC%E3%82%AB%E3%83%89%E3%83%BC%E5%9B%BD%E9%A0%98%E5%BA%97,google_maps_name_match_existing_facility_candidate
エムズモール,京都府,宇治市,found_google_maps_preferred,エムズモール,京都府,宇治市,京都府宇治市槇島町清水48,34.9161677,135.7830945,https://www.google.com/maps/search/?api=1&query=%E3%82%A8%E3%83%A0%E3%82%BA%E3%83%A2%E3%83%BC%E3%83%AB,google_maps_name_match_existing_facility_candidate
えるむプラザ,兵庫県,三田市,found_google_maps_preferred,えるむプラザ,兵庫県,三田市,兵庫県三田市すずかけ台2丁目3-1,34.9024799,135.1912927,https://www.google.com/maps/search/?api=1&query=%E3%81%88%E3%82%8B%E3%82%80%E3%83%97%E3%83%A9%E3%82%B6,google_maps_name_match_existing_facility_candidate
フジグラン安芸,広島県,安芸郡坂町,found_google_maps_preferred,フジグラン安芸,広島県,安芸郡坂町,広島県安芸郡坂町北新地2丁目3-30,34.3496787,132.5187752,https://www.google.com/maps/search/?api=1&query=%E3%83%95%E3%82%B8%E3%82%B0%E3%83%A9%E3%83%B3%E5%AE%89%E8%8A%B8,google_maps_name_match_existing_facility_candidate
フレスポ御所野,秋田県,秋田市,found_google_maps_preferred,フレスポ御所野,秋田県,秋田市,秋田県秋田市御所野元町1丁目1-1,39.6616717,140.1641431,https://www.google.com/maps/search/?api=1&query=%E3%83%95%E3%83%AC%E3%82%B9%E3%83%9D%E5%BE%A1%E6%89%80%E9%87%8E,google_maps_name_match_existing_facility_candidate
nORBESA (ノルベサ),北海道,札幌市中央区,found_google_maps_preferred,nORBESA,北海道,札幌市中央区,北海道札幌市中央区南3条西5丁目1-1,43.0560839,141.3509848,https://www.google.com/maps/search/?api=1&query=nORBESA,google_maps_name_match_existing_facility_candidate
エビスタ西宮,兵庫県,西宮市,found_google_maps_preferred,エビスタ西宮,兵庫県,西宮市,兵庫県西宮市田中町1-6,34.7371815,135.3380262,https://www.google.com/maps/search/?api=1&query=%E3%82%A8%E3%83%93%E3%82%B9%E3%82%BF%E8%A5%BF%E5%AE%AE,google_maps_name_match_existing_facility_candidate
フレスポ春日浦,大分県,大分市,found_google_maps_preferred,フレスポ春日浦,大分県,大分市,大分県大分市王子北町5-9,33.2448337,131.5955548,https://www.google.com/maps/search/?api=1&query=%E3%83%95%E3%83%AC%E3%82%B9%E3%83%9D%E6%98%A5%E6%97%A5%E6%B5%A6,google_maps_name_match_existing_facility_candidate
アル・プラザ宇治東,京都府,宇治市,found_google_maps_preferred,アル・プラザ宇治東,京都府,宇治市,京都府宇治市莵道平町28-1,34.9022800,135.8022213,https://www.google.com/maps/search/?api=1&query=%E3%82%A2%E3%83%AB%E3%83%BB%E3%83%97%E3%83%A9%E3%82%B6%E5%AE%87%E6%B2%BB%E6%9D%B1,google_maps_name_match_existing_facility_candidate
ラクト山科ショッピングセンター,京都府,京都市山科区,found_google_maps_preferred,ラクト山科ショッピングセンター,京都府,京都市山科区,京都府京都市山科区竹鼻竹ノ街道町91,34.9907229,135.8169566,https://www.google.com/maps/search/?api=1&query=%E3%83%A9%E3%82%AF%E3%83%88%E5%B1%B1%E7%A7%91%E3%82%B7%E3%83%A7%E3%83%83%E3%83%94%E3%83%B3%E3%82%B0%E3%82%BB%E3%83%B3%E3%82%BF%E3%83%BC,google_maps_name_match_existing_facility_candidate
イオン札幌手稲駅前ショッピングセンター,北海道,札幌市手稲区,found_google_maps_preferred,イオン札幌手稲駅前ショッピングセンター,北海道,札幌市手稲区,北海道札幌市手稲区前田1条11丁目1-1,43.1203190,141.2452602,https://www.google.com/maps/search/?api=1&query=%E3%82%A4%E3%82%AA%E3%83%B3%E6%9C%AD%E5%B9%8C%E6%89%8B%E7%A8%B2%E9%A7%85%E5%89%8D%E3%82%B7%E3%83%A7%E3%83%83%E3%83%94%E3%83%B3%E3%82%B0%E3%82%BB%E3%83%B3%E3%82%BF%E3%83%BC,google_maps_name_match_existing_facility_candidate
中野ブロードウェイ,東京都,中野区,found_google_maps_preferred,中野ブロードウェイ,東京都,中野区,東京都中野区中野5丁目52-15,35.7092407,139.6656853,https://www.google.com/maps/search/?api=1&query=%E4%B8%AD%E9%87%8E%E3%83%96%E3%83%AD%E3%83%BC%E3%83%89%E3%82%A6%E3%82%A7%E3%82%A4,google_maps_name_match_existing_facility_candidate
フジグラン高知,高知県,高知市,found_google_maps_preferred,フジグラン高知,高知県,高知市,高知県高知市朝倉東町52-15,33.5428706,133.4978984,https://www.google.com/maps/search/?api=1&query=%E3%83%95%E3%82%B8%E3%82%B0%E3%83%A9%E3%83%B3%E9%AB%98%E7%9F%A5,google_maps_name_match_existing_facility_candidate
アル・プラザ近江八幡,滋賀県,近江八幡市,found_google_maps_preferred,アル・プラザ近江八幡,滋賀県,近江八幡市,滋賀県近江八幡市桜宮町202-1,35.1303636,136.0958077,https://www.google.com/maps/search/?api=1&query=%E3%82%A2%E3%83%AB%E3%83%BB%E3%83%97%E3%83%A9%E3%82%B6%E8%BF%91%E6%B1%9F%E5%85%AB%E5%B9%A1,google_maps_name_match_existing_facility_candidate
フォレオ菖蒲,埼玉県,久喜市,found_google_maps_preferred,フォレオ菖蒲,埼玉県,久喜市,埼玉県久喜市菖蒲町菖蒲6006-1,36.0717713,139.6166601,https://www.google.com/maps/search/?api=1&query=%E3%83%95%E3%82%A9%E3%83%AC%E3%82%AA%E8%8F%96%E8%92%B2,google_maps_name_match_existing_facility_candidate
シンフォニープラザ沼館,青森県,八戸市,found_google_maps_preferred,シンフォニープラザ沼館,青森県,八戸市,青森県八戸市沼館4丁目4-8,40.5290155,141.4947184,https://www.google.com/maps/search/?api=1&query=%E3%82%B7%E3%83%B3%E3%83%95%E3%82%A9%E3%83%8B%E3%83%BC%E3%83%97%E3%83%A9%E3%82%B6%E6%B2%BC%E9%A4%A8,google_maps_name_match_existing_facility_candidate
MEGAドン・キホーテUNY石和店,山梨県,笛吹市,found_google_maps_preferred,MEGAドン・キホーテUNY石和店,山梨県,笛吹市,山梨県笛吹市石和町窪中島154,35.6458116,138.6321392,https://www.google.com/maps/search/?api=1&query=MEGA%E3%83%89%E3%83%B3%E3%83%BB%E3%82%AD%E3%83%9B%E3%83%BC%E3%83%86UNY%E7%9F%B3%E5%92%8C%E5%BA%97,google_maps_name_match_existing_facility_candidate
エスカード牛久,茨城県,牛久市,found_google_maps_preferred,エスカード牛久,茨城県,牛久市,茨城県牛久市牛久町280,35.9752568,140.1399299,https://www.google.com/maps/search/?api=1&query=%E3%82%A8%E3%82%B9%E3%82%AB%E3%83%BC%E3%83%89%E7%89%9B%E4%B9%85,google_maps_name_match_existing_facility_candidate
イオン旭川永山店,北海道,旭川市,found_google_maps_preferred,イオン旭川永山店,北海道,旭川市,北海道旭川市永山3条12丁目2-11,43.8015544,142.4215024,https://www.google.com/maps/search/?api=1&query=%E3%82%A4%E3%82%AA%E3%83%B3%E6%97%AD%E5%B7%9D%E6%B0%B8%E5%B1%B1%E5%BA%97,google_maps_name_match_existing_facility_candidate
札幌PARCO,北海道,札幌市中央区,found_google_maps_preferred,札幌PARCO,北海道,札幌市中央区,北海道札幌市中央区南1条西3丁目3,43.0587277,141.3531576,https://www.google.com/maps/search/?api=1&query=%E6%9C%AD%E5%B9%8CPARCO,google_maps_name_match_existing_facility_candidate
HOOP,大阪府,大阪市阿倍野区,found_google_maps_preferred,HOOP,大阪府,大阪市阿倍野区,大阪府大阪市阿倍野区阿倍野筋1丁目2-30,34.6451206,135.5136991,https://www.google.com/maps/search/?api=1&query=HOOP,google_maps_name_match_existing_facility_candidate
サンエーしおざきシティ,沖縄県,糸満市,found_google_maps_preferred,サンエーしおざきシティ,沖縄県,糸満市,沖縄県糸満市潮崎町2丁目2,26.1245312,127.6675628,https://www.google.com/maps/search/?api=1&query=%E3%82%B5%E3%83%B3%E3%82%A8%E3%83%BC%E3%81%97%E3%81%8A%E3%81%96%E3%81%8D%E3%82%B7%E3%83%86%E3%82%A3,google_maps_name_match_existing_facility_candidate
八王子オクトーレ,東京都,八王子市,found_google_maps_preferred,八王子オクトーレ,東京都,八王子市,東京都八王子市旭町9-1,35.6573399,139.3387854,https://www.google.com/maps/search/?api=1&query=%E5%85%AB%E7%8E%8B%E5%AD%90%E3%82%AA%E3%82%AF%E3%83%88%E3%83%BC%E3%83%AC,google_maps_name_match_existing_facility_candidate
フジグラン北宇和島,愛媛県,宇和島市,found_google_maps_preferred,フジグラン北宇和島,愛媛県,宇和島市,愛媛県宇和島市伊吹町甲912-2,33.2356640,132.5694671,https://www.google.com/maps/search/?api=1&query=%E3%83%95%E3%82%B8%E3%82%B0%E3%83%A9%E3%83%B3%E5%8C%97%E5%AE%87%E5%92%8C%E5%B3%B6,google_maps_name_match_existing_facility_candidate
長浜楽市,滋賀県,長浜市,found_google_maps_preferred,長浜楽市,滋賀県,長浜市,滋賀県長浜市八幡東町9-1,35.3866304,136.2818208,https://www.google.com/maps/search/?api=1&query=%E9%95%B7%E6%B5%9C%E6%A5%BD%E5%B8%82,google_maps_name_match_existing_facility_candidate
町田モディ,東京都,町田市,found_google_maps_preferred,町田モディ,東京都,町田市,東京都町田市原町田6丁目2-6,35.5431776,139.4451950,https://www.google.com/maps/search/?api=1&query=%E7%94%BA%E7%94%B0%E3%83%A2%E3%83%87%E3%82%A3,google_maps_name_match_existing_facility_candidate
泉ヶ丘ひろば専門店街,大阪府,堺市南区,found_google_maps_preferred,泉ヶ丘ひろば専門店街,大阪府,堺市南区,大阪府堺市南区茶山台1丁2-1,34.4968342,135.5138241,https://www.google.com/maps/search/?api=1&query=%E6%B3%89%E3%83%B6%E4%B8%98%E3%81%B2%E3%82%8D%E3%81%B0%E5%B0%82%E9%96%80%E5%BA%97%E8%A1%97,google_maps_name_match_existing_facility_candidate
HIRORO (ヒロロ),青森県,弘前市,found_google_maps_preferred,HIRORO,青森県,弘前市,青森県弘前市駅前町9-20,40.5974543,140.4817251,https://www.google.com/maps/search/?api=1&query=HIRORO,google_maps_name_match_existing_facility_candidate
アクロスプラザ長岡,新潟県,長岡市,found_google_maps_preferred,アクロスプラザ長岡,新潟県,長岡市,新潟県長岡市沖田1丁目59,37.4445281,138.8669604,https://www.google.com/maps/search/?api=1&query=%E3%82%A2%E3%82%AF%E3%83%AD%E3%82%B9%E3%83%97%E3%83%A9%E3%82%B6%E9%95%B7%E5%B2%A1,google_maps_name_match_existing_facility_candidate
大洗シーサイドステーション,茨城県,東茨城郡大洗町,found_google_maps_preferred,大洗シーサイドステーション,茨城県,東茨城郡大洗町,茨城県東茨城郡大洗町港中央11-2,36.3092490,140.5690037,https://www.google.com/maps/search/?api=1&query=%E5%A4%A7%E6%B4%97%E3%82%B7%E3%83%BC%E3%82%B5%E3%82%A4%E3%83%89%E3%82%B9%E3%83%86%E3%83%BC%E3%82%B7%E3%83%A7%E3%83%B3,google_maps_name_match_existing_facility_candidate
ジョイパーク泉ヶ丘,大阪府,堺市南区,found_google_maps_preferred,ジョイパーク泉ヶ丘,大阪府,堺市南区,大阪府堺市南区三原台1丁1-3,34.4985623,135.5142611,https://www.google.com/maps/search/?api=1&query=%E3%82%B8%E3%83%A7%E3%82%A4%E3%83%91%E3%83%BC%E3%82%AF%E6%B3%89%E3%83%B6%E4%B8%98,google_maps_name_match_existing_facility_candidate
イオンタウン木更津朝日,千葉県,木更津市,found_google_maps_preferred,イオンタウン木更津朝日,千葉県,木更津市,千葉県木更津市朝日3丁目10-19,35.3859144,139.9362431,https://www.google.com/maps/search/?api=1&query=%E3%82%A4%E3%82%AA%E3%83%B3%E3%82%BF%E3%82%A6%E3%83%B3%E6%9C%A8%E6%9B%B4%E6%B4%A5%E6%9C%9D%E6%97%A5,google_maps_name_match_existing_facility_candidate
ビアレ横浜,神奈川県,横浜市金沢区,found_google_maps_preferred,ビアレ横浜,神奈川県,横浜市金沢区,神奈川県横浜市金沢区並木2丁目13-2,35.3619825,139.6402704,https://www.google.com/maps/search/?api=1&query=%E3%83%93%E3%82%A2%E3%83%AC%E6%A8%AA%E6%B5%9C,google_maps_name_match_existing_facility_candidate
新横浜プリンスペペ,神奈川県,横浜市港北区,found_google_maps_preferred,新横浜プリンスペペ,神奈川県,横浜市港北区,神奈川県横浜市港北区新横浜3丁目4,35.5096214,139.6193246,https://www.google.com/maps/search/?api=1&query=%E6%96%B0%E6%A8%AA%E6%B5%9C%E3%83%97%E3%83%AA%E3%83%B3%E3%82%B9%E3%83%9A%E3%83%9A,google_maps_name_match_existing_facility_candidate
アクロスプラザ三川,山形県,東田川郡三川町,found_google_maps_preferred,アクロスプラザ三川,山形県,東田川郡三川町,山形県東田川郡三川町大字猪子字大堰端364-1,38.8178852,139.8356218,https://www.google.com/maps/search/?api=1&query=%E3%82%A2%E3%82%AF%E3%83%AD%E3%82%B9%E3%83%97%E3%83%A9%E3%82%B6%E4%B8%89%E5%B7%9D,google_maps_name_match_existing_facility_candidate
ゆめタウン浜田,島根県,浜田市,found_google_maps_preferred,ゆめタウン浜田,島根県,浜田市,島根県浜田市港町227-1,34.8999444,132.0716178,https://www.google.com/maps/search/?api=1&query=%E3%82%86%E3%82%81%E3%82%BF%E3%82%A6%E3%83%B3%E6%B5%9C%E7%94%B0,google_maps_name_match_existing_facility_candidate
MEGAドン・キホーテ ラパーク成東店,千葉県,山武市,found_google_maps_preferred,MEGAドン・キホーテ ラパーク成東店,千葉県,山武市,千葉県山武市成東1808-1,35.5955922,140.3977856,https://www.google.com/maps/search/?api=1&query=MEGA%E3%83%89%E3%83%B3%E3%83%BB%E3%82%AD%E3%83%9B%E3%83%BC%E3%83%86%20%E3%83%A9%E3%83%91%E3%83%BC%E3%82%AF%E6%88%90%E6%9D%B1%E5%BA%97,google_maps_name_match_existing_facility_candidate
天久りうぼう楽市,沖縄県,那覇市,found_google_maps_preferred,天久りうぼう楽市,沖縄県,那覇市,沖縄県那覇市天久1丁目2-1,26.2306635,127.6896201,https://www.google.com/maps/search/?api=1&query=%E5%A4%A9%E4%B9%85%E3%82%8A%E3%81%86%E3%81%BC%E3%81%86%E6%A5%BD%E5%B8%82,google_maps_name_match_existing_facility_candidate
フジグラン野市,高知県,香南市,found_google_maps_preferred,フジグラン野市,高知県,香南市,高知県香南市野市町西野2007-1,33.5607457,133.6961477,https://www.google.com/maps/search/?api=1&query=%E3%83%95%E3%82%B8%E3%82%B0%E3%83%A9%E3%83%B3%E9%87%8E%E5%B8%82,google_maps_name_match_existing_facility_candidate
ゆめモール下関,山口県,下関市,found_google_maps_preferred,ゆめモール下関,山口県,下関市,山口県下関市新椋野1丁目2-2,33.9830872,130.9472880,https://www.google.com/maps/search/?api=1&query=%E3%82%86%E3%82%81%E3%83%A2%E3%83%BC%E3%83%AB%E4%B8%8B%E9%96%A2,google_maps_name_match_existing_facility_candidate
S-MALL(エスモール),山形県,鶴岡市,found_google_maps_preferred,S-MALL,山形県,鶴岡市,山形県鶴岡市錦町2-21,38.7389355,139.8320258,https://www.google.com/maps/search/?api=1&query=S-MALL,google_maps_name_match_existing_facility_candidate
イトーヨーカドー能見台店,神奈川県,横浜市金沢区,found_google_maps_preferred,イトーヨーカドー能見台店,神奈川県,横浜市金沢区,神奈川県横浜市金沢区能見台東3-1,35.3588310,139.6269320,https://www.google.com/maps/search/?api=1&query=%E3%82%A4%E3%83%88%E3%83%BC%E3%83%A8%E3%83%BC%E3%82%AB%E3%83%89%E3%83%BC%E8%83%BD%E8%A6%8B%E5%8F%B0%E5%BA%97,google_maps_name_match_existing_facility_candidate
メグリア本店,愛知県,豊田市,found_google_maps_preferred,メグリア本店,愛知県,豊田市,愛知県豊田市山之手8丁目92,35.0522606,137.1447539,https://www.google.com/maps/search/?api=1&query=%E3%83%A1%E3%82%B0%E3%83%AA%E3%82%A2%E6%9C%AC%E5%BA%97,google_maps_name_match_existing_facility_candidate
武蔵小杉東急スクエア,神奈川県,川崎市中原区,found_google_maps_preferred,武蔵小杉東急スクエア,神奈川県,川崎市中原区,神奈川県川崎市中原区小杉町3丁目472,35.5757182,139.6591598,https://www.google.com/maps/search/?api=1&query=%E6%AD%A6%E8%94%B5%E5%B0%8F%E6%9D%89%E6%9D%B1%E6%80%A5%E3%82%B9%E3%82%AF%E3%82%A8%E3%82%A2,google_maps_name_match_existing_facility_candidate
オーキッドパーク,岐阜県,岐阜市,found_google_maps_preferred,オーキッドパーク,岐阜県,岐阜市,岐阜県岐阜市香蘭2丁目23,35.4107282,136.7449711,https://www.google.com/maps/search/?api=1&query=%E3%82%AA%E3%83%BC%E3%82%AD%E3%83%83%E3%83%89%E3%83%91%E3%83%BC%E3%82%AF,google_maps_name_match_existing_facility_candidate
ラフレ初生,静岡県,浜松市中区,found_google_maps_preferred,ラフレ初生,静岡県,浜松市中央区,静岡県浜松市中央区初生町626-1,34.7637878,137.7206623,https://www.google.com/maps/search/?api=1&query=%E3%83%A9%E3%83%95%E3%83%AC%E5%88%9D%E7%94%9F,施設名の一部一致を含むGoogle Mapsの所在地を優先。現住所に合わせて浜松市中央区へ補正
三井アウトレットパーク 多摩南大沢,東京都,八王子市,found_google_maps_preferred,三井アウトレットパーク 多摩南大沢,東京都,八王子市,東京都八王子市南大沢1丁目600,35.6153029,139.3785113,https://www.google.com/maps/search/?api=1&query=%E4%B8%89%E4%BA%95%E3%82%A2%E3%82%A6%E3%83%88%E3%83%AC%E3%83%83%E3%83%88%E3%83%91%E3%83%BC%E3%82%AF%20%E5%A4%9A%E6%91%A9%E5%8D%97%E5%A4%A7%E6%B2%A2,施設名の一部一致を含むGoogle Mapsの所在地を優先
イトーヨーカドー横浜別所店,神奈川県,横浜市南区,found_google_maps_preferred,イトーヨーカドー横浜別所店,神奈川県,横浜市南区,神奈川県横浜市南区別所1丁目14-1,35.4154570,139.5946890,https://www.google.com/maps/search/?api=1&query=%E3%82%A4%E3%83%88%E3%83%BC%E3%83%A8%E3%83%BC%E3%82%AB%E3%83%89%E3%83%BC%E6%A8%AA%E6%B5%9C%E5%88%A5%E6%89%80%E5%BA%97,施設名の一部一致を含むGoogle Mapsの所在地を優先
西武本川越ペペ,埼玉県,川越市,found_google_maps_preferred,西武本川越ペペ,埼玉県,川越市,埼玉県川越市新富町1丁目22,35.9149138,139.4817470,https://www.google.com/maps/search/?api=1&query=%E8%A5%BF%E6%AD%A6%E6%9C%AC%E5%B7%9D%E8%B6%8A%E3%83%9A%E3%83%9A,施設名の一部一致を含むGoogle Mapsの所在地を優先
そよら今治馬越,愛媛県,今治市,found_google_maps_preferred,そよら今治馬越,愛媛県,今治市,愛媛県今治市馬越町4丁目8-1,34.0561957,132.9798388,https://www.google.com/maps/search/?api=1&query=%E3%81%9D%E3%82%88%E3%82%89%E4%BB%8A%E6%B2%BB%E9%A6%AC%E8%B6%8A,施設名の一部一致を含むGoogle Mapsの所在地を優先
イトーヨーカドー久喜店,埼玉県,久喜市,found_google_maps_preferred,イトーヨーカドー久喜店,埼玉県,久喜市,埼玉県久喜市久喜中央4丁目9-11,36.0709748,139.6755118,https://www.google.com/maps/search/?api=1&query=%E3%82%A4%E3%83%88%E3%83%BC%E3%83%A8%E3%83%BC%E3%82%AB%E3%83%89%E3%83%BC%E4%B9%85%E5%96%9C%E5%BA%97,施設名の一部一致を含むGoogle Mapsの所在地を優先
デュー阪急山田,大阪府,吹田市,found_google_maps_preferred,デュー阪急山田,大阪府,吹田市,大阪府吹田市山田西4丁目1-2,34.8048745,135.5153167,https://www.google.com/maps/search/?api=1&query=%E3%83%87%E3%83%A5%E3%83%BC%E9%98%AA%E6%80%A5%E5%B1%B1%E7%94%B0,施設名の一部一致を含むGoogle Mapsの所在地を優先
パリオCITY,福井県,福井市,found_google_maps_preferred,パリオCITY,福井県,福井市,福井県福井市松城町12-7,36.0622108,136.2407504,https://www.google.com/maps/search/?api=1&query=%E3%83%91%E3%83%AA%E3%82%AACITY,施設名の一部一致を含むGoogle Mapsの所在地を優先
フレンテ西宮,兵庫県,西宮市,found_google_maps_preferred,フレンテ西宮,兵庫県,西宮市,兵庫県西宮市池田町11-1,34.7383217,135.3485262,https://www.google.com/maps/search/?api=1&query=%E3%83%95%E3%83%AC%E3%83%B3%E3%83%86%E8%A5%BF%E5%AE%AE,施設名の一部一致を含むGoogle Mapsの所在地を優先
イオン東海店,茨城県,那珂郡東海村,found_google_maps_preferred,イオン東海店,茨城県,那珂郡東海村,茨城県那珂郡東海村舟石川駅東4丁目1-1,36.4638713,140.5668336,https://www.google.com/maps/search/?api=1&query=%E3%82%A4%E3%82%AA%E3%83%B3%E6%9D%B1%E6%B5%B7%E5%BA%97,施設名の一部一致を含むGoogle Mapsの所在地を優先
イオンタウン楽々園,広島県,広島市佐伯区,found_google_maps_preferred,イオンタウン楽々園,広島県,広島市佐伯区,広島県広島市佐伯区楽々園4丁目14-25,34.3626304,132.3530428,https://www.google.com/maps/search/?api=1&query=%E3%82%A4%E3%82%AA%E3%83%B3%E3%82%BF%E3%82%A6%E3%83%B3%E6%A5%BD%E3%80%85%E5%9C%92,施設名の一部一致を含むGoogle Mapsの所在地を優先
ベイシア西部モール,群馬県,伊勢崎市,found_google_maps_preferred,ベイシア西部モール,群馬県,伊勢崎市,群馬県伊勢崎市宮子町3423-15,36.3312630,139.1615758,https://www.google.com/maps/search/?api=1&query=%E3%83%99%E3%82%A4%E3%82%B7%E3%82%A2%E8%A5%BF%E9%83%A8%E3%83%A2%E3%83%BC%E3%83%AB,施設名の一部一致を含むGoogle Mapsの所在地を優先
イオン飯田店,長野県,飯田市,found_google_maps_preferred,イオン飯田店,長野県,飯田市,長野県飯田市上郷飯沼1575,35.5232042,137.8511384,https://www.google.com/maps/search/?api=1&query=%E3%82%A4%E3%82%AA%E3%83%B3%E9%A3%AF%E7%94%B0%E5%BA%97,施設名の一部一致を含むGoogle Mapsの所在地を優先
フレスポ赤道,新潟県,新潟市東区,found_google_maps_preferred,フレスポ赤道,新潟県,新潟市東区,新潟県新潟市東区上王瀬町2-49,37.9342490,139.0877669,https://www.google.com/maps/search/?api=1&query=%E3%83%95%E3%83%AC%E3%82%B9%E3%83%9D%E8%B5%A4%E9%81%93,施設名の一部一致を含むGoogle Mapsの所在地を優先
HEY WORLD!!,埼玉県,北本市,found_google_maps_preferred,HEY WORLD!!,埼玉県,北本市,埼玉県北本市深井6丁目87,36.0534576,139.5258658,https://www.google.com/maps/search/?api=1&query=HEY%20WORLD%21%21,施設名の一部一致を含むGoogle Mapsの所在地を優先
フロム中武,東京都,立川市,found_google_maps_preferred,フロム中武,東京都,立川市,東京都立川市曙町2丁目11-2,35.6998869,139.4148562,https://www.google.com/maps/search/?api=1&query=%E3%83%95%E3%83%AD%E3%83%A0%E4%B8%AD%E6%AD%A6,施設名の一部一致を含むGoogle Mapsの所在地を優先
EKICITY HIROSHIMA(エキシティ・ヒロシマ),広島県,広島市南区,found_google_maps_preferred,EKICITY HIROSHIMA(エキシティ・ヒロシマ),広島県,広島市南区,広島県広島市南区松原町3-1,34.3957835,132.4767615,https://www.google.com/maps/search/?api=1&query=EKICITY%20HIROSHIMA,施設名の一部一致を含むGoogle Mapsの所在地を優先
MEGAドン・キホーテUNY名張店,三重県,名張市,found_google_maps_preferred,MEGAドン・キホーテUNY名張店,三重県,名張市,三重県名張市下比奈知字黒田3100-1,34.6290273,136.1254143,https://www.google.com/maps/search/?api=1&query=MEGA%E3%83%89%E3%83%B3%E3%83%BB%E3%82%AD%E3%83%9B%E3%83%BC%E3%83%86UNY%E5%90%8D%E5%BC%B5%E5%BA%97,施設名の一部一致を含むGoogle Mapsの所在地を優先
イオンタウン鹿島台,宮城県,大崎市,found_google_maps_preferred,イオンタウン鹿島台,宮城県,大崎市,宮城県大崎市鹿島台木間塚小谷地259-1,38.4769132,141.1064012,https://www.google.com/maps/search/?api=1&query=%E3%82%A4%E3%82%AA%E3%83%B3%E3%82%BF%E3%82%A6%E3%83%B3%E9%B9%BF%E5%B3%B6%E5%8F%B0,施設名の一部一致を含むGoogle Mapsの所在地を優先
アクロスプラザ黒石,青森県,黒石市,found_google_maps_preferred,アクロスプラザ黒石,青森県,黒石市,青森県黒石市富士見103-3,40.6664109,140.6008211,https://www.google.com/maps/search/?api=1&query=%E3%82%A2%E3%82%AF%E3%83%AD%E3%82%B9%E3%83%97%E3%83%A9%E3%82%B6%E9%BB%92%E7%9F%B3,施設名の一部一致を含むGoogle Mapsの所在地を優先
マエダ本店,青森県,むつ市,found_google_maps_preferred,マエダ本店,青森県,むつ市,青森県むつ市小川町2丁目4-8,41.2927360,141.2078000,https://www.google.com/maps/search/?api=1&query=%E3%83%9E%E3%82%A8%E3%83%80%E6%9C%AC%E5%BA%97,施設名の一部一致を含むGoogle Mapsの所在地を優先
スーパーモール高萩,茨城県,高萩市,found_google_maps_preferred,スーパーモール高萩,茨城県,高萩市,茨城県高萩市下手綱1058,36.7287420,140.7145490,https://www.google.com/maps/search/?api=1&query=%E3%82%B9%E3%83%BC%E3%83%91%E3%83%BC%E3%83%A2%E3%83%BC%E3%83%AB%E9%AB%98%E8%90%A9,施設名の一部一致を含むGoogle Mapsの所在地を優先
イオンタウン湖西,静岡県,湖西市,found_google_maps_preferred,イオンタウン湖西,静岡県,湖西市,静岡県湖西市鷲津3085,34.7123572,137.5564455,https://www.google.com/maps/search/?api=1&query=%E3%82%A4%E3%82%AA%E3%83%B3%E3%82%BF%E3%82%A6%E3%83%B3%E6%B9%96%E8%A5%BF,施設名の一部一致を含むGoogle Mapsの所在地を優先
スーパーモールラッキー,秋田県,横手市,found_google_maps_preferred,スーパーモールラッキー,秋田県,横手市,秋田県横手市十文字町仁井田字東22-1,39.2161810,140.5207294,https://www.google.com/maps/search/?api=1&query=%E3%82%B9%E3%83%BC%E3%83%91%E3%83%BC%E3%83%A2%E3%83%BC%E3%83%AB%E3%83%A9%E3%83%83%E3%82%AD%E3%83%BC,施設名の一部一致を含むGoogle Mapsの所在地を優先
サンリブ五日市,広島県,広島市佐伯区,found_google_maps_preferred,サンリブ五日市,広島県,広島市佐伯区,広島県広島市佐伯区八幡1丁目24-17,34.3869029,132.3583713,https://www.google.com/maps/search/?api=1&query=%E3%82%B5%E3%83%B3%E3%83%AA%E3%83%96%E4%BA%94%E6%97%A5%E5%B8%82,施設名の一部一致を含むGoogle Mapsの所在地を優先
イオン東札幌店,北海道,札幌市白石区,found_google_maps_preferred,イオン東札幌店,北海道,札幌市白石区,北海道札幌市白石区東札幌3条2丁目1,43.0527293,141.3848848,https://www.google.com/maps/search/?api=1&query=%E3%82%A4%E3%82%AA%E3%83%B3%E6%9D%B1%E6%9C%AD%E5%B9%8C%E5%BA%97,施設名の一部一致を含むGoogle Mapsの所在地を優先
イオンタウンとよみ,沖縄県,豊見城市,found_google_maps_preferred,イオンタウンとよみ,沖縄県,豊見城市,沖縄県豊見城市根差部710,26.1897968,127.6878502,https://www.google.com/maps/search/?api=1&query=%E3%82%A4%E3%82%AA%E3%83%B3%E3%82%BF%E3%82%A6%E3%83%B3%E3%81%A8%E3%82%88%E3%81%BF,施設名の一部一致を含むGoogle Mapsの所在地を優先
ゆめモール柳川,福岡県,柳川市,found_google_maps_preferred,ゆめモール柳川,福岡県,柳川市,福岡県柳川市三橋町蒲船津1408-6,33.1615240,130.4237788,https://www.google.com/maps/search/?api=1&query=%E3%82%86%E3%82%81%E3%83%A2%E3%83%BC%E3%83%AB%E6%9F%B3%E5%B7%9D,施設名の一部一致を含むGoogle Mapsの所在地を優先
枚方モール,大阪府,枚方市,found_google_maps_preferred,枚方モール,大阪府,枚方市,大阪府枚方市岡東町19-1,34.8168012,135.6494278,https://www.google.com/maps/search/?api=1&query=%E6%9E%9A%E6%96%B9%E3%83%A2%E3%83%BC%E3%83%AB,施設名の一部一致を含むGoogle Mapsの所在地を優先
アドバンスねやがわ,大阪府,寝屋川市,found_google_maps_preferred,アドバンスねやがわ,大阪府,寝屋川市,大阪府寝屋川市早子町23-1,34.7642569,135.6216564,https://www.google.com/maps/search/?api=1&query=%E3%82%A2%E3%83%89%E3%83%90%E3%83%B3%E3%82%B9%E3%81%AD%E3%82%84%E3%81%8C%E3%82%8F,施設名の一部一致を含むGoogle Mapsの所在地を優先
仙台南吉成タウンプラザ,宮城県,仙台市青葉区,found_google_maps_preferred,仙台南吉成タウンプラザ,宮城県,仙台市青葉区,宮城県仙台市青葉区南吉成3丁目1-1,38.2865109,140.8160409,https://www.google.com/maps/search/?api=1&query=%E4%BB%99%E5%8F%B0%E5%8D%97%E5%90%89%E6%88%90%E3%82%BF%E3%82%A6%E3%83%B3%E3%83%97%E3%83%A9%E3%82%B6,施設名の一部一致を含むGoogle Mapsの所在地を優先
フレスポしんかな,大阪府,堺市北区,found_google_maps_preferred,フレスポしんかな,大阪府,堺市北区,大阪府堺市北区新金岡町5丁1-1,34.5656316,135.5154949,https://www.google.com/maps/search/?api=1&query=%E3%83%95%E3%83%AC%E3%82%B9%E3%83%9D%E3%81%97%E3%82%93%E3%81%8B%E3%81%AA,施設名の一部一致を含むGoogle Mapsの所在地を優先
イオンタウン野洲,滋賀県,野洲市,found_google_maps_preferred,イオンタウン野洲,滋賀県,野洲市,滋賀県野洲市乙窪480-1,35.1023331,136.0071071,https://www.google.com/maps/search/?api=1&query=%E3%82%A4%E3%82%AA%E3%83%B3%E3%82%BF%E3%82%A6%E3%83%B3%E9%87%8E%E6%B4%B2,施設名の一部一致を含むGoogle Mapsの所在地を優先
ベスタ狭山,埼玉県,狭山市,found_google_maps_preferred,ベスタ狭山,埼玉県,狭山市,埼玉県狭山市入間川1025,35.8620352,139.4272591,https://www.google.com/maps/search/?api=1&query=%E3%83%99%E3%82%B9%E3%82%BF%E7%8B%AD%E5%B1%B1,施設名の一部一致を含むGoogle Mapsの所在地を優先
水戸オーパ,茨城県,水戸市,found_google_maps_preferred,水戸オーパ,茨城県,水戸市,茨城県水戸市宮町1丁目7-33,36.3701258,140.4755358,https://www.google.com/maps/search/?api=1&query=%E6%B0%B4%E6%88%B8%E3%82%AA%E3%83%BC%E3%83%91,施設名の一部一致を含むGoogle Mapsの所在地を優先
フォルテワジマ,和歌山県,和歌山市,found_google_maps_preferred,フォルテワジマ,和歌山県,和歌山市,和歌山県和歌山市本町2丁目1,34.2342360,135.1740562,https://www.google.com/maps/search/?api=1&query=%E3%83%95%E3%82%A9%E3%83%AB%E3%83%86%E3%83%AF%E3%82%B8%E3%83%9E,施設名の一部一致を含むGoogle Mapsの所在地を優先
いとく大館ショッピングセンター,秋田県,大館市,found_google_maps_preferred,いとく大館ショッピングセンター,秋田県,大館市,秋田県大館市御成町3丁目7-58,40.2808266,140.5603807,https://www.google.com/maps/search/?api=1&query=%E3%81%84%E3%81%A8%E3%81%8F%E5%A4%A7%E9%A4%A8%E3%82%B7%E3%83%A7%E3%83%83%E3%83%94%E3%83%B3%E3%82%B0%E3%82%BB%E3%83%B3%E3%82%BF%E3%83%BC,施設名の一部一致を含むGoogle Mapsの所在地を優先
フィール旭川,北海道,旭川市,found_google_maps_preferred,フィール旭川,北海道,旭川市,北海道旭川市1条通8丁目108,43.7657394,142.3599610,https://www.google.com/maps/search/?api=1&query=%E3%83%95%E3%82%A3%E3%83%BC%E3%83%AB%E6%97%AD%E5%B7%9D,施設名の一部一致を含むGoogle Mapsの所在地を優先
アル・プラザ水口,滋賀県,甲賀市,found_google_maps_preferred,アル・プラザ水口,滋賀県,甲賀市,滋賀県甲賀市水口町本綾野566-1,34.9769380,136.1700096,https://www.google.com/maps/search/?api=1&query=%E3%82%A2%E3%83%AB%E3%83%BB%E3%83%97%E3%83%A9%E3%82%B6%E6%B0%B4%E5%8F%A3,施設名の一部一致を含むGoogle Mapsの所在地を優先
イオン鴻池店,大阪府,東大阪市,found_google_maps_preferred,イオン鴻池店,大阪府,東大阪市,大阪府東大阪市鴻池町1丁目1-72,34.6989423,135.6037187,https://www.google.com/maps/search/?api=1&query=%E3%82%A4%E3%82%AA%E3%83%B3%E9%B4%BB%E6%B1%A0%E5%BA%97,施設名の一部一致を含むGoogle Mapsの所在地を優先
さんすて福山,広島県,福山市,found_google_maps_preferred,さんすて福山,広島県,福山市,広島県福山市三之丸町30-1,34.4893055,133.3632140,https://www.google.com/maps/search/?api=1&query=%E3%81%95%E3%82%93%E3%81%99%E3%81%A6%E7%A6%8F%E5%B1%B1,施設名の一部一致を含むGoogle Mapsの所在地を優先
さんすて岡山,岡山県,岡山市北区,found_google_maps_preferred,さんすて岡山,岡山県,岡山市北区,岡山県岡山市北区駅元町1-1,34.6658153,133.9173833,https://www.google.com/maps/search/?api=1&query=%E3%81%95%E3%82%93%E3%81%99%E3%81%A6%E5%B2%A1%E5%B1%B1,施設名の一部一致を含むGoogle Mapsの所在地を優先
かみしんプラザ,大阪府,大阪市東淀川区,found_google_maps_preferred,かみしんプラザ,大阪府,大阪市東淀川区,大阪府大阪市東淀川区大隅1丁目6-12,34.7481629,135.5418869,https://www.google.com/maps/search/?api=1&query=%E3%81%8B%E3%81%BF%E3%81%97%E3%82%93%E3%83%97%E3%83%A9%E3%82%B6,施設名の一部一致を含むGoogle Mapsの所在地を優先。PDF/OCR由来のmatch_key県を補正
ekie (エキエ),広島県,広島市南区,found_google_maps_preferred,ekie (エキエ),広島県,広島市南区,広島県広島市南区松原町1-2,34.3978151,132.4764948,https://www.google.com/maps/search/?api=1&query=ekie%20%E3%82%A8%E3%82%AD%E3%82%A8,施設名の一部一致を含むGoogle Mapsの所在地を優先。PDF/OCR由来のmatch_key県を補正
ミーナ町田,東京都,町田市,found_google_maps_preferred,ミーナ町田,東京都,町田市,東京都町田市原町田4丁目1-17,35.5407010,139.4486078,https://www.google.com/maps/search/?api=1&query=%E3%83%9F%E3%83%BC%E3%83%8A%E7%94%BA%E7%94%B0,施設名の一部一致を含むGoogle Mapsの所在地を優先
ルミネ有楽町,東京都,千代田区,found_google_maps_preferred,ルミネ有楽町,東京都,千代田区,東京都千代田区有楽町2丁目5-1,35.6734913,139.7629548,https://www.google.com/maps/search/?api=1&query=%E3%83%AB%E3%83%9F%E3%83%8D%E6%9C%89%E6%A5%BD%E7%94%BA,施設名の一部一致を含むGoogle Mapsの所在地を優先
イオン半田店,愛知県,半田市,found_google_maps_preferred,イオン半田店,愛知県,半田市,愛知県半田市有楽町8丁目7,34.8691851,136.9176875,https://www.google.com/maps/search/?api=1&query=%E3%82%A4%E3%82%AA%E3%83%B3%E5%8D%8A%E7%94%B0%E5%BA%97,施設名の一部一致を含むGoogle Mapsの所在地を優先
千島ガーデンモール,大阪府,大阪市大正区,found_google_maps_preferred,千島ガーデンモール,大阪府,大阪市大正区,大阪府大阪市大正区千島1丁目23-115,34.6522217,135.4750617,https://www.google.com/maps/search/?api=1&query=%E5%8D%83%E5%B3%B6%E3%82%AC%E3%83%BC%E3%83%87%E3%83%B3%E3%83%A2%E3%83%BC%E3%83%AB,施設名の一部一致を含むGoogle Mapsの所在地を優先。PDF/OCR由来のmatch_key県を補正
MIDORI長野,長野県,長野市,found_google_maps_preferred,MIDORI長野,長野県,長野市,長野県長野市南千歳1丁目22-6,36.6438961,138.1889036,https://www.google.com/maps/search/?api=1&query=MIDORI%E9%95%B7%E9%87%8E,施設名の一部一致を含むGoogle Mapsの所在地を優先
KIPPY MALL(キッピーモール),兵庫県,三田市,found_google_maps_preferred,KIPPY MALL(キッピーモール),兵庫県,三田市,兵庫県三田市駅前町2-1,34.8880597,135.2289056,https://www.google.com/maps/search/?api=1&query=KIPPY%20MALL,施設名の一部一致を含むGoogle Mapsの所在地を優先
パワーセンター松阪,三重県,松阪市,found_google_maps_preferred,パワーセンター松阪,三重県,松阪市,三重県松阪市川井町字上大坪714,34.5771936,136.5176392,https://www.google.com/maps/search/?api=1&query=%E3%83%91%E3%83%AF%E3%83%BC%E3%82%BB%E3%83%B3%E3%82%BF%E3%83%BC%E6%9D%BE%E9%98%AA,施設名の一部一致を含むGoogle Mapsの所在地を優先
ピアゴ福釜店,愛知県,安城市,found_google_maps_preferred,ピアゴ福釜店,愛知県,安城市,愛知県安城市福釜町矢場16-5,34.9507113,137.0614379,https://www.google.com/maps/search/?api=1&query=%E3%83%94%E3%82%A2%E3%82%B4%E7%A6%8F%E9%87%9C%E5%BA%97,施設名の一部一致を含むGoogle Mapsの所在地を優先
ケーズタウン若里,長野県,長野市,found_google_maps_preferred,ケーズタウン若里,長野県,長野市,長野県長野市若里3丁目22-1,36.6313873,138.1964158,https://www.google.com/maps/search/?api=1&query=%E3%82%B1%E3%83%BC%E3%82%BA%E3%82%BF%E3%82%A6%E3%83%B3%E8%8B%A5%E9%87%8C,施設名の一部一致を含むGoogle Mapsの所在地を優先
モンテメール,兵庫県,芦屋市,found_google_maps_preferred,モンテメール,兵庫県,芦屋市,兵庫県芦屋市船戸町1-31,34.7346419,135.3076250,https://www.google.com/maps/search/?api=1&query=%E3%83%A2%E3%83%B3%E3%83%86%E3%83%A1%E3%83%BC%E3%83%AB,施設名の一部一致を含むGoogle Mapsの所在地を優先
秋田オーパ,秋田県,秋田市,found_google_maps_preferred,秋田オーパ,秋田県,秋田市,秋田県秋田市千秋久保田町4-2,39.7178989,140.1282155,https://www.google.com/maps/search/?api=1&query=%E7%A7%8B%E7%94%B0%E3%82%AA%E3%83%BC%E3%83%91,施設名の一部一致を含むGoogle Mapsの所在地を優先。PDF/OCR名の余分な県名を補正
マーケットシティ古河,茨城県,古河市,found_google_maps_preferred,マーケットシティ古河,茨城県,古河市,茨城県古河市松並2丁目18-10,36.2091933,139.7077734,https://www.google.com/maps/search/?api=1&query=%E3%83%9E%E3%83%BC%E3%82%B1%E3%83%83%E3%83%88%E3%82%B7%E3%83%86%E3%82%A3%E5%8F%A4%E6%B2%B3,施設名の一部一致を含むGoogle Mapsの所在地を優先
イズミヤショッピングセンター長岡,京都府,長岡京市,found_google_maps_preferred,イズミヤショッピングセンター長岡,京都府,長岡京市,京都府長岡京市開田4丁目7-1,34.9230647,135.6924643,https://www.google.com/maps/search/?api=1&query=%E3%82%A4%E3%82%BA%E3%83%9F%E3%83%A4%E3%82%B7%E3%83%A7%E3%83%83%E3%83%94%E3%83%B3%E3%82%B0%E3%82%BB%E3%83%B3%E3%82%BF%E3%83%BC%E9%95%B7%E5%B2%A1,施設名の一部一致を含むGoogle Mapsの所在地を優先
イオンタウン東習志野,千葉県,習志野市,found_google_maps_preferred,イオンタウン東習志野,千葉県,習志野市,千葉県習志野市東習志野6丁目7-8,35.6997952,140.0671665,https://www.google.com/maps/search/?api=1&query=%E3%82%A4%E3%82%AA%E3%83%B3%E3%82%BF%E3%82%A6%E3%83%B3%E6%9D%B1%E7%BF%92%E5%BF%97%E9%87%8E,施設名の一部一致を含むGoogle Mapsの所在地を優先
焼津さかなセンター,静岡県,焼津市,found_google_maps_preferred,焼津さかなセンター,静岡県,焼津市,静岡県焼津市八楠4丁目13-7,34.8801254,138.3031681,https://www.google.com/maps/search/?api=1&query=%E7%84%BC%E6%B4%A5%E3%81%95%E3%81%8B%E3%81%AA%E3%82%BB%E3%83%B3%E3%82%BF%E3%83%BC,施設名の一部一致を含むGoogle Mapsの所在地を優先
アクロスプラザ稲沢,愛知県,稲沢市,found_google_maps_preferred,アクロスプラザ稲沢,愛知県,稲沢市,愛知県稲沢市大塚南5丁目1-1,35.2399784,136.8009730,https://www.google.com/maps/search/?api=1&query=%E3%82%A2%E3%82%AF%E3%83%AD%E3%82%B9%E3%83%97%E3%83%A9%E3%82%B6%E7%A8%B2%E6%B2%A2,施設名の一部一致を含むGoogle Mapsの所在地を優先
あべのベルタ,大阪府,大阪市阿倍野区,found_google_maps_preferred,あべのベルタ,大阪府,大阪市阿倍野区,大阪府大阪市阿倍野区阿倍野筋3丁目10-1,34.6424402,135.5114054,https://www.google.com/maps/search/?api=1&query=%E3%81%82%E3%81%B9%E3%81%AE%E3%83%99%E3%83%AB%E3%82%BF,施設名の一部一致を含むGoogle Mapsの所在地を優先
天保山マーケットプレース,大阪府,大阪市港区,found_google_maps_preferred,天保山マーケットプレース,大阪府,大阪市港区,大阪府大阪市港区海岸通1丁目1-10,34.6559721,135.4302983,https://www.google.com/maps/search/?api=1&query=%E5%A4%A9%E4%BF%9D%E5%B1%B1%E3%83%9E%E3%83%BC%E3%82%B1%E3%83%83%E3%83%88%E3%83%97%E3%83%AC%E3%83%BC%E3%82%B9,施設名の一部一致を含むGoogle Mapsの所在地を優先
プラッツ五香,千葉県,松戸市,found_google_maps_preferred,プラッツ五香,千葉県,松戸市,千葉県松戸市五香8丁目44-6,35.7967239,139.9815190,https://www.google.com/maps/search/?api=1&query=%E3%83%97%E3%83%A9%E3%83%83%E3%83%84%E4%BA%94%E9%A6%99,施設名の一部一致を含むGoogle Mapsの所在地を優先
MEGAドン・キホーテUNY本庄店,埼玉県,本庄市,found_google_maps_preferred,MEGAドン・キホーテUNY本庄店,埼玉県,本庄市,埼玉県本庄市南1丁目2-10,36.2366616,139.1826194,https://www.google.com/maps/search/?api=1&query=MEGA%E3%83%89%E3%83%B3%E3%83%BB%E3%82%AD%E3%83%9B%E3%83%BC%E3%83%86UNY%E6%9C%AC%E5%BA%84%E5%BA%97,施設名の一部一致を含むGoogle Mapsの所在地を優先
ベルビア,長野県,茅野市,found_google_maps_preferred,ベルビア,長野県,茅野市,長野県茅野市ちの3502-1,35.9939000,138.1515660,https://www.google.com/maps/search/?api=1&query=%E3%83%99%E3%83%AB%E3%83%93%E3%82%A2,施設名の一部一致を含むGoogle Mapsの所在地を優先
アル・プラザ栗東,滋賀県,栗東市,found_google_maps_preferred,アル・プラザ栗東,滋賀県,栗東市,滋賀県栗東市綣2丁目3-22,35.0366112,135.9816546,https://www.google.com/maps/search/?api=1&query=%E3%82%A2%E3%83%AB%E3%83%BB%E3%83%97%E3%83%A9%E3%82%B6%E6%A0%97%E6%9D%B1,施設名の一部一致を含むGoogle Mapsの所在地を優先
イオンタウン新庄,山形県,新庄市,found_google_maps_preferred,イオンタウン新庄,山形県,新庄市,山形県新庄市五日町字清水川1291-2,38.7728951,140.3090492,https://www.google.com/maps/search/?api=1&query=%E3%82%A4%E3%82%AA%E3%83%B3%E3%82%BF%E3%82%A6%E3%83%B3%E6%96%B0%E5%BA%84,施設名の一部一致を含むGoogle Mapsの所在地を優先
フォンテAKITA,秋田県,秋田市,found_google_maps_preferred,フォンテAKITA,秋田県,秋田市,秋田県秋田市中通2丁目8-1,39.7162960,140.1276259,https://www.google.com/maps/search/?api=1&query=%E3%83%95%E3%82%A9%E3%83%B3%E3%83%86AKITA,施設名の一部一致を含むGoogle Mapsの所在地を優先
ゆめタウン遠賀,福岡県,遠賀郡遠賀町,found_google_maps_preferred,ゆめタウン遠賀,福岡県,遠賀郡遠賀町,福岡県遠賀郡遠賀町松の本1丁目1-1,33.8522141,130.6696166,https://www.google.com/maps/search/?api=1&query=%E3%82%86%E3%82%81%E3%82%BF%E3%82%A6%E3%83%B3%E9%81%A0%E8%B3%80,施設名の一部一致を含むGoogle Mapsの所在地を優先
岡崎シビコ,愛知県,岡崎市,found_google_maps_preferred,岡崎シビコ,愛知県,岡崎市,愛知県岡崎市康生通西2丁目20-2,34.9592887,137.1631189,https://www.google.com/maps/search/?api=1&query=%E5%B2%A1%E5%B4%8E%E3%82%B7%E3%83%93%E3%82%B3,施設名の一部一致を含むGoogle Mapsの所在地を優先
イオンタウン那須,栃木県,那須郡那須町,found_google_maps_preferred,イオンタウン那須,栃木県,那須郡那須町,栃木県那須郡那須町高久甲484-1,36.9851808,140.0621767,https://www.google.com/maps/search/?api=1&query=%E3%82%A4%E3%82%AA%E3%83%B3%E3%82%BF%E3%82%A6%E3%83%B3%E9%82%A3%E9%A0%88,施設名の一部一致を含むGoogle Mapsの所在地を優先
イオンタウン上板,徳島県,板野郡上板町,found_google_maps_preferred,イオンタウン上板,徳島県,板野郡上板町,徳島県板野郡上板町椎本中ノ内3,34.1149186,134.4368395,https://www.google.com/maps/search/?api=1&query=%E3%82%A4%E3%82%AA%E3%83%B3%E3%82%BF%E3%82%A6%E3%83%B3%E4%B8%8A%E6%9D%BF,施設名の一部一致を含むGoogle Mapsの所在地を優先
フジ竹原店,広島県,竹原市,found_google_maps_preferred,フジ竹原店,広島県,竹原市,広島県竹原市下野町3308,34.3481329,132.9030719,https://www.google.com/maps/search/?api=1&query=%E3%83%95%E3%82%B8%E7%AB%B9%E5%8E%9F%E5%BA%97,施設名の一部一致を含むGoogle Mapsの所在地を優先
フジ砥部店,愛媛県,伊予郡砥部町,found_google_maps_preferred,フジ砥部店,愛媛県,伊予郡砥部町,愛媛県伊予郡砥部町重光239,33.7848549,132.7857264,https://www.google.com/maps/search/?api=1&query=%E3%83%95%E3%82%B8%E7%A0%A5%E9%83%A8%E5%BA%97,施設名の一部一致を含むGoogle Mapsの所在地を優先
イオンタウン川之江,愛媛県,四国中央市,found_google_maps_preferred,イオンタウン川之江,愛媛県,四国中央市,愛媛県四国中央市妻鳥町上樋之上1795-1,33.9867684,133.5724988,https://www.google.com/maps/search/?api=1&query=%E3%82%A4%E3%82%AA%E3%83%B3%E3%82%BF%E3%82%A6%E3%83%B3%E5%B7%9D%E4%B9%8B%E6%B1%9F,施設名の一部一致を含むGoogle Mapsの所在地を優先
アクロスプラザ五所川原,青森県,五所川原市,found_google_maps_preferred,アクロスプラザ五所川原,青森県,五所川原市,青森県五所川原市唐笠柳藤巻627,40.8013034,140.4615798,https://www.google.com/maps/search/?api=1&query=%E3%82%A2%E3%82%AF%E3%83%AD%E3%82%B9%E3%83%97%E3%83%A9%E3%82%B6%E4%BA%94%E6%89%80%E5%B7%9D%E5%8E%9F,施設名の一部一致を含むGoogle Mapsの所在地を優先
イオンタウン長野三輪,長野県,長野市,found_google_maps_preferred,イオンタウン長野三輪,長野県,長野市,長野県長野市三輪9丁目43-24,36.6697601,138.2075594,https://www.google.com/maps/search/?api=1&query=%E3%82%A4%E3%82%AA%E3%83%B3%E3%82%BF%E3%82%A6%E3%83%B3%E9%95%B7%E9%87%8E%E4%B8%89%E8%BC%AA,施設名の一部一致を含むGoogle Mapsの所在地を優先
E Beans (イービーンズ),宮城県,仙台市青葉区,found_google_maps_preferred,E Beans (イービーンズ),宮城県,仙台市青葉区,宮城県仙台市青葉区中央4丁目1-1,38.2586364,140.8798207,https://www.google.com/maps/search/?api=1&query=E%20Beans%20%E3%82%A4%E3%83%BC%E3%83%93%E3%83%BC%E3%83%B3%E3%82%BA,施設名の一部一致を含むGoogle Mapsの所在地を優先
丸の内オアゾ,東京都,千代田区,found_google_maps_preferred,丸の内オアゾ,東京都,千代田区,東京都千代田区丸の内1丁目6-4,35.6834277,139.7665393,https://www.google.com/maps/search/?api=1&query=%E4%B8%B8%E3%81%AE%E5%86%85%E3%82%AA%E3%82%A2%E3%82%BE,施設名の一部一致を含むGoogle Mapsの所在地を優先
ラグーナフェスティバルマーケット,愛知県,蒲郡市,found_google_maps_preferred,ラグーナフェスティバルマーケット,愛知県,蒲郡市,愛知県蒲郡市海陽町2丁目2,34.8090506,137.2742171,https://www.google.com/maps/search/?api=1&query=%E3%83%A9%E3%82%B0%E3%83%BC%E3%83%8A%E3%83%95%E3%82%A7%E3%82%B9%E3%83%86%E3%82%A3%E3%83%90%E3%83%AB%E3%83%9E%E3%83%BC%E3%82%B1%E3%83%83%E3%83%88,施設名の一部一致を含むGoogle Mapsの所在地を優先
ゆめタウン大川,福岡県,大川市,found_google_maps_preferred,ゆめタウン大川,福岡県,大川市,福岡県大川市大字上巻字野口430-1,33.2029137,130.3881526,https://www.google.com/maps/search/?api=1&query=%E3%82%86%E3%82%81%E3%82%BF%E3%82%A6%E3%83%B3%E5%A4%A7%E5%B7%9D,施設名の一部一致を含むGoogle Mapsの所在地を優先
イオン横手店,秋田県,横手市,found_google_maps_preferred,イオン横手店,秋田県,横手市,秋田県横手市安田字向田147,39.2983715,140.5541243,https://www.google.com/maps/search/?api=1&query=%E3%82%A4%E3%82%AA%E3%83%B3%E6%A8%AA%E6%89%8B%E5%BA%97,施設名の一部一致を含むGoogle Mapsの所在地を優先
パストラル星置,北海道,札幌市手稲区,found_google_maps_preferred,パストラル星置,北海道,札幌市手稲区,北海道札幌市手稲区手稲山口495-3,43.1387732,141.2139536,https://www.google.com/maps/search/?api=1&query=%E3%83%91%E3%82%B9%E3%83%88%E3%83%A9%E3%83%AB%E6%98%9F%E7%BD%AE,施設名の一部一致を含むGoogle Mapsの所在地を優先
西友吉祥寺店,東京都,武蔵野市,found_google_maps_preferred,西友吉祥寺店,東京都,武蔵野市,東京都武蔵野市吉祥寺本町1丁目12-10,35.7058035,139.5813003,https://www.google.com/maps/search/?api=1&query=%E8%A5%BF%E5%8F%8B%E5%90%89%E7%A5%A5%E5%AF%BA%E5%BA%97,施設名の一部一致を含むGoogle Mapsの所在地を優先
鉄東ショッピングセンター,北海道,札幌市東区,found_google_maps_preferred,鉄東ショッピングセンター,北海道,札幌市東区,北海道札幌市東区北9条東5丁目,43.0735658,141.3615155,https://www.google.com/maps/search/?api=1&query=%E9%89%84%E6%9D%B1%E3%82%B7%E3%83%A7%E3%83%83%E3%83%94%E3%83%B3%E3%82%B0%E3%82%BB%E3%83%B3%E3%82%BF%E3%83%BC,施設名の一部一致を含むGoogle Mapsの所在地を優先
駒場ショッピングタウン アルサキット,北海道,網走市,found_google_maps_preferred,駒場ショッピングタウン アルサキット,北海道,網走市,北海道網走市駒場北5丁目83-1,44.0018962,144.2844406,https://www.google.com/maps/search/?api=1&query=%E9%A7%92%E5%A0%B4%E3%82%B7%E3%83%A7%E3%83%83%E3%83%94%E3%83%B3%E3%82%B0%E3%82%BF%E3%82%A6%E3%83%B3%20%E3%82%A2%E3%83%AB%E3%82%B5%E3%82%AD%E3%83%83%E3%83%88,施設名の一部一致を含むGoogle Mapsの所在地を優先
ゆめタウン吉田,広島県,安芸高田市,found_google_maps_preferred,ゆめタウン吉田,広島県,安芸高田市,広島県安芸高田市吉田町吉田594-1,34.6684119,132.7015559,https://www.google.com/maps/search/?api=1&query=%E3%82%86%E3%82%81%E3%82%BF%E3%82%A6%E3%83%B3%E5%90%89%E7%94%B0,施設名の一部一致を含むGoogle Mapsの所在地を優先
フジグラン尾道,広島県,尾道市,found_google_maps_preferred,フジグラン尾道,広島県,尾道市,広島県尾道市東尾道19-7,34.4254754,133.2388126,https://www.google.com/maps/search/?api=1&query=%E3%83%95%E3%82%B8%E3%82%B0%E3%83%A9%E3%83%B3%E5%B0%BE%E9%81%93,施設名の一部一致を含むGoogle Mapsの所在地を優先
ザ・ビッグ大内店,山口県,山口市,found_google_maps_preferred,ザ・ビッグ大内店,山口県,山口市,山口県山口市大内長野581,34.1549177,131.5161037,https://www.google.com/maps/search/?api=1&query=%E3%82%B6%E3%83%BB%E3%83%93%E3%83%83%E3%82%B0%E5%A4%A7%E5%86%85%E5%BA%97,施設名の一部一致を含むGoogle Mapsの所在地を優先
ショッピングタウン北の森,富山県,富山市,found_google_maps_preferred,ショッピングタウン北の森,富山県,富山市,富山県富山市森3丁目2-11,36.7468808,137.2331768,https://www.google.com/maps/search/?api=1&query=%E3%82%B7%E3%83%A7%E3%83%83%E3%83%94%E3%83%B3%E3%82%B0%E3%82%BF%E3%82%A6%E3%83%B3%E5%8C%97%E3%81%AE%E6%A3%AE,施設名の一部一致を含むGoogle Mapsの所在地を優先
スーパーモール鳥取,鳥取県,鳥取市,found_google_maps_preferred,スーパーモール鳥取,鳥取県,鳥取市,鳥取県鳥取市古海590,35.4953385,134.2037209,https://www.google.com/maps/search/?api=1&query=%E3%82%B9%E3%83%BC%E3%83%91%E3%83%BC%E3%83%A2%E3%83%BC%E3%83%AB%E9%B3%A5%E5%8F%96,施設名の一部一致を含むGoogle Mapsの所在地を優先
ヤエチカ,東京都,中央区,found_google_maps_preferred,ヤエチカ,東京都,中央区,東京都中央区八重洲2丁目1,35.6793985,139.7684979,https://www.google.com/maps/search/?api=1&query=%E3%83%A4%E3%82%A8%E3%83%81%E3%82%AB,施設名の一部一致を含むGoogle Mapsの所在地を優先
ダイエー光明池店,大阪府,和泉市,found_google_maps_preferred,ダイエー光明池店,大阪府,和泉市,大阪府和泉市室堂町841-1,34.4730602,135.4750624,https://www.google.com/maps/search/?api=1&query=%E3%83%80%E3%82%A4%E3%82%A8%E3%83%BC%E5%85%89%E6%98%8E%E6%B1%A0%E5%BA%97,施設名の一部一致を含むGoogle Mapsの所在地を優先
コープさっぽろエルフィン店,北海道,北広島市,found_google_maps_preferred,コープさっぽろエルフィン店,北海道,北広島市,北海道北広島市栄町1丁目4-1,42.9753606,141.5626779,https://www.google.com/maps/search/?api=1&query=%E3%82%B3%E3%83%BC%E3%83%97%E3%81%95%E3%81%A3%E3%81%BD%E3%82%8D%E3%82%A8%E3%83%AB%E3%83%95%E3%82%A3%E3%83%B3%E5%BA%97,施設名の一部一致を含むGoogle Mapsの所在地を優先
塚口さんさんタウン,兵庫県,尼崎市,found_google_maps_preferred,塚口さんさんタウン,兵庫県,尼崎市,兵庫県尼崎市南塚口町2丁目1-1,34.7517394,135.4165920,https://www.google.com/maps/search/?api=1&query=%E5%A1%9A%E5%8F%A3%E3%81%95%E3%82%93%E3%81%95%E3%82%93%E3%82%BF%E3%82%A6%E3%83%B3,施設名の一部一致を含むGoogle Mapsの所在地を優先
イオンタウン各務原,岐阜県,各務原市,found_google_maps_preferred,イオンタウン各務原,岐阜県,各務原市,岐阜県各務原市鵜沼西町3丁目309,35.4012504,136.9353052,https://www.google.com/maps/search/?api=1&query=%E3%82%A4%E3%82%AA%E3%83%B3%E3%82%BF%E3%82%A6%E3%83%B3%E5%90%84%E5%8B%99%E5%8E%9F,施設名の一部一致を含むGoogle Mapsの所在地を優先
ビア長池,東京都,八王子市,found_google_maps_preferred,ビア長池,東京都,八王子市,東京都八王子市別所2丁目1,35.6240729,139.4007888,https://www.google.com/maps/search/?api=1&query=%E3%83%93%E3%82%A2%E9%95%B7%E6%B1%A0,施設名の一部一致を含むGoogle Mapsの所在地を優先
ゆりまち袖ケ浦駅前モール,千葉県,袖ヶ浦市,found_google_maps_preferred,ゆりまち袖ケ浦駅前モール,千葉県,袖ヶ浦市,千葉県袖ケ浦市袖ケ浦駅前1丁目39-10,35.4323552,139.9556846,https://www.google.com/maps/search/?api=1&query=%E3%82%86%E3%82%8A%E3%81%BE%E3%81%A1%E8%A2%96%E3%82%B1%E6%B5%A6%E9%A7%85%E5%89%8D%E3%83%A2%E3%83%BC%E3%83%AB,施設名の一部一致を含むGoogle Mapsの所在地を優先
ダイエー宝塚中山店,兵庫県,宝塚市,found_google_maps_preferred,ダイエー宝塚中山店,兵庫県,宝塚市,兵庫県宝塚市売布東の町21-22,34.8169866,135.3675523,https://www.google.com/maps/search/?api=1&query=%E3%83%80%E3%82%A4%E3%82%A8%E3%83%BC%E5%AE%9D%E5%A1%9A%E4%B8%AD%E5%B1%B1%E5%BA%97,施設名の一部一致を含むGoogle Mapsの所在地を優先
セルバ,宮城県,仙台市泉区,found_google_maps_preferred,セルバ,宮城県,仙台市泉区,宮城県仙台市泉区泉中央1丁目4-1,38.3236495,140.8822479,https://www.google.com/maps/search/?api=1&query=%E3%82%BB%E3%83%AB%E3%83%90%20%E4%BB%99%E5%8F%B0%E5%B8%82%E6%B3%89%E5%8C%BA,施設名の一部一致を含むGoogle Mapsの所在地を優先
Vタウン芥見店,岐阜県,岐阜市,found_google_maps_preferred,Vタウン芥見店,岐阜県,岐阜市,岐阜県岐阜市芥見南山2丁目1-8,35.4560592,136.8515993,https://www.google.com/maps/search/?api=1&query=V%E3%82%BF%E3%82%A6%E3%83%B3%E8%8A%A5%E8%A6%8B%E5%BA%97,施設名の一部一致を含むGoogle Mapsの所在地を優先
サングリーン,広島県,三次市,found_google_maps_preferred,サングリーン,広島県,三次市,広島県三次市十日市東4丁目1-30,34.8042559,132.8594150,https://www.google.com/maps/search/?api=1&query=%E3%82%B5%E3%83%B3%E3%82%B0%E3%83%AA%E3%83%BC%E3%83%B3%20%E4%B8%89%E6%AC%A1,施設名の一部一致を含むGoogle Mapsの所在地を優先
イオン東長崎ショッピングセンター,長崎県,長崎市,found_google_maps_preferred,イオン東長崎ショッピングセンター,長崎県,長崎市,長崎県長崎市田中町1027-8,32.7682399,129.9523233,https://www.google.com/maps/search/?api=1&query=%E3%82%A4%E3%82%AA%E3%83%B3%E6%9D%B1%E9%95%B7%E5%B4%8E%E3%82%B7%E3%83%A7%E3%83%83%E3%83%94%E3%83%B3%E3%82%B0%E3%82%BB%E3%83%B3%E3%82%BF%E3%83%BC,施設名の一部一致を含むGoogle Mapsの所在地を優先
エクセルみなみ,茨城県,水戸市,found_google_maps_preferred,エクセルみなみ,茨城県,水戸市,茨城県水戸市宮町1丁目7-31,36.3701153,140.4768074,https://www.google.com/maps/search/?api=1&query=%E3%82%A8%E3%82%AF%E3%82%BB%E3%83%AB%E3%81%BF%E3%81%AA%E3%81%BF,施設名の一部一致を含むGoogle Mapsの所在地を優先
ゆめタウン江津,島根県,江津市,found_google_maps_preferred,ゆめタウン江津,島根県,江津市,島根県江津市嘉久志町2306-30,35.0099867,132.2191645,https://www.google.com/maps/search/?api=1&query=%E3%82%86%E3%82%81%E3%82%BF%E3%82%A6%E3%83%B3%E6%B1%9F%E6%B4%A5,施設名の一部一致を含むGoogle Mapsの所在地を優先
フジグラン山口,山口県,山口市,found_google_maps_preferred,フジグラン山口,山口県,山口市,山口県山口市黒川3736,34.1366836,131.4365361,https://www.google.com/maps/search/?api=1&query=%E3%83%95%E3%82%B8%E3%82%B0%E3%83%A9%E3%83%B3%E5%B1%B1%E5%8F%A3,施設名の一部一致を含むGoogle Mapsの所在地を優先
パワーセンター高知,高知県,高知市,found_google_maps_preferred,パワーセンター高知,高知県,高知市,高知県高知市介良乙317-1,33.5646950,133.6103050,https://www.google.com/maps/search/?api=1&query=%E3%83%91%E3%83%AF%E3%83%BC%E3%82%BB%E3%83%B3%E3%82%BF%E3%83%BC%E9%AB%98%E7%9F%A5,施設名の一部一致を含むGoogle Mapsの所在地を優先
アズ七日町,山形県,山形市,found_google_maps_preferred,アズ七日町,山形県,山形市,山形県山形市七日町1丁目2-39,38.2519918,140.3380578,https://www.google.com/maps/search/?api=1&query=%E3%82%A2%E3%82%BA%E4%B8%83%E6%97%A5%E7%94%BA,施設名の一部一致を含むGoogle Mapsの所在地を優先
武蔵浦和マーレ,埼玉県,さいたま市南区,found_google_maps_preferred,武蔵浦和マーレ,埼玉県,さいたま市南区,埼玉県さいたま市南区白幡5丁目19-19,35.8443543,139.6476732,https://www.google.com/maps/search/?api=1&query=%E6%AD%A6%E8%94%B5%E6%B5%A6%E5%92%8C%E3%83%9E%E3%83%BC%E3%83%AC,施設名の一部一致を含むGoogle Mapsの所在地を優先
ヨシヅヤ津島北テラス,愛知県,津島市,found_google_maps_preferred,ヨシヅヤ津島北テラス,愛知県,津島市,愛知県津島市片岡町60,35.1837383,136.7266532,https://www.google.com/maps/search/?api=1&query=%E3%83%A8%E3%82%B7%E3%83%85%E3%83%A4%E6%B4%A5%E5%B3%B6%E5%8C%97%E3%83%86%E3%83%A9%E3%82%B9,施設名の一部一致を含むGoogle Mapsの所在地を優先
吉祥寺PARCO,東京都,武蔵野市,found_google_maps_preferred,吉祥寺PARCO,東京都,武蔵野市,東京都武蔵野市吉祥寺本町1丁目5-1,35.7036550,139.5779918,https://www.google.com/maps/search/?api=1&query=%E5%90%89%E7%A5%A5%E5%AF%BAPARCO,施設名の一部一致を含むGoogle Mapsの所在地を優先
ヨークタウン新田東,宮城県,仙台市宮城野区,found_google_maps_preferred,ヨークタウン新田東,宮城県,仙台市宮城野区,宮城県仙台市宮城野区新田東3丁目1-5,38.2759278,140.9365838,https://www.google.com/maps/search/?api=1&query=%E3%83%A8%E3%83%BC%E3%82%AF%E3%82%BF%E3%82%A6%E3%83%B3%E6%96%B0%E7%94%B0%E6%9D%B1,施設名の一部一致を含むGoogle Mapsの所在地を優先
じゃんぼスクエア河内長野,大阪府,河内長野市,found_google_maps_preferred,じゃんぼスクエア河内長野,大阪府,河内長野市,大阪府河内長野市西之山町5-20,34.4553442,135.5628039,https://www.google.com/maps/search/?api=1&query=%E3%81%98%E3%82%83%E3%82%93%E3%81%BC%E3%82%B9%E3%82%AF%E3%82%A8%E3%82%A2%E6%B2%B3%E5%86%85%E9%95%B7%E9%87%8E,施設名の一部一致を含むGoogle Mapsの所在地を優先
武生楽市,福井県,越前市,found_google_maps_preferred,武生楽市,福井県,越前市,福井県越前市横市町28-14-1,35.9069762,136.1929830,https://www.google.com/maps/search/?api=1&query=%E6%AD%A6%E7%94%9F%E6%A5%BD%E5%B8%82,施設名の一部一致を含むGoogle Mapsの所在地を優先
ハレノテラス,埼玉県,さいたま市見沼区,found_google_maps_preferred,ハレノテラス,埼玉県,さいたま市見沼区,埼玉県さいたま市見沼区島町393,35.9455659,139.6516390,https://www.google.com/maps/search/?api=1&query=%E3%83%8F%E3%83%AC%E3%83%8E%E3%83%86%E3%83%A9%E3%82%B9,施設名の一部一致を含むGoogle Mapsの所在地を優先
フォレストモール岩出,和歌山県,岩出市,found_google_maps_preferred,フォレストモール岩出,和歌山県,岩出市,和歌山県岩出市中迫147,34.2596328,135.3148374,https://www.google.com/maps/search/?api=1&query=%E3%83%95%E3%82%A9%E3%83%AC%E3%82%B9%E3%83%88%E3%83%A2%E3%83%BC%E3%83%AB%E5%B2%A9%E5%87%BA,施設名の一部一致を含むGoogle Mapsの所在地を優先
センタープラザ西館,兵庫県,神戸市中央区,found_google_maps_preferred,センタープラザ西館,兵庫県,神戸市中央区,兵庫県神戸市中央区三宮町2丁目11-1,34.6911130,135.1911213,https://www.google.com/maps/search/?api=1&query=%E3%82%BB%E3%83%B3%E3%82%BF%E3%83%BC%E3%83%97%E3%83%A9%E3%82%B6%E8%A5%BF%E9%A4%A8,施設名の一部一致を含むGoogle Mapsの所在地を優先
イオンタウン野々市,石川県,野々市市,found_google_maps_preferred,イオンタウン野々市,石川県,野々市市,石川県野々市市白山町4-1,36.5271041,136.6132066,https://www.google.com/maps/search/?api=1&query=%E3%82%A4%E3%82%AA%E3%83%B3%E3%82%BF%E3%82%A6%E3%83%B3%E9%87%8E%E3%80%85%E5%B8%82,施設名の一部一致を含むGoogle Mapsの所在地を優先
フレスポ阿波池田,徳島県,三好市,found_google_maps_preferred,フレスポ阿波池田,徳島県,三好市,徳島県三好市池田町サラダ1612-2,34.0265339,133.8084698,https://www.google.com/maps/search/?api=1&query=%E3%83%95%E3%83%AC%E3%82%B9%E3%83%9D%E9%98%BF%E6%B3%A2%E6%B1%A0%E7%94%B0,施設名の一部一致を含むGoogle Mapsの所在地を優先
イオン白根店,新潟県,新潟市南区,found_google_maps_preferred,イオン白根店,新潟県,新潟市南区,新潟県新潟市南区能登409-2,37.7682625,139.0188262,https://www.google.com/maps/search/?api=1&query=%E3%82%A4%E3%82%AA%E3%83%B3%E7%99%BD%E6%A0%B9%E5%BA%97,施設名の一部一致を含むGoogle Mapsの所在地を優先
ジョイフル国分,大阪府,柏原市,found_google_maps_preferred,ジョイフル国分,大阪府,柏原市,大阪府柏原市国分本町1丁目1-1,34.5668791,135.6360120,https://www.google.com/maps/search/?api=1&query=%E3%82%B8%E3%83%A7%E3%82%A4%E3%83%95%E3%83%AB%E5%9B%BD%E5%88%86,施設名の一部一致を含むGoogle Mapsの所在地を優先
フレスポ長田,大阪府,東大阪市,found_google_maps_preferred,フレスポ長田,大阪府,東大阪市,大阪府東大阪市長田中2丁目5-23,34.6797792,135.5910770,https://www.google.com/maps/search/?api=1&query=%E3%83%95%E3%83%AC%E3%82%B9%E3%83%9D%E9%95%B7%E7%94%B0,施設名の一部一致を含むGoogle Mapsの所在地を優先
ウエストコート姪浜,福岡県,福岡市西区,found_google_maps_preferred,ウエストコート姪浜,福岡県,福岡市西区,福岡県福岡市西区内浜1丁目7,33.5809947,130.3224740,https://www.google.com/maps/search/?api=1&query=%E3%82%A6%E3%82%A8%E3%82%B9%E3%83%88%E3%82%B3%E3%83%BC%E3%83%88%E5%A7%AA%E6%B5%9C,施設名の一部一致を含むGoogle Mapsの所在地を優先
アスティアかさい,兵庫県,加西市,found_google_maps_preferred,アスティアかさい,兵庫県,加西市,兵庫県加西市北条町北条28-1,34.9300229,134.8328703,https://www.google.com/maps/search/?api=1&query=%E3%82%A2%E3%82%B9%E3%83%86%E3%82%A3%E3%82%A2%E3%81%8B%E3%81%95%E3%81%84,施設名の一部一致を含むGoogle Mapsの所在地を優先
プラファ,富山県,氷見市,found_google_maps_preferred,プラファ,富山県,氷見市,富山県氷見市加納484,36.8638944,136.9747250,https://www.google.com/maps/search/?api=1&query=%E3%83%97%E3%83%A9%E3%83%95%E3%82%A1%E6%B0%B7%E8%A6%8B%E3%82%B7%E3%83%A7%E3%83%83%E3%83%94%E3%83%B3%E3%82%B0%E3%82%BB%E3%83%B3%E3%82%BF%E3%83%BC,施設名の一部一致を含むGoogle Mapsの所在地を優先
ホームズさいたま中央店,埼玉県,さいたま市中央区,found_google_maps_preferred,ホームズさいたま中央店,埼玉県,さいたま市中央区,埼玉県さいたま市中央区上落合8丁目3-32,35.8993638,139.6231030,https://www.google.com/maps/search/?api=1&query=%E3%83%9B%E3%83%BC%E3%83%A0%E3%82%BA%E3%81%95%E3%81%84%E3%81%9F%E3%81%BE%E4%B8%AD%E5%A4%AE%E5%BA%97,施設名の一部一致を含むGoogle Mapsの所在地を優先
KITTE (キッテ),東京都,千代田区,found_google_maps_preferred,KITTE (キッテ),東京都,千代田区,東京都千代田区丸の内2丁目7-2,35.6798593,139.7647819,https://www.google.com/maps/search/?api=1&query=KITTE%20%E3%82%AD%E3%83%83%E3%83%86,施設名の一部一致を含むGoogle Mapsの所在地を優先
ベルシティ裾野,静岡県,裾野市,found_google_maps_preferred,ベルシティ裾野,静岡県,裾野市,静岡県裾野市佐野1039,35.1759208,138.9077670,https://www.google.com/maps/search/?api=1&query=%E3%83%99%E3%83%AB%E3%82%B7%E3%83%86%E3%82%A3%E8%A3%BE%E9%87%8E,施設名の一部一致を含むGoogle Mapsの所在地を優先
スカイプラザ,千葉県,柏市,found_google_maps_preferred,スカイプラザ,千葉県,柏市,千葉県柏市柏1丁目1-20,35.8622113,139.9720410,https://www.google.com/maps/search/?api=1&query=%E3%82%B9%E3%82%AB%E3%82%A4%E3%83%97%E3%83%A9%E3%82%B6%20%E6%9F%8F,施設名の一部一致を含むGoogle Mapsの所在地を優先
銀河モール花巻,岩手県,花巻市,found_google_maps_preferred,銀河モール花巻,岩手県,花巻市,岩手県花巻市高木第16地割68-6,39.3860150,141.1348698,https://www.google.com/maps/search/?api=1&query=%E9%8A%80%E6%B2%B3%E3%83%A2%E3%83%BC%E3%83%AB%E8%8A%B1%E5%B7%BB,施設名の一部一致を含むGoogle Mapsの所在地を優先
ゆめタウン江田島,広島県,江田島市,found_google_maps_preferred,ゆめタウン江田島,広島県,江田島市,広島県江田島市大柿町飛渡瀬180,34.2053356,132.4729712,https://www.google.com/maps/search/?api=1&query=%E3%82%86%E3%82%81%E3%82%BF%E3%82%A6%E3%83%B3%E6%B1%9F%E7%94%B0%E5%B3%B6,施設名の一部一致を含むGoogle Mapsの所在地を優先
イトーヨーカドー浦和店,埼玉県,さいたま市浦和区,found_google_maps_preferred,イトーヨーカドー浦和店,埼玉県,さいたま市浦和区,埼玉県さいたま市浦和区仲町1丁目7-1,35.8604010,139.6549800,https://www.google.com/maps/search/?api=1&query=%E3%82%A4%E3%83%88%E3%83%BC%E3%83%A8%E3%83%BC%E3%82%AB%E3%83%89%E3%83%BC%E6%B5%A6%E5%92%8C%E5%BA%97,施設名の一部一致を含むGoogle Mapsの所在地を優先
イオン静内店,北海道,日高郡新ひだか町,found_google_maps_preferred,イオン静内店,北海道,日高郡新ひだか町,北海道日高郡新ひだか町静内末広町2丁目2-1,42.3431819,142.3558371,https://www.google.com/maps/search/?api=1&query=%E3%82%A4%E3%82%AA%E3%83%B3%E9%9D%99%E5%86%85%E5%BA%97,施設名の一部一致を含むGoogle Mapsの所在地を優先
イオンタウン平生,山口県,熊毛郡平生町,found_google_maps_preferred,イオンタウン平生,山口県,熊毛郡平生町,山口県熊毛郡平生町平生町841-1,33.9415908,132.0697877,https://www.google.com/maps/search/?api=1&query=%E3%82%A4%E3%82%AA%E3%83%B3%E3%82%BF%E3%82%A6%E3%83%B3%E5%B9%B3%E7%94%9F,施設名の一部一致を含むGoogle Mapsの所在地を優先
ゆめタウン黒瀬,広島県,東広島市,found_google_maps_preferred,ゆめタウン黒瀬,広島県,東広島市,広島県東広島市黒瀬町楢原100-1,34.3241826,132.6654688,https://www.google.com/maps/search/?api=1&query=%E3%82%86%E3%82%81%E3%82%BF%E3%82%A6%E3%83%B3%E9%BB%92%E7%80%AC,施設名の一部一致を含むGoogle Mapsの所在地を優先
フジグラン西条,愛媛県,西条市,found_google_maps_preferred,フジグラン西条,愛媛県,西条市,愛媛県西条市新田235,33.9252431,133.1826235,https://www.google.com/maps/search/?api=1&query=%E3%83%95%E3%82%B8%E3%82%B0%E3%83%A9%E3%83%B3%E8%A5%BF%E6%9D%A1,施設名の一部一致を含むGoogle Mapsの所在地を優先
イオンタウン伊賀上野,三重県,伊賀市,found_google_maps_preferred,イオンタウン伊賀上野,三重県,伊賀市,三重県伊賀市四十九町1850,34.7476403,136.1359151,https://www.google.com/maps/search/?api=1&query=%E3%82%A4%E3%82%AA%E3%83%B3%E3%82%BF%E3%82%A6%E3%83%B3%E4%BC%8A%E8%B3%80%E4%B8%8A%E9%87%8E,施設名の一部一致を含むGoogle Mapsの所在地を優先
オスカードリーム,大阪府,大阪市住之江区,found_google_maps_preferred,オスカードリーム,大阪府,大阪市住之江区,大阪府大阪市住之江区新北島1丁目2-1,34.6086975,135.4717936,https://www.google.com/maps/search/?api=1&query=%E3%82%AA%E3%82%B9%E3%82%AB%E3%83%BC%E3%83%89%E3%83%AA%E3%83%BC%E3%83%A0,施設名の一部一致を含むGoogle Mapsの所在地を優先
ガーデンパーク和歌山,和歌山県,和歌山市,found_google_maps_preferred,ガーデンパーク和歌山,和歌山県,和歌山市,和歌山県和歌山市松江向鵜ノ島1469-1,34.2391717,135.1535025,https://www.google.com/maps/search/?api=1&query=%E3%82%AC%E3%83%BC%E3%83%87%E3%83%B3%E3%83%91%E3%83%BC%E3%82%AF%E5%92%8C%E6%AD%8C%E5%B1%B1,施設名の一部一致を含むGoogle Mapsの所在地を優先
イオン江北店,佐賀県,杵島郡江北町,found_google_maps_preferred,イオン江北店,佐賀県,杵島郡江北町,佐賀県杵島郡江北町山口1223,33.2165588,130.1625527,https://www.google.com/maps/search/?api=1&query=%E3%82%A4%E3%82%AA%E3%83%B3%E6%B1%9F%E5%8C%97%E5%BA%97,施設名の一部一致を含むGoogle Mapsの所在地を優先
ウエスタンパワーズ,北海道,旭川市,found_google_maps_preferred,ウエスタンパワーズ,北海道,旭川市,北海道旭川市永山12条3丁目,43.7792769,142.4136603,https://www.google.com/maps/search/?api=1&query=%E3%82%A6%E3%82%A8%E3%82%B9%E3%82%BF%E3%83%B3%E3%83%91%E3%83%AF%E3%83%BC%E3%82%BA,施設名の一部一致を含むGoogle Mapsの所在地を優先
イオン鳥取店,鳥取県,鳥取市,found_google_maps_preferred,イオン鳥取店,鳥取県,鳥取市,鳥取県鳥取市天神町1,35.4933047,134.2215962,https://www.google.com/maps/search/?api=1&query=%E3%82%A4%E3%82%AA%E3%83%B3%E9%B3%A5%E5%8F%96%E5%BA%97,施設名の一部一致を含むGoogle Mapsの所在地を優先
フォレストモール京田辺,京都府,京田辺市,found_google_maps_preferred,フォレストモール京田辺,京都府,京田辺市,京都府京田辺市同志社山手1丁目1-1,34.7942448,135.7759628,https://www.google.com/maps/search/?api=1&query=%E3%83%95%E3%82%A9%E3%83%AC%E3%82%B9%E3%83%88%E3%83%A2%E3%83%BC%E3%83%AB%E4%BA%AC%E7%94%B0%E8%BE%BA,施設名の一部一致を含むGoogle Mapsの所在地を優先
グリーンモール山室,富山県,富山市,found_google_maps_preferred,グリーンモール山室,富山県,富山市,富山県富山市山室226-2,36.6784562,137.2353774,https://www.google.com/maps/search/?api=1&query=%E3%82%B0%E3%83%AA%E3%83%BC%E3%83%B3%E3%83%A2%E3%83%BC%E3%83%AB%E5%B1%B1%E5%AE%A4,施設名の一部一致を含むGoogle Mapsの所在地を優先
東京交通会館,東京都,千代田区,found_google_maps_preferred,東京交通会館,東京都,千代田区,東京都千代田区有楽町2丁目10-1,35.6749648,139.7643954,https://www.google.com/maps/search/?api=1&query=%E6%9D%B1%E4%BA%AC%E4%BA%A4%E9%80%9A%E4%BC%9A%E9%A4%A8,施設名の一部一致を含むGoogle Mapsの所在地を優先
フジグラン阿南,徳島県,阿南市,found_google_maps_preferred,フジグラン阿南,徳島県,阿南市,徳島県阿南市領家町土倉10,33.9205020,134.6657487,https://www.google.com/maps/search/?api=1&query=%E3%83%95%E3%82%B8%E3%82%B0%E3%83%A9%E3%83%B3%E9%98%BF%E5%8D%97,施設名の一部一致を含むGoogle Mapsの所在地を優先
イオンタウン東大阪,大阪府,東大阪市,found_google_maps_preferred,イオンタウン東大阪,大阪府,東大阪市,大阪府東大阪市東鴻池町1丁目6-30,34.6939368,135.6174467,https://www.google.com/maps/search/?api=1&query=%E3%82%A4%E3%82%AA%E3%83%B3%E3%82%BF%E3%82%A6%E3%83%B3%E6%9D%B1%E5%A4%A7%E9%98%AA,施設名の一部一致を含むGoogle Mapsの所在地を優先
東京駅一番街,東京都,千代田区,found_google_maps_preferred,東京駅一番街,東京都,千代田区,東京都千代田区丸の内1丁目9-1,35.6819033,139.7684321,https://www.google.com/maps/search/?api=1&query=%E6%9D%B1%E4%BA%AC%E9%A7%85%E4%B8%80%E7%95%AA%E8%A1%97,施設名の一部一致を含むGoogle Mapsの所在地を優先
MEGAドン・キホーテ黒磯店,栃木県,那須塩原市,found_google_maps_preferred,MEGAドン・キホーテ黒磯店,栃木県,那須塩原市,栃木県那須塩原市材木町3-5,36.9746641,140.0491711,https://www.google.com/maps/search/?api=1&query=MEGA%E3%83%89%E3%83%B3%E3%83%BB%E3%82%AD%E3%83%9B%E3%83%BC%E3%83%86%E9%BB%92%E7%A3%AF%E5%BA%97,施設名の一部一致を含むGoogle Mapsの所在地を優先
日比谷シャンテ,東京都,千代田区,found_google_maps_preferred,日比谷シャンテ,東京都,千代田区,東京都千代田区有楽町1丁目2-2,35.6730477,139.7598882,https://www.google.com/maps/search/?api=1&query=%E6%97%A5%E6%AF%94%E8%B0%B7%E3%82%B7%E3%83%A3%E3%83%B3%E3%83%86,施設名の一部一致を含むGoogle Mapsの所在地を優先
アクエル前橋,群馬県,前橋市,found_google_maps_preferred,アクエル前橋,群馬県,前橋市,群馬県前橋市表町2丁目30-8,36.3837990,139.0711334,https://www.google.com/maps/search/?api=1&query=%E3%82%A2%E3%82%AF%E3%82%A8%E3%83%AB%E5%89%8D%E6%A9%8B,施設名の一部一致を含むGoogle Mapsの所在地を優先
プララSUGITA,神奈川県,横浜市磯子区,found_google_maps_preferred,プララSUGITA,神奈川県,横浜市磯子区,神奈川県横浜市磯子区杉田1丁目17-1,35.3836335,139.6163058,https://www.google.com/maps/search/?api=1&query=%E3%83%97%E3%83%A9%E3%83%A9SUGITA,施設名の一部一致を含むGoogle Mapsの所在地を優先
ヨークタウン山田鈎取,宮城県,仙台市太白区,found_google_maps_preferred,ヨークタウン山田鈎取,宮城県,仙台市太白区,宮城県仙台市太白区山田田中前180,38.2160049,140.8368303,https://www.google.com/maps/search/?api=1&query=%E3%83%A8%E3%83%BC%E3%82%AF%E3%82%BF%E3%82%A6%E3%83%B3%E5%B1%B1%E7%94%B0%E9%88%8E%E5%8F%96,施設名の一部一致を含むGoogle Mapsの所在地を優先
ライフガーデン東松山,埼玉県,東松山市,found_google_maps_preferred,ライフガーデン東松山,埼玉県,東松山市,埼玉県東松山市あずま町4丁目3,36.0038950,139.4128204,https://www.google.com/maps/search/?api=1&query=%E3%83%A9%E3%82%A4%E3%83%95%E3%82%AC%E3%83%BC%E3%83%87%E3%83%B3%E6%9D%B1%E6%9D%BE%E5%B1%B1,施設名の一部一致を含むGoogle Mapsの所在地を優先
イオンタウン江別,北海道,江別市,found_google_maps_preferred,イオンタウン江別,北海道,江別市,北海道江別市野幌町10-1,43.0951800,141.5254838,https://www.google.com/maps/search/?api=1&query=%E3%82%A4%E3%82%AA%E3%83%B3%E3%82%BF%E3%82%A6%E3%83%B3%E6%B1%9F%E5%88%A5,施設名の一部一致を含むGoogle Mapsの所在地を優先
フジ夏目店,愛媛県,松山市,found_google_maps_preferred,フジ夏目店,愛媛県,松山市,愛媛県松山市夏目甲79,33.9458554,132.7740319,https://www.google.com/maps/search/?api=1&query=%E3%83%95%E3%82%B8%E5%A4%8F%E7%9B%AE%E5%BA%97,施設名の一部一致を含むGoogle Mapsの所在地を優先
イオンタウン佐野,栃木県,佐野市,found_google_maps_preferred,イオンタウン佐野,栃木県,佐野市,栃木県佐野市浅沼町742,36.3137675,139.5906165,https://www.google.com/maps/search/?api=1&query=%E3%82%A4%E3%82%AA%E3%83%B3%E3%82%BF%E3%82%A6%E3%83%B3%E4%BD%90%E9%87%8E,施設名の一部一致を含むGoogle Mapsの所在地を優先
大崎ニューシティ,東京都,品川区,found_google_maps_preferred,大崎ニューシティ,東京都,品川区,東京都品川区大崎1丁目6-5,35.6201126,139.7291971,https://www.google.com/maps/search/?api=1&query=%E5%A4%A7%E5%B4%8E%E3%83%8B%E3%83%A5%E3%83%BC%E3%82%B7%E3%83%86%E3%82%A3,施設名の一部一致を含むGoogle Mapsの所在地を優先
コムズ安佐パーク,広島県,広島市安佐北区,found_google_maps_preferred,コムズ安佐パーク,広島県,広島市安佐北区,広島県広島市安佐北区安佐町飯室1592,34.5496281,132.4457169,https://www.google.com/maps/search/?api=1&query=%E3%82%B3%E3%83%A0%E3%82%BA%E5%AE%89%E4%BD%90%E3%83%91%E3%83%BC%E3%82%AF,施設名の一部一致を含むGoogle Mapsの所在地を優先
フォレストモール新前橋,群馬県,前橋市,found_google_maps_preferred,フォレストモール新前橋,群馬県,前橋市,群馬県前橋市古市町180-1,36.3761264,139.0446159,https://www.google.com/maps/search/?api=1&query=%E3%83%95%E3%82%A9%E3%83%AC%E3%82%B9%E3%83%88%E3%83%A2%E3%83%BC%E3%83%AB%E6%96%B0%E5%89%8D%E6%A9%8B,施設名の一部一致を含むGoogle Mapsの所在地を優先
パルティ・フジ西条玉津,愛媛県,西条市,found_google_maps_preferred,パルティ・フジ西条玉津,愛媛県,西条市,愛媛県西条市玉津564-1,33.9301376,133.2013862,https://www.google.com/maps/search/?api=1&query=%E3%83%91%E3%83%AB%E3%83%86%E3%82%A3%E3%83%BB%E3%83%95%E3%82%B8%E8%A5%BF%E6%9D%A1%E7%8E%89%E6%B4%A5,施設名の一部一致を含むGoogle Mapsの所在地を優先
MGMパワーセンター境店,茨城県,猿島郡境町,found_google_maps_preferred,MGMパワーセンター境店,茨城県,猿島郡境町,茨城県猿島郡境町山神町1327-1,36.1022285,139.7974815,https://www.google.com/maps/search/?api=1&query=MGM%E3%83%91%E3%83%AF%E3%83%BC%E3%82%BB%E3%83%B3%E3%82%BF%E3%83%BC%E5%A2%83%E5%BA%97,施設名の一部一致を含むGoogle Mapsの所在地を優先
ルミネ町田,東京都,町田市,found_google_maps_preferred,ルミネ町田,東京都,町田市,東京都町田市原町田6丁目1-11,35.5420287,139.4460963,https://www.google.com/maps/search/?api=1&query=%E3%83%AB%E3%83%9F%E3%83%8D%E7%94%BA%E7%94%B0,施設名の一部一致を含むGoogle Mapsの所在地を優先
イオン土山店,兵庫県,明石市,found_google_maps_preferred,イオン土山店,兵庫県,明石市,兵庫県明石市魚住町清水2208-1,34.7216108,134.8928377,https://www.google.com/maps/search/?api=1&query=%E3%82%A4%E3%82%AA%E3%83%B3%E5%9C%9F%E5%B1%B1%E5%BA%97,施設名の一部一致を含むGoogle Mapsの所在地を優先
クレド岡山,岡山県,岡山市北区,found_google_maps_preferred,クレド岡山,岡山県,岡山市北区,岡山県岡山市北区中山下1丁目8-45,34.6627645,133.9267819,https://www.google.com/maps/search/?api=1&query=%E3%82%AF%E3%83%AC%E3%83%89%E5%B2%A1%E5%B1%B1,施設名の一部一致を含むGoogle Mapsの所在地を優先
五反田東急スクエア,東京都,品川区,found_google_maps_preferred,五反田東急スクエア,東京都,品川区,東京都品川区東五反田2丁目1-2,35.6254741,139.7245141,https://www.google.com/maps/search/?api=1&query=%E4%BA%94%E5%8F%8D%E7%94%B0%E6%9D%B1%E6%80%A5%E3%82%B9%E3%82%AF%E3%82%A8%E3%82%A2,施設名の一部一致を含むGoogle Mapsの所在地を優先
アップルヒル,富山県,魚津市,found_google_maps_preferred,アップルヒル,富山県,魚津市,富山県魚津市上村木413,36.8231685,137.4147332,https://www.google.com/maps/search/?api=1&query=%E3%82%A2%E3%83%83%E3%83%97%E3%83%AB%E3%83%92%E3%83%AB%20%E9%AD%9A%E6%B4%A5,施設名の一部一致を含むGoogle Mapsの所在地を優先
イオンタウン浜松葵,静岡県,浜松市中央区,found_google_maps_preferred,イオンタウン浜松葵,静岡県,浜松市中央区,静岡県浜松市中央区葵西3丁目25-1,34.7677198,137.7068991,https://www.google.com/maps/search/?api=1&query=%E3%82%A4%E3%82%AA%E3%83%B3%E3%82%BF%E3%82%A6%E3%83%B3%E6%B5%9C%E6%9D%BE%E8%91%B5,施設名の一部一致を含むGoogle Mapsの所在地を優先
天満屋ハピータウン岡北店,岡山県,岡山市北区,found_google_maps_preferred,天満屋ハピータウン岡北店,岡山県,岡山市北区,岡山県岡山市北区中井町2丁目2-7,34.6794180,133.9283730,https://www.google.com/maps/search/?api=1&query=%E5%A4%A9%E6%BA%80%E5%B1%8B%E3%83%8F%E3%83%94%E3%83%BC%E3%82%BF%E3%82%A6%E3%83%B3%E5%B2%A1%E5%8C%97%E5%BA%97,施設名の一部一致を含むGoogle Mapsの所在地を優先
アクロスモール八王子みなみ野,東京都,八王子市,found_google_maps_preferred,アクロスモール八王子みなみ野,東京都,八王子市,東京都八王子市みなみ野1丁目2-1,35.6307208,139.3290186,https://www.google.com/maps/search/?api=1&query=%E3%82%A2%E3%82%AF%E3%83%AD%E3%82%B9%E3%83%A2%E3%83%BC%E3%83%AB%E5%85%AB%E7%8E%8B%E5%AD%90%E3%81%BF%E3%81%AA%E3%81%BF%E9%87%8E,施設名の一部一致を含むGoogle Mapsの所在地を優先
T-FRONTE (ティーフロンテ),埼玉県,戸田市,found_google_maps_preferred,T-FRONTE (ティーフロンテ),埼玉県,戸田市,埼玉県戸田市新曽662,35.8174293,139.6682867,https://www.google.com/maps/search/?api=1&query=T-FRONTE%20%E3%83%86%E3%82%A3%E3%83%BC%E3%83%95%E3%83%AD%E3%83%B3%E3%83%86,施設名の一部一致を含むGoogle Mapsの所在地を優先
アクロスプラザ杜せきのした,宮城県,名取市,found_google_maps_preferred,アクロスプラザ杜せきのした,宮城県,名取市,宮城県名取市杜せきのした5丁目3-1,38.1636564,140.9010583,https://www.google.com/maps/search/?api=1&query=%E3%82%A2%E3%82%AF%E3%83%AD%E3%82%B9%E3%83%97%E3%83%A9%E3%82%B6%E6%9D%9C%E3%81%9B%E3%81%8D%E3%81%AE%E3%81%97%E3%81%9F,施設名の一部一致を含むGoogle Mapsの所在地を優先
フォレストモール常陸太田,茨城県,常陸太田市,found_google_maps_preferred,フォレストモール常陸太田,茨城県,常陸太田市,茨城県常陸太田市東部土地区画整理事業1街区1画地,36.5421945,140.5315066,https://www.google.com/maps/search/?api=1&query=%E3%83%95%E3%82%A9%E3%83%AC%E3%82%B9%E3%83%88%E3%83%A2%E3%83%BC%E3%83%AB%E5%B8%B8%E9%99%B8%E5%A4%AA%E7%94%B0,施設名の一部一致を含むGoogle Mapsの所在地を優先
the market Place 東大和,東京都,東大和市,found_google_maps_preferred,the market Place 東大和,東京都,東大和市,東京都東大和市立野3丁目1344-1,35.7373311,139.4246083,https://www.google.com/maps/search/?api=1&query=the%20market%20Place%20%E6%9D%B1%E5%A4%A7%E5%92%8C,施設名の一部一致を含むGoogle Mapsの所在地を優先
アプラたかいし,大阪府,高石市,found_google_maps_preferred,アプラたかいし,大阪府,高石市,大阪府高石市綾園1丁目9-1,34.5212395,135.4340709,https://www.google.com/maps/search/?api=1&query=%E3%82%A2%E3%83%97%E3%83%A9%E3%81%9F%E3%81%8B%E3%81%84%E3%81%97,施設名の一部一致を含むGoogle Mapsの所在地を優先
そよら長原駅前,大阪府,大阪市平野区,found_google_maps_preferred,そよら長原駅前,大阪府,大阪市平野区,大阪府大阪市平野区長吉長原東2丁目2-35,34.6022880,135.5746283,https://www.google.com/maps/search/?api=1&query=%E3%81%9D%E3%82%88%E3%82%89%E9%95%B7%E5%8E%9F%E9%A7%85%E5%89%8D,施設名の一部一致を含むGoogle Mapsの所在地を優先
ウェルディ長泉,静岡県,駿東郡長泉町,found_google_maps_preferred,ウェルディ長泉,静岡県,駿東郡長泉町,静岡県駿東郡長泉町下長窪1076-1,35.1486032,138.8908617,https://www.google.com/maps/search/?api=1&query=%E3%82%A6%E3%82%A7%E3%83%AB%E3%83%87%E3%82%A3%E9%95%B7%E6%B3%89,施設名の一部一致を含むGoogle Mapsの所在地を優先
エポカ高根台,千葉県,船橋市,found_google_maps_preferred,エポカ高根台,千葉県,船橋市,千葉県船橋市高根台1丁目2-1,35.7299873,140.0308642,https://www.google.com/maps/search/?api=1&query=%E3%82%A8%E3%83%9D%E3%82%AB%E9%AB%98%E6%A0%B9%E5%8F%B0,施設名の一部一致を含むGoogle Mapsの所在地を優先
町田ジョルナ,東京都,町田市,found_google_maps_preferred,町田ジョルナ,東京都,町田市,東京都町田市原町田6丁目6-14,35.5422920,139.4472429,https://www.google.com/maps/search/?api=1&query=%E7%94%BA%E7%94%B0%E3%82%B8%E3%83%A7%E3%83%AB%E3%83%8A,施設名の一部一致を含むGoogle Mapsの所在地を優先
ソフィアモール,京都府,八幡市,found_google_maps_preferred,ソフィアモール,京都府,八幡市,京都府八幡市欽明台北1,34.8400637,135.7159032,https://www.google.com/maps/search/?api=1&query=%E3%82%BD%E3%83%95%E3%82%A3%E3%82%A2%E3%83%A2%E3%83%BC%E3%83%AB,施設名の一部一致を含むGoogle Mapsの所在地を優先
サンデー仙台卸町店,宮城県,仙台市若林区,found_google_maps_preferred,サンデー仙台卸町店,宮城県,仙台市若林区,宮城県仙台市若林区大和町4丁目19-22,38.2510700,140.9197960,https://www.google.com/maps/search/?api=1&query=%E3%82%B5%E3%83%B3%E3%83%87%E3%83%BC%E4%BB%99%E5%8F%B0%E5%8D%B8%E7%94%BA%E5%BA%97,施設名の一部一致を含むGoogle Mapsの所在地を優先
トピコ アルス,秋田県,秋田市,found_google_maps_preferred,トピコ アルス,秋田県,秋田市,秋田県秋田市中通7丁目1-2,39.7163484,140.1291999,https://www.google.com/maps/search/?api=1&query=%E3%83%88%E3%83%94%E3%82%B3%20%E3%82%A2%E3%83%AB%E3%82%B9,施設名の一部一致を含むGoogle Mapsの所在地を優先
アトレ取手,茨城県,取手市,found_google_maps_preferred,アトレ取手,茨城県,取手市,茨城県取手市中央町2-5,35.8966476,140.0631615,https://www.google.com/maps/search/?api=1&query=%E3%82%A2%E3%83%88%E3%83%AC%E5%8F%96%E6%89%8B,施設名の一部一致を含むGoogle Mapsの所在地を優先
フェニックスガーデンうきのじょう,宮崎県,宮崎市,found_google_maps_preferred,フェニックスガーデンうきのじょう,宮崎県,宮崎市,宮崎県宮崎市柳丸町150,31.9263745,131.4367005,https://www.google.com/maps/search/?api=1&query=%E3%83%95%E3%82%A7%E3%83%8B%E3%83%83%E3%82%AF%E3%82%B9%E3%82%AC%E3%83%BC%E3%83%87%E3%83%B3%E3%81%86%E3%81%8D%E3%81%AE%E3%81%98%E3%82%87%E3%81%86,施設名の一部一致を含むGoogle Mapsの所在地を優先
イオンタウン稲毛長沼,千葉県,千葉市稲毛区,found_google_maps_preferred,イオンタウン稲毛長沼,千葉県,千葉市稲毛区,千葉県千葉市稲毛区長沼町112-2,35.6631701,140.1169626,https://www.google.com/maps/search/?api=1&query=%E3%82%A4%E3%82%AA%E3%83%B3%E3%82%BF%E3%82%A6%E3%83%B3%E7%A8%B2%E6%AF%9B%E9%95%B7%E6%B2%BC,施設名の一部一致を含むGoogle Mapsの所在地を優先
ラフォーレ原宿,東京都,渋谷区,found_google_maps_preferred,ラフォーレ原宿,東京都,渋谷区,東京都渋谷区神宮前1丁目11-6,35.6690773,139.7053959,https://www.google.com/maps/search/?api=1&query=%E3%83%A9%E3%83%95%E3%82%A9%E3%83%BC%E3%83%AC%E5%8E%9F%E5%AE%BF,施設名の一部一致を含むGoogle Mapsの所在地を優先
アメリア町田根岸ショッピングセンター,東京都,町田市,found_google_maps_preferred,アメリア町田根岸ショッピングセンター,東京都,町田市,東京都町田市根岸2丁目18-1,35.5764113,139.4108065,https://www.google.com/maps/search/?api=1&query=%E3%82%A2%E3%83%A1%E3%83%AA%E3%82%A2%E7%94%BA%E7%94%B0%E6%A0%B9%E5%B2%B8%E3%82%B7%E3%83%A7%E3%83%83%E3%83%94%E3%83%B3%E3%82%B0%E3%82%BB%E3%83%B3%E3%82%BF%E3%83%BC,施設名の一部一致を含むGoogle Mapsの所在地を優先
アマゴッタ,兵庫県,尼崎市,found_google_maps_preferred,アマゴッタ,兵庫県,尼崎市,兵庫県尼崎市西大物町12-41,34.7186398,135.4192664,https://www.google.com/maps/search/?api=1&query=%E3%82%A2%E3%83%9E%E3%82%B4%E3%83%83%E3%82%BF,施設名の一部一致を含むGoogle Mapsの所在地を優先
いせさきガーデンズ,群馬県,伊勢崎市,found_google_maps_preferred,いせさきガーデンズ,群馬県,伊勢崎市,群馬県伊勢崎市宮子町3406-3,36.3289469,139.1644330,https://www.google.com/maps/search/?api=1&query=%E3%81%84%E3%81%9B%E3%81%95%E3%81%8D%E3%82%AC%E3%83%BC%E3%83%87%E3%83%B3%E3%82%BA,施設名の一部一致を含むGoogle Mapsの所在地を優先
ライフガーデン茂原,千葉県,茂原市,found_google_maps_preferred,ライフガーデン茂原,千葉県,茂原市,千葉県茂原市六ツ野八貫野2785-1,35.4306699,140.3102465,https://www.google.com/maps/search/?api=1&query=%E3%83%A9%E3%82%A4%E3%83%95%E3%82%AC%E3%83%BC%E3%83%87%E3%83%B3%E8%8C%82%E5%8E%9F,施設名の一部一致を含むGoogle Mapsの所在地を優先
町田マルイ,東京都,町田市,found_google_maps_preferred,町田マルイ,東京都,町田市,東京都町田市原町田6丁目1-6,35.5426224,139.4449627,https://www.google.com/maps/search/?api=1&query=%E7%94%BA%E7%94%B0%E3%83%9E%E3%83%AB%E3%82%A4,施設名の一部一致と都道府県・市区町村一致を含むGoogle Mapsの所在地を優先
経堂コルティ,東京都,世田谷区,found_google_maps_preferred,経堂コルティ,東京都,世田谷区,東京都世田谷区経堂2丁目1-33,35.6518233,139.6361625,https://www.google.com/maps/search/?api=1&query=%E7%B5%8C%E5%A0%82%E3%82%B3%E3%83%AB%E3%83%86%E3%82%A3,施設名の一部一致と都道府県・市区町村一致を含むGoogle Mapsの所在地を優先
バロー大口店,愛知県,丹羽郡大口町,found_google_maps_preferred,バロー大口店,愛知県,丹羽郡大口町,愛知県丹羽郡大口町上小口1丁目754,35.3478667,136.9171512,https://www.google.com/maps/search/?api=1&query=%E3%83%90%E3%83%AD%E3%83%BC%E5%A4%A7%E5%8F%A3%E5%BA%97,施設名の一部一致と都道府県・市区町村一致を含むGoogle Mapsの所在地を優先
フレスポ赤塚,茨城県,水戸市,found_google_maps_preferred,フレスポ赤塚,茨城県,水戸市,茨城県水戸市河和田1丁目1,36.3809182,140.4126210,https://www.google.com/maps/search/?api=1&query=%E3%83%95%E3%83%AC%E3%82%B9%E3%83%9D%E8%B5%A4%E5%A1%9A,施設名の一部一致と都道府県・市区町村一致を含むGoogle Mapsの所在地を優先
アトラス,山口県,萩市,found_google_maps_preferred,アトラス萩,山口県,萩市,山口県萩市御許町42-1,34.4079354,131.4034002,https://www.google.com/maps/search/?api=1&query=%E3%82%A2%E3%83%88%E3%83%A9%E3%82%B9%E8%90%A9,施設名の一部一致と都道府県・市区町村一致を含むGoogle Mapsの所在地を優先
ショッピングタウンピオ,佐賀県,鹿島市,found_google_maps_preferred,ショッピングタウンピオ,佐賀県,鹿島市,佐賀県鹿島市高津原4326-1,33.1102980,130.0955575,https://www.google.com/maps/search/?api=1&query=%E3%82%B7%E3%83%A7%E3%83%83%E3%83%94%E3%83%B3%E3%82%B0%E3%82%BF%E3%82%A6%E3%83%B3%E3%83%94%E3%82%AA,施設名の一部一致と都道府県・市区町村一致を含むGoogle Mapsの所在地を優先
Latov,福島県,いわき市,found_google_maps_preferred,LATOV,福島県,いわき市,福島県いわき市平田町120,37.0567481,140.8918833,https://www.google.com/maps/search/?api=1&query=LATOV%20%E3%83%A9%E3%83%88%E3%83%96,施設名の一部一致と都道府県・市区町村一致を含むGoogle Mapsの所在地を優先
フジグラン北浜,愛媛県,八幡浜市,found_google_maps_preferred,フジグラン北浜,愛媛県,八幡浜市,愛媛県八幡浜市北浜1丁目4-33,33.4613902,132.4211982,https://www.google.com/maps/search/?api=1&query=%E3%83%95%E3%82%B8%E3%82%B0%E3%83%A9%E3%83%B3%E5%8C%97%E6%B5%9C,施設名の一部一致と都道府県・市区町村一致を含むGoogle Mapsの所在地を優先
フォレスタ六甲,兵庫県,神戸市灘区,found_google_maps_preferred,フォレスタ六甲,兵庫県,神戸市灘区,兵庫県神戸市灘区永手町4丁目2-1,34.7161071,135.2386050,https://www.google.com/maps/search/?api=1&query=%E3%83%95%E3%82%A9%E3%83%AC%E3%82%B9%E3%82%BF%E5%85%AD%E7%94%B2,施設名の一部一致と都道府県・市区町村一致を含むGoogle Mapsの所在地を優先
成城コルティ,東京都,世田谷区,found_google_maps_preferred,成城コルティ,東京都,世田谷区,東京都世田谷区成城6丁目5-34,35.6401092,139.5995291,https://www.google.com/maps/search/?api=1&query=%E6%88%90%E5%9F%8E%E3%82%B3%E3%83%AB%E3%83%86%E3%82%A3,施設名の一部一致と都道府県・市区町村一致を含むGoogle Mapsの所在地を優先
and,大阪府,大阪市阿倍野区,found_google_maps_preferred,and,大阪府,大阪市阿倍野区,大阪府大阪市阿倍野区阿倍野筋2丁目1-40,34.6442381,135.5137787,https://www.google.com/maps/search/?api=1&query=and%20%E3%81%82%E3%81%B9%E3%81%AE,施設名の一部一致と都道府県・市区町村一致を含むGoogle Mapsの所在地を優先
tina court (ティナコート),広島県,廿日市市,found_google_maps_preferred,tina court (ティナコート),広島県,廿日市市,広島県廿日市市新宮1丁目9-34,34.3498903,132.3304687,https://www.google.com/maps/search/?api=1&query=tina%20court%20%E3%83%86%E3%82%A3%E3%83%8A%E3%82%B3%E3%83%BC%E3%83%88,施設名の一部一致と都道府県・市区町村一致を含むGoogle Mapsの所在地を優先
東急プラザ新長田,兵庫県,神戸市長田区,found_google_maps_preferred,東急プラザ新長田,兵庫県,神戸市長田区,兵庫県神戸市長田区若松町5丁目5-1,34.6563883,135.1445680,https://www.google.com/maps/search/?api=1&query=%E6%9D%B1%E6%80%A5%E3%83%97%E3%83%A9%E3%82%B6%E6%96%B0%E9%95%B7%E7%94%B0,施設名の一部一致と都道府県・市区町村一致を含むGoogle Mapsの所在地を優先
バロー瀬戸西店,愛知県,瀬戸市,found_google_maps_preferred,バロー瀬戸西店,愛知県,瀬戸市,愛知県瀬戸市西本地町2丁目250,35.2061560,137.0557890,https://www.google.com/maps/search/?api=1&query=%E3%83%90%E3%83%AD%E3%83%BC%E7%80%AC%E6%88%B8%E8%A5%BF%E5%BA%97,施設名の一部一致と都道府県・市区町村一致を含むGoogle Mapsの所在地を優先
メガステージ白河,福島県,白河市,found_google_maps_preferred,メガステージ白河,福島県,白河市,福島県白河市新高山19,37.1170230,140.1919670,https://www.google.com/maps/search/?api=1&query=%E3%83%A1%E3%82%AC%E3%82%B9%E3%83%86%E3%83%BC%E3%82%B8%E7%99%BD%E6%B2%B3,施設名の一部一致と都道府県・市区町村一致を含むGoogle Mapsの所在地を優先
フジグラン十川,香川県,高松市,found_google_maps_preferred,フジグラン十川,香川県,高松市,香川県高松市十川東町55-1,34.2703941,134.1088066,https://www.google.com/maps/search/?api=1&query=%E3%83%95%E3%82%B8%E3%82%B0%E3%83%A9%E3%83%B3%E5%8D%81%E5%B7%9D,施設名の一部一致と都道府県・市区町村一致を含むGoogle Mapsの所在地を優先
イオンタウン酒田,山形県,酒田市,found_google_maps_preferred,イオンタウン酒田,山形県,酒田市,山形県酒田市泉町198,38.9361736,139.8480839,https://www.google.com/maps/search/?api=1&query=%E3%82%A4%E3%82%AA%E3%83%B3%E3%82%BF%E3%82%A6%E3%83%B3%E9%85%92%E7%94%B0,施設名の一部一致と都道府県・市区町村一致を含むGoogle Mapsの所在地を優先
サンタウンプラザすずらん館,奈良県,奈良市,found_google_maps_preferred,サンタウンプラザすずらん館,奈良県,奈良市,奈良県奈良市右京1丁目3-4,34.7238458,135.7889441,https://www.google.com/maps/search/?api=1&query=%E3%82%B5%E3%83%B3%E3%82%BF%E3%82%A6%E3%83%B3%E3%83%97%E3%83%A9%E3%82%B6%E3%81%99%E3%81%9A%E3%82%89%E3%82%93%E9%A4%A8,施設名の一部一致と都道府県・市区町村一致を含むGoogle Mapsの所在地を優先
シャポー船橋,千葉県,船橋市,found_google_maps_preferred,シャポー船橋,千葉県,船橋市,千葉県船橋市本町7丁目1-1,35.7020171,139.9854272,https://www.google.com/maps/search/?api=1&query=%E3%82%B7%E3%83%A3%E3%83%9D%E3%83%BC%E8%88%B9%E6%A9%8B,施設名の一部一致と都道府県・市区町村一致を含むGoogle Mapsの所在地を優先
スーパーセンターオークワ田原本インター店,奈良県,磯城郡田原本町,found_google_maps_preferred,スーパーセンターオークワ田原本インター店,奈良県,磯城郡田原本町,奈良県磯城郡田原本町大字十六面71-1,34.5584708,135.7767873,https://www.google.com/maps/search/?api=1&query=%E3%82%B9%E3%83%BC%E3%83%91%E3%83%BC%E3%82%BB%E3%83%B3%E3%82%BF%E3%83%BC%E3%82%AA%E3%83%BC%E3%82%AF%E3%83%AF%E7%94%B0%E5%8E%9F%E6%9C%AC%E3%82%A4%E3%83%B3%E3%82%BF%E3%83%BC%E5%BA%97,施設名の一部一致と都道府県・市区町村一致を含むGoogle Mapsの所在地を優先
イトーヨーカドー古淵店,神奈川県,相模原市南区,found_google_maps_preferred,イトーヨーカドー古淵店,神奈川県,相模原市南区,神奈川県相模原市南区古淵3丁目13-33,35.5529578,139.4187496,https://www.google.com/maps/search/?api=1&query=%E3%82%A4%E3%83%88%E3%83%BC%E3%83%A8%E3%83%BC%E3%82%AB%E3%83%89%E3%83%BC%E5%8F%A4%E6%B7%B5%E5%BA%97,施設名の一部一致と都道府県・市区町村一致を含むGoogle Mapsの所在地を優先
イオンタウン加古川,兵庫県,加古川市,found_google_maps_preferred,イオンタウン加古川,兵庫県,加古川市,兵庫県加古川市東神吉町出河原862,34.7788832,134.8319019,https://www.google.com/maps/search/?api=1&query=%E3%82%A4%E3%82%AA%E3%83%B3%E3%82%BF%E3%82%A6%E3%83%B3%E5%8A%A0%E5%8F%A4%E5%B7%9D,施設名の一部一致と都道府県・市区町村一致を含むGoogle Mapsの所在地を優先
ラ・フロール橋本,神奈川県,相模原市緑区,found_google_maps_preferred,ラ・フロール橋本,神奈川県,相模原市緑区,神奈川県相模原市緑区西橋本5丁目1-1,35.5972526,139.3375493,https://www.google.com/maps/search/?api=1&query=%E3%83%A9%E3%83%BB%E3%83%95%E3%83%AD%E3%83%BC%E3%83%AB%E6%A9%8B%E6%9C%AC,施設名の一部一致と都道府県・市区町村一致を含むGoogle Mapsの所在地を優先
イオン二日市店,福岡県,筑紫野市,found_google_maps_preferred,イオン二日市店,福岡県,筑紫野市,福岡県筑紫野市二日市北2丁目2-1,33.5028240,130.5187402,https://www.google.com/maps/search/?api=1&query=%E3%82%A4%E3%82%AA%E3%83%B3%E4%BA%8C%E6%97%A5%E5%B8%82%E5%BA%97,施設名の一部一致と都道府県・市区町村一致を含むGoogle Mapsの所在地を優先
グッディプレイス相模原,神奈川県,相模原市中央区,found_google_maps_preferred,グッディプレイス相模原,神奈川県,相模原市中央区,神奈川県相模原市中央区中央1丁目2-1,35.5746197,139.3666109,https://www.google.com/maps/search/?api=1&query=%E3%82%B0%E3%83%83%E3%83%87%E3%82%A3%E3%83%97%E3%83%AC%E3%82%A4%E3%82%B9%E7%9B%B8%E6%A8%A1%E5%8E%9F,施設名の一部一致と都道府県・市区町村一致を含むGoogle Mapsの所在地を優先
イオンタウン大館西,秋田県,大館市,found_google_maps_preferred,イオンタウン大館西,秋田県,大館市,秋田県大館市根下戸新町18-83,40.2736944,140.5291749,https://www.google.com/maps/search/?api=1&query=%E3%82%A4%E3%82%AA%E3%83%B3%E3%82%BF%E3%82%A6%E3%83%B3%E5%A4%A7%E9%A4%A8%E8%A5%BF,施設名の一部一致と都道府県・市区町村一致を含むGoogle Mapsの所在地を優先
岡山一番街,岡山県,岡山市北区,found_google_maps_preferred,岡山一番街,岡山県,岡山市北区,岡山県岡山市北区駅元町一番街地下,34.6645840,133.9187192,https://www.google.com/maps/search/?api=1&query=%E5%B2%A1%E5%B1%B1%E4%B8%80%E7%95%AA%E8%A1%97,施設名の一部一致と都道府県・市区町村一致を含むGoogle Mapsの所在地を優先
パセオ・ダイゴロー西館,京都府,京都市伏見区,found_google_maps_preferred,パセオ・ダイゴロー西館,京都府,京都市伏見区,京都府京都市伏見区醍醐高畑町30番地の1,34.9508442,135.8102557,https://www.google.com/maps/search/?api=1&query=%E3%83%91%E3%82%BB%E3%82%AA%E3%83%BB%E3%83%80%E3%82%A4%E3%82%B4%E3%83%AD%E3%83%BC%E8%A5%BF%E9%A4%A8,施設名の一部一致と都道府県・市区町村一致を含むGoogle Mapsの所在地を優先
イトーヨーカドー相模原店,神奈川県,相模原市南区,found_google_maps_preferred,イトーヨーカドー相模原店,神奈川県,相模原市南区,神奈川県相模原市南区松が枝町17-1,35.5155443,139.4250930,https://www.google.com/maps/search/?api=1&query=%E3%82%A4%E3%83%88%E3%83%BC%E3%83%A8%E3%83%BC%E3%82%AB%E3%83%89%E3%83%BC%E7%9B%B8%E6%A8%A1%E5%8E%9F%E5%BA%97,施設名の一部一致と都道府県・市区町村一致を含むGoogle Mapsの所在地を優先
銀座インズ,東京都,中央区,found_google_maps_preferred,銀座インズ,東京都,中央区,東京都中央区銀座西2丁目2番地先,35.6745464,139.7649618,https://www.google.com/maps/search/?api=1&query=%E9%8A%80%E5%BA%A7%E3%82%A4%E3%83%B3%E3%82%BA,施設名の一部一致と都道府県・市区町村一致を含むGoogle Mapsの所在地を優先
フォレストモール岡谷,長野県,岡谷市,found_google_maps_preferred,フォレストモール岡谷,長野県,岡谷市,長野県岡谷市神明町3丁目1-3,36.0794748,138.0465663,https://www.google.com/maps/search/?api=1&query=フォレストモール岡谷,施設名の一部一致と都道府県・市区町村一致を含むGoogle Mapsの所在地を優先
アクロスプラザ富士宮,静岡県,富士宮市,found_google_maps_preferred,アクロスプラザ富士宮,静岡県,富士宮市,静岡県富士宮市弓沢町500,35.2187412,138.6250049,https://www.google.com/maps/search/?api=1&query=アクロスプラザ富士宮,施設名の一部一致と都道府県・市区町村一致を含むGoogle Mapsの所在地を優先
イオンタウン田崎,熊本県,熊本市西区,found_google_maps_preferred,イオンタウン田崎,熊本県,熊本市西区,熊本県熊本市西区田崎町字下寄380,32.7842838,130.6790023,https://www.google.com/maps/search/?api=1&query=イオンタウン田崎,施設名の一部一致と都道府県・市区町村一致を含むGoogle Mapsの所在地を優先
サンクシティ,奈良県,宇陀市,found_google_maps_preferred,サンクシティ,奈良県,宇陀市,奈良県宇陀市榛原下井足49-1,34.5269117,135.9507882,https://www.google.com/maps/search/?api=1&query=サンクシティ榛原,施設名の一部一致と都道府県・市区町村一致を含むGoogle Mapsの所在地を優先
シャレオ,広島県,広島市中区,found_google_maps_preferred,シャレオ,広島県,広島市中区,広島県広島市中区基町地下街100号,34.3960943,132.4551081,https://www.google.com/maps/search/?api=1&query=紙屋町シャレオ,施設名の一部一致と都道府県・市区町村一致を含むGoogle Mapsの所在地を優先
アトレ松戸,千葉県,松戸市,found_google_maps_preferred,アトレ松戸,千葉県,松戸市,千葉県松戸市松戸1181,35.7849912,139.9004936,https://www.google.com/maps/search/?api=1&query=アトレ松戸,施設名の一部一致と都道府県・市区町村一致を含むGoogle Mapsの所在地を優先
ゆめタウン玉名,熊本県,玉名市,found_google_maps_preferred,ゆめマート玉名,熊本県,玉名市,熊本県玉名市亀甲134,32.9292868,130.5546032,https://www.google.com/maps/search/?api=1&query=ゆめマート玉名,施設名の一部一致と都道府県・市区町村一致を含むGoogle Mapsの所在地を優先
ヨークベニマル米沢店,山形県,米沢市,found_google_maps_preferred,ヨークベニマル米沢店,山形県,米沢市,山形県米沢市駅前三丁目1番88号,37.9122979,140.1248505,https://www.google.com/maps/search/?api=1&query=ヨークベニマル米沢店,施設名の一部一致と都道府県・市区町村一致を含むGoogle Mapsの所在地を優先
日生中央サピエ,兵庫県,川辺郡猪名川町,found_google_maps_preferred,日生中央サピエ,兵庫県,川辺郡猪名川町,兵庫県川辺郡猪名川町松尾台1丁目2-1,34.9065356,135.3921682,https://www.google.com/maps/search/?api=1&query=日生中央サピエ,施設名の一部一致と都道府県・市区町村一致を含むGoogle Mapsの所在地を優先
エトレ豊中,大阪府,豊中市,found_google_maps_preferred,エトレ豊中,大阪府,豊中市,大阪府豊中市玉井町1丁目1-1,34.7869363,135.4613364,https://www.google.com/maps/search/?api=1&query=エトレ豊中,施設名の一部一致と都道府県・市区町村一致を含むGoogle Mapsの所在地を優先
利府ペアガーデン,宮城県,宮城郡利府町,found_google_maps_preferred,利府ペアガーデン,宮城県,宮城郡利府町,宮城県宮城郡利府町加瀬字新前谷地55-1,38.3280138,140.9747881,https://www.google.com/maps/search/?api=1&query=利府ペアガーデン,施設名の一部一致と都道府県・市区町村一致を含むGoogle Mapsの所在地を優先
リファーレ横尾,兵庫県,神戸市須磨区,found_google_maps_preferred,リファーレ横尾,兵庫県,神戸市須磨区,兵庫県神戸市須磨区横尾1丁目5,34.6745578,135.1099581,https://www.google.com/maps/search/?api=1&query=リファーレ横尾,施設名の一部一致と都道府県・市区町村一致を含むGoogle Mapsの所在地を優先
フォレスト三日市,大阪府,河内長野市,found_google_maps_preferred,フォレスト三日市,大阪府,河内長野市,大阪府河内長野市三日市町32番地の1,34.4368407,135.5702071,https://www.google.com/maps/search/?api=1&query=フォレスト三日市,施設名の一部一致と都道府県・市区町村一致を含むGoogle Mapsの所在地を優先
サンリブ臼杵,大分県,臼杵市,found_google_maps_preferred,サンリブ臼杵,大分県,臼杵市,大分県臼杵市大字江無田266-5,33.1255287,131.7900203,https://www.google.com/maps/search/?api=1&query=サンリブ臼杵,施設名の一部一致と都道府県・市区町村一致を含むGoogle Mapsの所在地を優先
アメリア稲城ショッピングセンター,東京都,稲城市,found_google_maps_preferred,アメリア稲城ショッピングセンター,東京都,稲城市,東京都稲城市矢野口2284-1,35.6353144,139.5153593,https://www.google.com/maps/search/?api=1&query=アメリア稲城ショッピングセンター,施設名の一部一致と都道府県・市区町村一致を含むGoogle Mapsの所在地を優先
フェリエ南草津,滋賀県,草津市,found_google_maps_preferred,フェリエ南草津,滋賀県,草津市,滋賀県草津市野路1丁目15-5,35.0030034,135.9477162,https://www.google.com/maps/search/?api=1&query=フェリエ南草津,施設名の一部一致と都道府県・市区町村一致を含むGoogle Mapsの所在地を優先
伊勢みそのショッピングセンター,三重県,伊勢市,found_google_maps_preferred,伊勢みそのショッピングセンター,三重県,伊勢市,三重県伊勢市御薗町長屋2136,34.5069386,136.7142869,https://www.google.com/maps/search/?api=1&query=伊勢みそのショッピングセンター,施設名の一部一致と都道府県・市区町村一致を含むGoogle Mapsの所在地を優先
ルミネ大宮,埼玉県,さいたま市大宮区,found_google_maps_preferred,ルミネ大宮,埼玉県,さいたま市大宮区,埼玉県さいたま市大宮区錦町630,35.8989549,139.6360169,https://www.google.com/maps/search/?api=1&query=ルミネ大宮,施設名の一部一致と都道府県・市区町村一致を含むGoogle Mapsの所在地を優先
Utsunomiya Terrace,栃木県,宇都宮市,found_google_maps_preferred,Utsunomiya Terrace,栃木県,宇都宮市,栃木県宇都宮市宮みらい1-1,36.5596490,139.9001463,https://www.google.com/maps/search/?api=1&query=Utsunomiya%20Terrace,施設名の一部一致と都道府県・市区町村一致を含むGoogle Mapsの所在地を優先
サンリブ府中,広島県,安芸郡府中町,found_google_maps_preferred,サンリブ府中,広島県,安芸郡府中町,広島県安芸郡府中町大須4-2-10,34.3980633,132.5007472,https://www.google.com/maps/search/?api=1&query=サンリブ府中,施設名の一部一致と都道府県・市区町村一致を含むGoogle Mapsの所在地を優先
立花ジョイタウン,兵庫県,尼崎市,found_google_maps_preferred,立花ジョイタウン,兵庫県,尼崎市,兵庫県尼崎市七松町1丁目1-1,34.7372330,135.3987763,https://www.google.com/maps/search/?api=1&query=立花ジョイタウン,施設名の一部一致と都道府県・市区町村一致を含むGoogle Mapsの所在地を優先
ピアゴ菰野店,三重県,三重郡菰野町,found_google_maps_preferred,ピアゴ菰野店,三重県,三重郡菰野町,三重県三重郡菰野町大字竹成字高原3998-7,35.0390309,136.5290465,https://www.google.com/maps/search/?api=1&query=ピアゴ菰野店,施設名の一部一致と都道府県・市区町村一致を含むGoogle Mapsの所在地を優先
エムズタウン幸手,埼玉県,幸手市,found_google_maps_preferred,エムズタウン幸手,埼玉県,幸手市,埼玉県幸手市上高野764,36.0675032,139.7156570,https://www.google.com/maps/search/?api=1&query=エムズタウン幸手,施設名の一部一致と都道府県・市区町村一致を含むGoogle Mapsの所在地を優先
アスティ大垣,岐阜県,大垣市,found_google_maps_preferred,アスティ大垣,岐阜県,大垣市,岐阜県大垣市高屋町1丁目145,35.3667789,136.6177993,https://www.google.com/maps/search/?api=1&query=アスティ大垣,施設名の一部一致と都道府県・市区町村一致を含むGoogle Mapsの所在地を優先
イオンタウン名取,宮城県,名取市,found_google_maps_preferred,イオンタウン名取,宮城県,名取市,宮城県名取市飯野坂3丁目5-10,38.1576582,140.8871488,https://www.google.com/maps/search/?api=1&query=イオンタウン名取,施設名の一部一致と都道府県・市区町村一致を含むGoogle Mapsの所在地を優先
大宮アルシェ,埼玉県,さいたま市大宮区,found_google_maps_preferred,大宮アルシェ,埼玉県,さいたま市大宮区,埼玉県さいたま市大宮区桜木町2丁目1-1,35.9060992,139.6220149,https://www.google.com/maps/search/?api=1&query=大宮アルシェ,施設名の一部一致と都道府県・市区町村一致を含むGoogle Mapsの所在地を優先
エルシティーキャニオン,熊本県,菊池市,found_google_maps_preferred,エルシティーキャニオン,熊本県,菊池市,熊本県菊池市片角290,32.9762765,130.8139795,https://www.google.com/maps/search/?api=1&query=エルシティーキャニオン,施設名の一部一致と都道府県・市区町村一致を含むGoogle Mapsの所在地を優先
イーラde,静岡県,沼津市,found_google_maps_preferred,イーラde,静岡県,沼津市,静岡県沼津市大手町1丁目1-6,35.1021012,138.8584200,https://www.google.com/maps/search/?api=1&query=イーラde,施設名の一部一致と都道府県・市区町村一致を含むGoogle Mapsの所在地を優先
フレスポ本荘,秋田県,由利本荘市,found_google_maps_preferred,フレスポ本荘,秋田県,由利本荘市,秋田県由利本荘市石脇田頭195-2,39.3897524,140.0282204,https://www.google.com/maps/search/?api=1&query=フレスポ本荘,施設名の一部一致と都道府県・市区町村一致を含むGoogle Mapsの所在地を優先
フォレオ大阪ドームシティ,大阪府,大阪市西区,found_google_maps_preferred,フォレオ大阪ドームシティ,大阪府,大阪市西区,大阪府大阪市西区九条南1丁目12-33,34.6691590,135.4735950,https://www.google.com/maps/search/?api=1&query=フォレオ大阪ドームシティ,施設名の一部一致と都道府県・市区町村一致を含むGoogle Mapsの所在地を優先
イルフプラザ,長野県,岡谷市,found_google_maps_preferred,イルフプラザ,長野県,岡谷市,長野県岡谷市中央町1丁目11-1,36.0600560,138.0486884,https://www.google.com/maps/search/?api=1&query=イルフプラザ,施設名の一部一致と都道府県・市区町村一致を含むGoogle Mapsの所在地を優先
そよら金剛,大阪府,大阪狭山市,found_google_maps_preferred,そよら金剛,大阪府,大阪狭山市,大阪府大阪狭山市半田1丁目22,34.4973762,135.5582512,https://www.google.com/maps/search/?api=1&query=そよら金剛,施設名の一部一致と都道府県・市区町村一致を含むGoogle Mapsの所在地を優先
イオンタウン豊中庄内,大阪府,豊中市,found_google_maps_preferred,イオンタウン豊中庄内,大阪府,豊中市,大阪府豊中市庄内西町5丁目1-22,34.7444751,135.4752745,https://www.google.com/maps/search/?api=1&query=イオンタウン豊中庄内,施設名の一部一致と都道府県・市区町村一致を含むGoogle Mapsの所在地を優先
秋葉原ラジオ会館,東京都,千代田区,found_google_maps_preferred,秋葉原ラジオ会館,東京都,千代田区,東京都千代田区外神田1丁目15-16,35.6981145,139.7719922,https://www.google.com/maps/search/?api=1&query=秋葉原ラジオ会館,施設名の一部一致と都道府県・市区町村一致を含むGoogle Mapsの所在地を優先
フォンジェ,新潟県,柏崎市,found_google_maps_preferred,フォンジェ,新潟県,柏崎市,新潟県柏崎市東本町1丁目15-5,37.3695197,138.5570647,https://www.google.com/maps/search/?api=1&query=フォンジェ,施設名の一部一致と都道府県・市区町村一致を含むGoogle Mapsの所在地を優先
イオン湯川店,北海道,函館市,found_google_maps_preferred,イオン湯川店,北海道,函館市,北海道函館市湯川町3丁目14-5,41.7775921,140.7940629,https://www.google.com/maps/search/?api=1&query=イオン湯川店,施設名の一部一致と都道府県・市区町村一致を含むGoogle Mapsの所在地を優先
MOSS,岩手県,盛岡市,found_google_maps_preferred,MOSS,岩手県,盛岡市,岩手県盛岡市大通2丁目8-14,39.7028991,141.1449741,https://www.google.com/maps/search/?api=1&query=MOSS%20盛岡,施設名の一部一致と都道府県・市区町村一致を含むGoogle Mapsの所在地を優先
monaka,岩手県,盛岡市,found_google_maps_preferred,monaka,岩手県,盛岡市,岩手県盛岡市中ノ橋通1丁目6-8,39.6994563,141.1558955,https://www.google.com/maps/search/?api=1&query=monaka%20盛岡,施設名の一部一致と都道府県・市区町村一致を含むGoogle Mapsの所在地を優先
アーニス,北海道,登別市,found_google_maps_preferred,登別中央ショッピングセンター アーニス,北海道,登別市,北海道登別市中央町4丁目11,42.4112356,141.1047957,https://www.google.com/maps/search/?api=1&query=登別中央ショッピングセンター%20アーニス,施設名の一部一致と都道府県・市区町村一致を含むGoogle Mapsの所在地を優先
相鉄ライフさがみ野,神奈川県,海老名市,found_google_maps_preferred,相鉄ライフさがみ野,神奈川県,海老名市,神奈川県海老名市東柏ケ谷3丁目3-15,35.4720098,139.4279047,https://www.google.com/maps/search/?api=1&query=相鉄ライフさがみ野,施設名の一部一致と都道府県・市区町村一致を含むGoogle Mapsの所在地を優先
アクロスプラザ浦安東野,千葉県,浦安市,found_google_maps_preferred,アクロスプラザ浦安東野,千葉県,浦安市,千葉県浦安市東野3丁目4-1,35.6473329,139.8930199,https://www.google.com/maps/search/?api=1&query=アクロスプラザ浦安東野,施設名の一部一致と都道府県・市区町村一致を含むGoogle Mapsの所在地を優先
セレオ相模原,神奈川県,相模原市中央区,found_google_maps_preferred,セレオ相模原,神奈川県,相模原市中央区,神奈川県相模原市中央区相模原1丁目1-3,35.5810683,139.3710112,https://www.google.com/maps/search/?api=1&query=セレオ相模原,施設名の一部一致と都道府県・市区町村一致を含むGoogle Mapsの所在地を優先
アクロスプラザ武雄,佐賀県,武雄市,found_google_maps_preferred,アクロスプラザ武雄,佐賀県,武雄市,佐賀県武雄市武雄町大字富岡12511,33.1984838,130.0335252,https://www.google.com/maps/search/?api=1&query=アクロスプラザ武雄,施設名の一部一致と都道府県・市区町村一致を含むGoogle Mapsの所在地を優先
イオンタウン浜松新橋,静岡県,浜松市中央区,found_google_maps_preferred,イオンタウン浜松新橋,静岡県,浜松市中央区,静岡県浜松市中央区新橋町1400-1,34.6791625,137.7112787,https://www.google.com/maps/search/?api=1&query=イオンタウン浜松新橋,施設名の一部一致と都道府県・市区町村一致を含むGoogle Mapsの所在地を優先
イオンタウン大曲福田,秋田県,大仙市,found_google_maps_preferred,イオンタウン大曲福田,秋田県,大仙市,秋田県大仙市福田町22-23-7,39.4697069,140.4821753,https://www.google.com/maps/search/?api=1&query=イオンタウン大曲福田,施設名の一部一致と都道府県・市区町村一致を含むGoogle Mapsの所在地を優先
アクロスプラザ宝木,栃木県,宇都宮市,found_google_maps_preferred,アクロスプラザ宝木,栃木県,宇都宮市,栃木県宇都宮市細谷町713番地1,36.5846673,139.8521109,https://www.google.com/maps/search/?api=1&query=アクロスプラザ宝木,施設名の一部一致と都道府県・市区町村一致を含むGoogle Mapsの所在地を優先
ベアーズ,大阪府,門真市,found_google_maps_preferred,ベアーズ,大阪府,門真市,大阪府門真市向島町3番35号,34.7472352,135.5808262,https://www.google.com/maps/search/?api=1&query=ベアーズ大日,施設名の一部一致と都道府県・市区町村一致を含むGoogle Mapsの所在地を優先
ミュークリスタル,北海道,札幌市南区,found_google_maps_preferred,ミュークリスタル,北海道,札幌市南区,北海道札幌市南区真駒内幸町2丁目1-12,42.9903993,141.3547328,https://www.google.com/maps/search/?api=1&query=ミュークリスタル,施設名の一部一致と都道府県・市区町村一致を含むGoogle Mapsの所在地を優先
アクロスプラザ西那須野,栃木県,那須塩原市,found_google_maps_preferred,アクロスプラザ西那須野,栃木県,那須塩原市,栃木県那須塩原市太夫塚6丁目232-8,36.8851413,139.9730008,https://www.google.com/maps/search/?api=1&query=アクロスプラザ西那須野,施設名の一部一致と都道府県・市区町村一致を含むGoogle Mapsの所在地を優先
イオンタウン北島,徳島県,板野郡北島町,found_google_maps_preferred,イオンタウン北島,徳島県,板野郡北島町,徳島県板野郡北島町高房字川ノ上2-1,34.1265861,134.5363409,https://www.google.com/maps/search/?api=1&query=イオンタウン北島,施設名の一部一致と都道府県・市区町村一致を含むGoogle Mapsの所在地を優先
あべちか,大阪府,大阪市天王寺区,found_google_maps_preferred,あべちか,大阪府,大阪市天王寺区,大阪府大阪市天王寺区堀越町 アベノ地下街,34.6483036,135.5133333,https://www.google.com/maps/search/?api=1&query=あべちか,施設名の一部一致と都道府県・市区町村一致を含むGoogle Mapsの所在地を優先
イオン三木青山店,兵庫県,三木市,found_google_maps_preferred,イオン三木青山店,兵庫県,三木市,兵庫県三木市志染町青山3-9,34.7795573,135.0364137,https://www.google.com/maps/search/?api=1&query=イオン三木青山店,施設名の一部一致と都道府県・市区町村一致を含むGoogle Mapsの所在地を優先
あさひショッピングセンターアスカ,富山県,下新川郡朝日町,found_google_maps_preferred,あさひショッピングセンターアスカ,富山県,下新川郡朝日町,富山県下新川郡朝日町平柳688,36.9526549,137.5536629,https://www.google.com/maps/search/?api=1&query=あさひショッピングセンターアスカ,施設名の一部一致と都道府県・市区町村一致を含むGoogle Mapsの所在地を優先
えきマチ1丁目佐賀,佐賀県,佐賀市,found_google_maps_preferred,えきマチ1丁目佐賀,佐賀県,佐賀市,佐賀県佐賀市駅前中央1丁目11-20,33.2642915,130.2982059,https://www.google.com/maps/search/?api=1&query=えきマチ1丁目佐賀,施設名の一部一致と都道府県・市区町村一致を含むGoogle Mapsの所在地を優先
レバンテ垂水1番館,兵庫県,神戸市垂水区,found_google_maps_preferred,レバンテ垂水1番館,兵庫県,神戸市垂水区,兵庫県神戸市垂水区日向1-4-1,34.6303469,135.0557056,https://www.google.com/maps/search/?api=1&query=レバンテ垂水1番館,施設名の一部一致と都道府県・市区町村一致を含むGoogle Mapsの所在地を優先
セリオおおまがり,北海道,北広島市,found_google_maps_preferred,セリオおおまがり,北海道,北広島市,北海道北広島市大曲末広1丁目2-1,42.9761189,141.4811936,https://www.google.com/maps/search/?api=1&query=セリオおおまがり,施設名の一部一致と都道府県・市区町村一致を含むGoogle Mapsの所在地を優先
アルク小郡店,山口県,山口市,found_google_maps_preferred,アルク小郡店,山口県,山口市,山口県山口市小郡下郷2273-1,34.0967995,131.3909191,https://www.google.com/maps/search/?api=1&query=アルク小郡店,施設名の一部一致と都道府県・市区町村一致を含むGoogle Mapsの所在地を優先
メイン六甲Aビル,兵庫県,神戸市灘区,found_google_maps_preferred,メイン六甲Aビル,兵庫県,神戸市灘区,兵庫県神戸市灘区深田町4-1-39,34.7147692,135.2390921,https://www.google.com/maps/search/?api=1&query=メイン六甲Aビル,施設名の一部一致と都道府県・市区町村一致を含むGoogle Mapsの所在地を優先
テルプラザ,大阪府,守口市,found_google_maps_preferred,テルプラザ,大阪府,守口市,大阪府守口市河原町10-15,34.7349319,135.5667477,https://www.google.com/maps/search/?api=1&query=テルプラザ,施設名の一部一致と都道府県・市区町村一致を含むGoogle Mapsの所在地を優先
コムボックス佐賀駅前,佐賀県,佐賀市,found_google_maps_preferred,コムボックス佐賀駅前,佐賀県,佐賀市,佐賀県佐賀市駅前中央1丁目4番17号,33.2637318,130.2983584,https://www.google.com/maps/search/?api=1&query=コムボックス佐賀駅前,施設名の一部一致と都道府県・市区町村一致を含むGoogle Mapsの所在地を優先
アクロスプラザ野洲,滋賀県,野洲市,found_google_maps_preferred,アクロスプラザ野洲,滋賀県,野洲市,滋賀県野洲市市三宅1013,35.0683511,136.0178770,https://www.google.com/maps/search/?api=1&query=アクロスプラザ野洲,施設名の一部一致と都道府県・市区町村一致を含むGoogle Mapsの所在地を優先
イオンタウン東加古川,兵庫県,加古川市,found_google_maps_preferred,イオンタウン東加古川,兵庫県,加古川市,兵庫県加古川市平岡町土山850-1,34.7318770,134.8799359,https://www.google.com/maps/search/?api=1&query=イオンタウン東加古川,施設名の一部一致と都道府県・市区町村一致を含むGoogle Mapsの所在地を優先
フレスポ山形北,山形県,山形市,found_google_maps_preferred,フレスポ山形北,山形県,山形市,山形県山形市嶋北2丁目5-17,38.2873789,140.3192877,https://www.google.com/maps/search/?api=1&query=フレスポ山形北,施設名の一部一致と都道府県・市区町村一致を含むGoogle Mapsの所在地を優先
エスパル山形,山形県,山形市,found_google_maps_preferred,エスパル山形,山形県,山形市,山形県山形市香澄町1-1-1,38.2486351,140.3279395,https://www.google.com/maps/search/?api=1&query=エスパル山形,施設名の一部一致と都道府県・市区町村一致を含むGoogle Mapsの所在地を優先
クロステラス盛岡,岩手県,盛岡市,found_google_maps_preferred,クロステラス盛岡,岩手県,盛岡市,岩手県盛岡市大通3丁目4-1,39.7030609,141.1426019,https://www.google.com/maps/search/?api=1&query=クロステラス盛岡,施設名の一部一致と都道府県・市区町村一致を含むGoogle Mapsの所在地を優先
中野マルイ,東京都,中野区,found_google_maps_preferred,中野マルイ,東京都,中野区,東京都中野区中野3丁目34-28,35.7047232,139.6650971,https://www.google.com/maps/search/?api=1&query=中野マルイ,施設名の一部一致と都道府県・市区町村一致を含むGoogle Mapsの所在地を優先
そよら新金岡,大阪府,堺市北区,found_google_maps_preferred,そよら新金岡,大阪府,堺市北区,大阪府堺市北区新金岡町4丁1-11,34.5667709,135.5153555,https://www.google.com/maps/search/?api=1&query=そよら新金岡,施設名の一部一致と都道府県・市区町村一致を含むGoogle Mapsの所在地を優先
オアシス21,愛知県,名古屋市東区,found_google_maps_preferred,オアシス21,愛知県,名古屋市東区,愛知県名古屋市東区東桜1丁目11-1,35.1710880,136.9096446,https://www.google.com/maps/search/?api=1&query=オアシス21,施設名の一部一致と都道府県・市区町村一致を含むGoogle Mapsの所在地を優先
エキーマ今津,兵庫県,西宮市,found_google_maps_preferred,エキーマ今津,兵庫県,西宮市,兵庫県西宮市今津曙町1-1,34.7306436,135.3516091,https://www.google.com/maps/search/?api=1&query=エキーマ今津,施設名の一部一致と都道府県・市区町村一致を含むGoogle Mapsの所在地を優先
アバリーナ千船,大阪府,大阪市西淀川区,found_google_maps_preferred,アバリーナ千船,大阪府,大阪市西淀川区,大阪府大阪市西淀川区佃3丁目1-11,34.7116570,135.4454736,https://www.google.com/maps/search/?api=1&query=アバリーナ千船,施設名の一部一致と都道府県・市区町村一致を含むGoogle Mapsの所在地を優先
アクロスプラザ恵庭,北海道,恵庭市,found_google_maps_preferred,アクロスプラザ恵庭,北海道,恵庭市,北海道恵庭市黄金南7丁目18-1,42.8904027,141.6007154,https://www.google.com/maps/search/?api=1&query=アクロスプラザ恵庭,施設名の一部一致と都道府県・市区町村一致を含むGoogle Mapsの所在地を優先
カリンパショッピングモール,北海道,日高郡新ひだか町,found_google_maps_preferred,静内カリンパ ショッピングモール,北海道,日高郡新ひだか町,北海道日高郡新ひだか町静内木場町2丁目1-28,42.3411669,142.3557986,https://www.google.com/maps/search/?api=1&query=静内カリンパ%20ショッピングモール,施設名の一部一致と都道府県・市区町村一致を含むGoogle Mapsの所在地を優先
下田とうきゅう,静岡県,下田市,found_google_maps_preferred,下田とうきゅう,静岡県,下田市,静岡県下田市東本郷1丁目2-1,34.6780608,138.9457630,https://www.google.com/maps/search/?api=1&query=下田とうきゅう,施設名の一部一致と都道府県・市区町村一致を含むGoogle Mapsの所在地を優先
池袋ショッピングパーク,東京都,豊島区,found_google_maps_preferred,池袋ショッピングパーク,東京都,豊島区,東京都豊島区南池袋1丁目29-1,35.7303469,139.7127307,https://www.google.com/maps/search/?api=1&query=池袋ショッピングパーク,施設名の一部一致と都道府県・市区町村一致を含むGoogle Mapsの所在地を優先
フレスポ阿波座,大阪府,大阪市西区,found_google_maps_preferred,フレスポ阿波座,大阪府,大阪市西区,大阪府大阪市西区立売堀6丁目3-8,34.6795500,135.4845629,https://www.google.com/maps/search/?api=1&query=フレスポ阿波座,施設名の一部一致と都道府県・市区町村一致を含むGoogle Mapsの所在地を優先
ウイングベイ小樽,北海道,小樽市,found_google_maps_preferred,ウイングベイ小樽,北海道,小樽市,北海道小樽市築港11,43.1839146,141.0227333,https://www.google.com/maps/search/?api=1&query=ウイングベイ小樽,施設名の一部一致と都道府県・市区町村一致を含むGoogle Mapsの所在地を優先
イオンタウン豊橋橋良,愛知県,豊橋市,found_google_maps_preferred,イオンタウン豊橋橋良,愛知県,豊橋市,愛知県豊橋市橋良町字向山20-1,34.7396305,137.3799476,https://www.google.com/maps/search/?api=1&query=イオンタウン豊橋橋良,施設名の一部一致と都道府県・市区町村一致を含むGoogle Mapsの所在地を優先
そよら海老江,大阪府,大阪市福島区,found_google_maps_preferred,そよら海老江,大阪府,大阪市福島区,大阪府大阪市福島区海老江1丁目5-52,34.6979092,135.4762601,https://www.google.com/maps/search/?api=1&query=そよら海老江,施設名の一部一致と都道府県・市区町村一致を含むGoogle Mapsの所在地を優先
クラシティ半田,愛知県,半田市,found_google_maps_preferred,クラシティ半田,愛知県,半田市,愛知県半田市広小路町155-3,34.8936862,136.9269046,https://www.google.com/maps/search/?api=1&query=クラシティ半田,施設名の一部一致と都道府県・市区町村一致を含むGoogle Mapsの所在地を優先
イオンタウン新船橋,千葉県,船橋市,found_google_maps_preferred,イオンタウン新船橋,千葉県,船橋市,千葉県船橋市北本町1丁目19-50,35.7110355,139.9821343,https://www.google.com/maps/search/?api=1&query=イオンタウン新船橋,施設名の一部一致と都道府県・市区町村一致を含むGoogle Mapsの所在地を優先
ゆめタウン徳山,広島県,竹原市,found_google_maps_preferred,ゆめタウン徳山,山口県,周南市,山口県周南市青山町1-18,34.042618,131.816513,https://www.google.com/maps/search/?api=1&query=%E3%82%86%E3%82%81%E3%82%BF%E3%82%A6%E3%83%B3%E5%BE%B3%E5%B1%B1,施設名の一部一致とGoogle Maps/公式住所確認を優先。座標は住所を国土地理院で補完
菊池ショッピングプラザ夢空間,熊本県,菊池市,found_google_maps_preferred,菊池ショッピングプラザ夢空間,熊本県,菊池市,熊本県菊池市隈府609-1,32.977142,130.804779,https://www.google.com/maps/search/?api=1&query=%E8%8F%8A%E6%B1%A0%E3%82%B7%E3%83%A7%E3%83%83%E3%83%94%E3%83%B3%E3%82%B0%E3%83%97%E3%83%A9%E3%82%B6%E5%A4%A2%E7%A9%BA%E9%96%93,施設名の一部一致とGoogle Maps/公式住所確認を優先。座標は住所を国土地理院で補完
府中天満屋,東京都,府中市,found_google_maps_preferred,府中天満屋,広島県,府中市,広島県府中市府川町186-1,34.569733,133.236694,https://www.google.com/maps/search/?api=1&query=%E5%BA%9C%E4%B8%AD%E5%A4%A9%E6%BA%80%E5%B1%8B,施設名の一部一致とGoogle Maps/公式住所確認を優先。座標は住所を国土地理院で補完
ルビットタウン戸田,静岡県,静岡市葵区,found_google_maps_preferred,ルビットタウン戸田,愛知県,名古屋市中川区,愛知県名古屋市中川区戸田明正2-110,35.146408,136.806747,https://www.google.com/maps/search/?api=1&query=%E3%83%AB%E3%83%93%E3%83%83%E3%83%88%E3%82%BF%E3%82%A6%E3%83%B3%E6%88%B8%E7%94%B0,施設名の一部一致とGoogle Maps/公式住所確認を優先。座標は住所を国土地理院で補完
シャポー市川,千葉県,市川市,found_google_maps_preferred,シャポー市川,千葉県,市川市,千葉県市川市市川1丁目1-1,35.728970,139.907639,https://www.google.com/maps/search/?api=1&query=%E3%82%B7%E3%83%A3%E3%83%9D%E3%83%BC%E5%B8%82%E5%B7%9D,施設名の一部一致とGoogle Maps/公式住所確認を優先。座標は住所を国土地理院で補完
ista!日進(イスタ日進),埼玉県,さいたま市北区,found_google_maps_preferred,ista!日進(イスタ日進),埼玉県,さいたま市北区,埼玉県さいたま市北区日進町2丁目1916-8,35.935169,139.608902,https://www.google.com/maps/search/?api=1&query=ista%21%E6%97%A5%E9%80%B2%28%E3%82%A4%E3%82%B9%E3%82%BF%E6%97%A5%E9%80%B2%29,施設名の一部一致とGoogle Maps/公式住所確認を優先。座標は住所を国土地理院で補完
グレース神戸,兵庫県,神戸市中央区,found_google_maps_preferred,グレース神戸,兵庫県,神戸市中央区,兵庫県神戸市中央区三宮町2丁目11-1,34.691185,135.190964,https://www.google.com/maps/search/?api=1&query=%E3%82%B0%E3%83%AC%E3%83%BC%E3%82%B9%E7%A5%9E%E6%88%B8,施設名の一部一致とGoogle Maps/公式住所確認を優先。座標は住所を国土地理院で補完
イズミヤショッピングセンター多田,兵庫県,川西市,found_google_maps_preferred,イズミヤショッピングセンター多田,兵庫県,川西市,兵庫県川西市多田桜木1丁目8-3,34.858265,135.416611,https://www.google.com/maps/search/?api=1&query=%E3%82%A4%E3%82%BA%E3%83%9F%E3%83%A4%E3%82%B7%E3%83%A7%E3%83%83%E3%83%94%E3%83%B3%E3%82%B0%E3%82%BB%E3%83%B3%E3%82%BF%E3%83%BC%E5%A4%9A%E7%94%B0,施設名の一部一致とGoogle Maps/公式住所確認を優先。座標は住所を国土地理院で補完
イオンタウン三州山形,長野県,東筑摩郡山形村,found_google_maps_preferred,イオンタウン信州山形,長野県,東筑摩郡山形村,長野県東筑摩郡山形村360,36.168056,137.878891,https://www.google.com/maps/search/?api=1&query=%E3%82%A4%E3%82%AA%E3%83%B3%E3%82%BF%E3%82%A6%E3%83%B3%E4%BF%A1%E5%B7%9E%E5%B1%B1%E5%BD%A2,施設名の一部一致とGoogle Maps/公式住所確認を優先。座標は住所を国土地理院で補完
伊勢丘ショッピングモール(ハローズ伊勢丘店),広島県,福山市,found_google_maps_preferred,伊勢丘ショッピングモール(ハローズ伊勢丘店),広島県,福山市,広島県福山市伊勢丘3丁目3-1,34.502792,133.423355,https://www.google.com/maps/search/?api=1&query=%E4%BC%8A%E5%8B%A2%E4%B8%98%E3%82%B7%E3%83%A7%E3%83%83%E3%83%94%E3%83%B3%E3%82%B0%E3%83%A2%E3%83%BC%E3%83%AB%28%E3%83%8F%E3%83%AD%E3%83%BC%E3%82%BA%E4%BC%8A%E5%8B%A2%E4%B8%98%E5%BA%97%29,施設名の一部一致とGoogle Maps/公式住所確認を優先。座標は住所を国土地理院で補完
イオンタウン満原,長野県,茅野市,found_google_maps_preferred,イオンタウン茅野,長野県,茅野市,長野県茅野市米沢303,36.011982,138.174408,https://www.google.com/maps/search/?api=1&query=%E3%82%A4%E3%82%AA%E3%83%B3%E3%82%BF%E3%82%A6%E3%83%B3%E8%8C%85%E9%87%8E,施設名の一部一致とGoogle Maps/公式住所確認を優先。座標は住所を国土地理院で補完
広島 県 サンモール,広島県,広島市中区,found_google_maps_preferred,サンモール,広島県,広島市中区,広島県広島市中区紙屋町2丁目2-18,34.393864,132.456329,https://www.google.com/maps/search/?api=1&query=%E3%82%B5%E3%83%B3%E3%83%A2%E3%83%BC%E3%83%AB,施設名の一部一致とGoogle Maps/公式住所確認を優先。座標は住所を国土地理院で補完
セントラルパーク,静岡県,静岡市葵区,found_google_maps_preferred,セントラルパーク地下街,愛知県,名古屋市中区,愛知県名古屋市中区錦3丁目15-13,35.171371,136.907822,https://www.google.com/maps/search/?api=1&query=%E3%82%BB%E3%83%B3%E3%83%88%E3%83%A9%E3%83%AB%E3%83%91%E3%83%BC%E3%82%AF%E5%9C%B0%E4%B8%8B%E8%A1%97,施設名の一部一致とGoogle Maps/公式住所確認を優先。座標は住所を国土地理院で補完
三井ショッピングパーク ららテラスHARUMI FLAG,千葉県,流山市,found_google_maps_preferred,三井ショッピングパーク ららテラス HARUMI FLAG,東京都,中央区,東京都中央区晴海5丁目2-31,35.650803,139.774704,https://www.google.com/maps/search/?api=1&query=%E4%B8%89%E4%BA%95%E3%82%B7%E3%83%A7%E3%83%83%E3%83%94%E3%83%B3%E3%82%B0%E3%83%91%E3%83%BC%E3%82%AF%20%E3%82%89%E3%82%89%E3%83%86%E3%83%A9%E3%82%B9%20HARUMI%20FLAG,施設名の一部一致とGoogle Maps/公式住所確認を優先。座標は住所を国土地理院で補完
フラッグス,千葉県,流山市,found_google_maps_preferred,Flags,東京都,新宿区,東京都新宿区新宿3丁目37-1,35.689766,139.701660,https://www.google.com/maps/search/?api=1&query=Flags,施設名の一部一致とGoogle Maps/公式住所確認を優先。座標は住所を国土地理院で補完
ユアエルム青戸,千葉県,流山市,found_google_maps_preferred,ユアエルム青戸,東京都,葛飾区,東京都葛飾区青戸3丁目36-1,35.744938,139.855530,https://www.google.com/maps/search/?api=1&query=%E3%83%A6%E3%82%A2%E3%82%A8%E3%83%AB%E3%83%A0%E9%9D%92%E6%88%B8,施設名の一部一致とGoogle Maps/公式住所確認を優先。座標は住所を国土地理院で補完
VIERRA時田(ビエラ時田),神奈川県,横浜市南区,found_google_maps_preferred,VIERRA蒔田(ビエラ蒔田),神奈川県,横浜市南区,神奈川県横浜市南区花之木町3丁目48-1,35.431335,139.608826,https://www.google.com/maps/search/?api=1&query=VIERRA%E8%92%94%E7%94%B0%28%E3%83%93%E3%82%A8%E3%83%A9%E8%92%94%E7%94%B0%29,施設名の一部一致とGoogle Maps/公式住所確認を優先。座標は住所を国土地理院で補完
MrMax取手店,茨城県,取手市,found_google_maps_preferred,MrMax取手店,茨城県,取手市,茨城県取手市東4丁目5-1,35.889572,140.075546,https://www.google.com/maps/search/?api=1&query=MrMax%E5%8F%96%E6%89%8B%E5%BA%97,施設名の一部一致とGoogle Maps/公式住所確認を優先。座標は住所を国土地理院で補完
岩倉ショッピングセンター (ビアゴハ店、DCM21岩倉店),愛知県,岩倉市,found_google_maps_preferred,岩倉ショッピングセンター(ピアゴ八剱店、DCM21岩倉店),愛知県,岩倉市,愛知県岩倉市八剱町長野1-3,35.294033,136.882553,https://www.google.com/maps/search/?api=1&query=%E5%B2%A9%E5%80%89%E3%82%B7%E3%83%A7%E3%83%83%E3%83%94%E3%83%B3%E3%82%B0%E3%82%BB%E3%83%B3%E3%82%BF%E3%83%BC%28%E3%83%94%E3%82%A2%E3%82%B4%E5%85%AB%E5%89%B1%E5%BA%97%E3%80%81DCM21%E5%B2%A9%E5%80%89%E5%BA%97%29,施設名の一部一致とGoogle Maps/公式住所確認を優先。座標は住所を国土地理院で補完
オー・ストリート紀の川井版,和歌山県,紀の川市,found_google_maps_preferred,オー・ストリート紀の川井阪,和歌山県,紀の川市,和歌山県紀の川市下井阪597,34.259491,135.339676,https://www.google.com/maps/search/?api=1&query=%E3%82%AA%E3%83%BC%E3%83%BB%E3%82%B9%E3%83%88%E3%83%AA%E3%83%BC%E3%83%88%E7%B4%80%E3%81%AE%E5%B7%9D%E4%BA%95%E9%98%AA,施設名の一部一致とGoogle Maps/公式住所確認を優先。座標は住所を国土地理院で補完
バルネス,愛知県,豊明市,found_google_maps_preferred,バルネス,愛知県,豊明市,愛知県豊明市前後町善江1735,35.053013,136.995682,https://www.google.com/maps/search/?api=1&query=%E3%83%90%E3%83%AB%E3%83%8D%E3%82%B9,施設名の一部一致とGoogle Maps/公式住所確認を優先。座標は住所を国土地理院で補完
ザ・スクエア,東京都,多摩市,found_google_maps_preferred,ザ・スクエア,東京都,多摩市,東京都多摩市関戸1丁目1-5,35.651604,139.445862,https://www.google.com/maps/search/?api=1&query=%E3%82%B6%E3%83%BB%E3%82%B9%E3%82%AF%E3%82%A8%E3%82%A2,施設名の一部一致とGoogle Maps/公式住所確認を優先。座標は住所を国土地理院で補完
土浦ビアタウン,茨城県,土浦市,found_google_maps_preferred,土浦ピアタウン,茨城県,土浦市,茨城県土浦市真鍋新町18-13,36.092209,140.208466,https://www.google.com/maps/search/?api=1&query=%E5%9C%9F%E6%B5%A6%E3%83%94%E3%82%A2%E3%82%BF%E3%82%A6%E3%83%B3,施設名の一部一致とGoogle Maps/公式住所確認を優先。座標は住所を国土地理院で補完
ビアゴ尾西店,愛知県,一宮市,found_google_maps_preferred,ピアゴ尾西店,愛知県,一宮市,愛知県一宮市小信中島東鵯平59,35.312378,136.752243,https://www.google.com/maps/search/?api=1&query=%E3%83%94%E3%82%A2%E3%82%B4%E5%B0%BE%E8%A5%BF%E5%BA%97,施設名の一部一致とGoogle Maps/公式住所確認を優先。座標は住所を国土地理院で補完
博多デイトス・AMU EST (アミュエスト),福岡県,福岡市博多区,found_google_maps_preferred,博多デイトス・AMU EST (アミュエスト),福岡県,福岡市博多区,福岡県福岡市博多区博多駅中央街1-1,33.589912,130.420395,https://www.google.com/maps/search/?api=1&query=%E5%8D%9A%E5%A4%9A%E3%83%87%E3%82%A4%E3%83%88%E3%82%B9%E3%83%BBAMU%20EST%20%28%E3%82%A2%E3%83%9F%E3%83%A5%E3%82%A8%E3%82%B9%E3%83%88%29,施設名の一部一致とGoogle Maps/公式住所確認を優先。座標は住所を国土地理院で補完
福岡空港国内線ターミナル,愛媛県,西条市,found_google_maps_preferred,福岡空港国内線ターミナル,福岡県,福岡市博多区,福岡県福岡市博多区下臼井778-1,33.597618,130.444122,https://www.google.com/maps/search/?api=1&query=%E7%A6%8F%E5%B2%A1%E7%A9%BA%E6%B8%AF%E5%9B%BD%E5%86%85%E7%B7%9A%E3%82%BF%E3%83%BC%E3%83%9F%E3%83%8A%E3%83%AB,施設名の一部一致とGoogle Maps/公式住所確認を優先。座標は住所を国土地理院で補完
コミュニティプラザパオ(西部ショッピングセンター),宮崎県,西都市,found_google_maps_preferred,コミュニティプラザパオ(西部ショッピングセンター),宮崎県,西都市,宮崎県西都市小野崎1丁目76,32.106148,131.404343,https://www.google.com/maps/search/?api=1&query=%E3%82%B3%E3%83%9F%E3%83%A5%E3%83%8B%E3%83%86%E3%82%A3%E3%83%97%E3%83%A9%E3%82%B6%E3%83%91%E3%82%AA%28%E8%A5%BF%E9%83%A8%E3%82%B7%E3%83%A7%E3%83%83%E3%83%94%E3%83%B3%E3%82%B0%E3%82%BB%E3%83%B3%E3%82%BF%E3%83%BC%29,施設名の一部一致とGoogle Maps/公式住所確認を優先。座標は住所を国土地理院で補完
UNICUS野田(ウニクス野田),千葉県,野田市,found_google_maps_preferred,UNICUS野田(ウニクス野田),千葉県,野田市,千葉県野田市つつみ野1丁目1-2,35.944630,139.850052,https://www.google.com/maps/search/?api=1&query=UNICUS%E9%87%8E%E7%94%B0%28%E3%82%A6%E3%83%8B%E3%82%AF%E3%82%B9%E9%87%8E%E7%94%B0%29,施設名の一部一致とGoogle Maps/公式住所確認を優先。座標は住所を国土地理院で補完
みどり町モール,広島県,福山市,found_google_maps_preferred,みどり町モール,広島県,福山市,広島県福山市緑町1-30,34.475075,133.370163,https://www.google.com/maps/search/?api=1&query=%E3%81%BF%E3%81%A9%E3%82%8A%E7%94%BA%E3%83%A2%E3%83%BC%E3%83%AB,施設名の一部一致とGoogle Maps/公式住所確認を優先。座標は住所を国土地理院で補完
アトレ竹芝,千葉県,流山市,found_google_maps_preferred,アトレ竹芝,東京都,港区,東京都港区海岸1丁目10-45,35.657009,139.761902,https://www.google.com/maps/search/?api=1&query=%E3%82%A2%E3%83%88%E3%83%AC%E7%AB%B9%E8%8A%9D,施設名の一部一致とGoogle Maps/公式住所確認を優先。座標は住所を国土地理院で補完
イオンタウン熱田千年,静岡県,静岡市葵区,found_google_maps_preferred,イオンタウン熱田千年,愛知県,名古屋市熱田区,愛知県名古屋市熱田区千年1丁目16-30,35.119133,136.898773,https://www.google.com/maps/search/?api=1&query=%E3%82%A4%E3%82%AA%E3%83%B3%E3%82%BF%E3%82%A6%E3%83%B3%E7%86%B1%E7%94%B0%E5%8D%83%E5%B9%B4,施設名の一部一致とGoogle Maps/公式住所確認を優先。座標は住所を国土地理院で補完
オズメッセ21(Aコープおおす),愛媛県,大洲市,found_google_maps_preferred,オズメッセ21(Aコープおおす),愛媛県,大洲市,愛媛県大洲市東大洲1596,33.528889,132.573624,https://www.google.com/maps/search/?api=1&query=%E3%82%AA%E3%82%BA%E3%83%A1%E3%83%83%E3%82%BB21%28A%E3%82%B3%E3%83%BC%E3%83%97%E3%81%8A%E3%81%8A%E3%81%99%29,施設名の一部一致とGoogle Maps/公式住所確認を優先。座標は住所を国土地理院で補完
Maruei Galleria (マルエイ ガレリア),静岡県,静岡市葵区,found_google_maps_preferred,Maruei Galleria (マルエイ ガレリア),愛知県,名古屋市中区,愛知県名古屋市中区栄3丁目3-1,35.168598,136.904709,https://www.google.com/maps/search/?api=1&query=Maruei%20Galleria%20%28%E3%83%9E%E3%83%AB%E3%82%A8%E3%82%A4%20%E3%82%AC%E3%83%AC%E3%83%AA%E3%82%A2%29,施設名の一部一致とGoogle Maps/公式住所確認を優先。座標は住所を国土地理院で補完
サンリブ苅田,福岡県,京都郡苅田町,found_google_maps_preferred,サンリブ苅田,福岡県,京都郡苅田町,福岡県京都郡苅田町殿川町1-7,33.772137,130.984131,https://www.google.com/maps/search/?api=1&query=%E3%82%B5%E3%83%B3%E3%83%AA%E3%83%96%E8%8B%85%E7%94%B0,施設名の一部一致とGoogle Maps/公式住所確認を優先。座標は住所を国土地理院で補完
アトレ目黒1,東京都,品川区,found_google_maps_preferred,アトレ目黒1,東京都,品川区,東京都品川区上大崎2丁目16-9,35.634079,139.716110,https://www.google.com/maps/search/?api=1&query=%E3%82%A2%E3%83%88%E3%83%AC%E7%9B%AE%E9%BB%921,施設名の一部一致とGoogle Maps/公式住所確認を優先。座標は住所を国土地理院で補完
サンビーチ追浜,神奈川県,横須賀市,found_google_maps_preferred,サンビーチ追浜,神奈川県,横須賀市,神奈川県横須賀市追浜本町1丁目28-5,35.316620,139.625565,https://www.google.com/maps/search/?api=1&query=%E3%82%B5%E3%83%B3%E3%83%93%E3%83%BC%E3%83%81%E8%BF%BD%E6%B5%9C,施設名の一部一致とGoogle Maps/公式住所確認を優先。座標は住所を国土地理院で補完
イトーヨーカドー八柱店,千葉県,松戸市,found_google_maps_preferred,イトーヨーカドー八柱店,千葉県,松戸市,千葉県松戸市日暮1丁目15-8,35.790970,139.939789,https://www.google.com/maps/search/?api=1&query=%E3%82%A4%E3%83%88%E3%83%BC%E3%83%A8%E3%83%BC%E3%82%AB%E3%83%89%E3%83%BC%E5%85%AB%E6%9F%B1%E5%BA%97,施設名の一部一致とGoogle Maps/公式住所確認を優先。座標は住所を国土地理院で補完
MEGAドン・キホーテUNY造明店,愛知県,豊明市,found_google_maps_preferred,MEGAドン・キホーテUNY豊明店,愛知県,豊明市,愛知県豊明市三崎町井ノ花5-1,35.051151,137.007309,https://www.google.com/maps/search/?api=1&query=MEGA%E3%83%89%E3%83%B3%E3%83%BB%E3%82%AD%E3%83%9B%E3%83%BC%E3%83%86UNY%E8%B1%8A%E6%98%8E%E5%BA%97,施設名の一部一致とGoogle Maps/公式住所確認を優先。座標は住所を国土地理院で補完
イオンタウン荒尾,熊本県,荒尾市,found_google_maps_preferred,イオンタウン荒尾,熊本県,荒尾市,熊本県荒尾市原万田630-1,33.001457,130.435776,https://www.google.com/maps/search/?api=1&query=%E3%82%A4%E3%82%AA%E3%83%B3%E3%82%BF%E3%82%A6%E3%83%B3%E8%8D%92%E5%B0%BE,施設名の一部一致とGoogle Maps/公式住所確認を優先。座標は住所を国土地理院で補完
アクロスプラザ高陽,広島県,広島市安佐北区,found_google_maps_preferred,アクロスプラザ高陽,広島県,広島市安佐北区,広島県広島市安佐北区深川5丁目30-38,34.480721,132.529892,https://www.google.com/maps/search/?api=1&query=%E3%82%A2%E3%82%AF%E3%83%AD%E3%82%B9%E3%83%97%E3%83%A9%E3%82%B6%E9%AB%98%E9%99%BD,施設名の一部一致とGoogle Maps/公式住所確認を優先。座標は住所を国土地理院で補完
